timestamp_utc,parent_draft_id,parent_draft_name,parent_po,child_draft_id,child_draft_name,child_po,ship_date,available_line_count,remaining_line_count,available_value,total_value,available_percent,split_depth_parent,split_depth_child,reason,dry_run
2026-03-31T20:49:57+00:00,gid://shopify/DraftOrder/1496487002478,#D12368,MM3161055 BO,gid://shopify/DraftOrder/1509453955438,#D19340,MM3161055 BO.2,,2,8,156.0,360.0,43.33,1,2,partial_instock_split,false
2026-03-31T20:51:40+00:00,gid://shopify/DraftOrder/1497148195182,#D12504,553-291308879 (#135),gid://shopify/DraftOrder/1509454414190,#D19342,553-291308879 (#135)-BO,,3,4,129.60,316.80,40.91,0,1,partial_instock_split,false
2026-03-31T20:52:29+00:00,gid://shopify/DraftOrder/1497817383278,#D12750,AB5716370 BO,gid://shopify/DraftOrder/1509454643566,#D19343,AB5716370 BO.2,,3,9,156.0,512.0,30.47,1,2,partial_instock_split,false
2026-03-31T20:52:46+00:00,gid://shopify/DraftOrder/1497922273646,#D12780,3-10013 BO,gid://shopify/DraftOrder/1509454807406,#D19344,3-10013 BO.2,2026-03-16,3,9,156.0,360.0,43.33,1,2,partial_instock_split,false
2026-03-31T20:52:58+00:00,gid://shopify/DraftOrder/1498110296430,#D12800,SK7928327/ SHIP 2/2/26 BO,gid://shopify/DraftOrder/1509454905710,#D19346,SK7928327/ SHIP 2/2/26 BO.2,2026-03-10,3,7,234.0,360.0,65.00,1,2,partial_instock_split,false
2026-03-31T20:53:10+00:00,gid://shopify/DraftOrder/1498206568814,#D12815,MM2818435 BO,gid://shopify/DraftOrder/1509455004014,#D19347,MM2818435 BO.2,2026-01-15,3,2,104.0,156.0,66.67,1,2,partial_instock_split,false
2026-03-31T20:54:06+00:00,gid://shopify/DraftOrder/1498825195886,#D12999,5708882-CL BO,gid://shopify/DraftOrder/1509455561070,#D19348,5708882-CL BO.2,2026-01-30,3,8,156.0,334.0,46.71,1,2,partial_instock_split,false
2026-03-31T20:54:22+00:00,gid://shopify/DraftOrder/1498861404526,#D13020,MM9486238 BO,gid://shopify/DraftOrder/1509455626606,#D19349,MM9486238 BO.2,2026-01-21,3,9,156.0,512.0,30.47,1,2,partial_instock_split,false
2026-03-31T20:54:27+00:00,gid://shopify/DraftOrder/1498861437294,#D13021,KH4983651ATL BO,gid://shopify/DraftOrder/1509455692142,#D19350,KH4983651ATL BO.2,2026-01-21,2,7,104.0,230.0,45.22,1,2,partial_instock_split,false
2026-03-31T20:54:52+00:00,gid://shopify/DraftOrder/1499028521326,#D13108,4668097-CL BO,gid://shopify/DraftOrder/1509455855982,#D19351,4668097-CL BO.2,2026-01-15,3,8,312.0,668.0,46.71,1,2,partial_instock_split,false
2026-03-31T20:54:57+00:00,gid://shopify/DraftOrder/1499028619630,#D13110,SR4370640 BO,gid://shopify/DraftOrder/1509455921518,#D19352,SR4370640 BO.2,2026-01-22,3,8,234.0,564.0,41.49,1,2,partial_instock_split,false
2026-03-31T20:55:15+00:00,gid://shopify/DraftOrder/1499155333486,#D13187,CC3417087  4/1,gid://shopify/DraftOrder/1509456019822,#D19353,CC3417087  4/1-BO,2026-04-01,6,1,208.0,234.0,88.89,0,1,partial_instock_split,false
2026-03-31T20:55:22+00:00,gid://shopify/DraftOrder/1499247804782,#D13208,AB9650646 BO,gid://shopify/DraftOrder/1509456085358,#D19354,AB9650646 BO.2,2026-03-10,5,9,234.0,438.0,53.42,1,2,partial_instock_split,false
2026-03-31T20:55:39+00:00,gid://shopify/DraftOrder/1499351187822,#D13259,VB3910300 BO,gid://shopify/DraftOrder/1509456150894,#D19355,VB3910300 BO.2,2026-01-26,4,1,208.0,260.0,80.00,1,2,partial_instock_split,false
2026-03-31T20:55:45+00:00,gid://shopify/DraftOrder/1499417477486,#D13270,VB2851174 APRIL,gid://shopify/DraftOrder/1509456183662,#D19356,VB2851174 APRIL-BO,2026-04-01,6,9,208.0,386.0,53.89,0,1,partial_instock_split,false
2026-03-31T20:56:00+00:00,gid://shopify/DraftOrder/1499500446062,#D13302,4629396-BF BO,gid://shopify/DraftOrder/1509456249198,#D19357,4629396-BF BO.2,2026-01-26,2,2,104.0,182.0,57.14,1,2,partial_instock_split,false
2026-03-31T20:56:05+00:00,gid://shopify/DraftOrder/1499538915694,#D13325,9833990-BF BO,gid://shopify/DraftOrder/1509456281966,#D19358,9833990-BF BO.2,2026-03-16,5,9,130.0,308.0,42.21,1,2,partial_instock_split,false
2026-03-31T20:56:14+00:00,gid://shopify/DraftOrder/1499590852974,#D13426,1506 BO,gid://shopify/DraftOrder/1509456347502,#D19359,1506 BO.2,2026-03-16,3,8,156.0,308.0,50.65,1,2,partial_instock_split,false
2026-03-31T20:56:35+00:00,gid://shopify/DraftOrder/1499716813166,#D13477,1282026 BO,gid://shopify/DraftOrder/1509456445806,#D19360,1282026 BO.2,2026-01-28,4,9,260.0,616.0,42.21,1,2,partial_instock_split,false
2026-03-31T20:56:47+00:00,gid://shopify/DraftOrder/1499753316718,#D13491,12826VT-LL-TGTG BO,gid://shopify/DraftOrder/1509456511342,#D19361,12826VT-LL-TGTG BO.2,2026-01-28,2,8,208.0,664.0,31.33,1,2,partial_instock_split,false
2026-03-31T20:56:53+00:00,gid://shopify/DraftOrder/1499888812398,#D13815,LL012826-SB BO,gid://shopify/DraftOrder/1509456609646,#D19362,LL012826-SB BO.2,2026-01-28,4,2,338.0,494.0,68.42,1,2,partial_instock_split,false
2026-03-31T20:57:08+00:00,gid://shopify/DraftOrder/1500045017454,#D13870,DO4977 BO,gid://shopify/DraftOrder/1509456675182,#D19363,DO4977 BO.2,2026-01-26,4,9,156.0,486.0,32.10,1,2,partial_instock_split,false
2026-03-31T20:57:16+00:00,gid://shopify/DraftOrder/1500113502574,#D13877,LIFE3.16 BO,gid://shopify/DraftOrder/1509456707950,#D19364,LIFE3.16 BO.2,2026-01-26,4,9,234.0,590.0,39.66,1,2,partial_instock_split,false
2026-03-31T20:57:21+00:00,gid://shopify/DraftOrder/1500194734446,#D13881,JC3318569 BO,gid://shopify/DraftOrder/1509456773486,#D19365,JC3318569 BO.2,2026-01-26,2,2,104.0,182.0,57.14,1,2,partial_instock_split,false
2026-03-31T20:57:26+00:00,gid://shopify/DraftOrder/1500238283118,#D13883,VT1883129 BO,gid://shopify/DraftOrder/1509456806254,#D19366,VT1883129 BO.2,2026-01-26,3,8,234.0,438.0,53.42,1,2,partial_instock_split,false
2026-03-31T20:57:42+00:00,gid://shopify/DraftOrder/1500378562926,#D13913,RG9427240 BO,gid://shopify/DraftOrder/1509456871790,#D19367,RG9427240 BO.2,2026-01-26,4,7,104.0,230.0,45.22,1,2,partial_instock_split,false
2026-03-31T20:57:47+00:00,gid://shopify/DraftOrder/1500378693998,#D13915,22024-LV BO,gid://shopify/DraftOrder/1509456937326,#D19368,22024-LV BO.2,2026-01-29,2,8,1872.0,4200.0,44.57,1,2,partial_instock_split,false
2026-03-31T20:58:03+00:00,gid://shopify/DraftOrder/1500476834158,#D13961,5943369-CL BO,gid://shopify/DraftOrder/1509456970094,#D19369,5943369-CL BO.2,2026-03-16,4,2,260.0,390.0,66.67,1,2,partial_instock_split,false
2026-03-31T20:58:24+00:00,gid://shopify/DraftOrder/1500716663150,#D14068,PJ9826468 BO,gid://shopify/DraftOrder/1509457101166,#D19370,PJ9826468 BO.2,2026-03-16,2,7,234.0,360.0,65.00,1,2,partial_instock_split,false
2026-03-31T20:58:54+00:00,gid://shopify/DraftOrder/1501330735470,#D14308,Stacys BO,gid://shopify/DraftOrder/1509457232238,#D19371,Stacys BO.2,,3,2,468.0,780.0,60.00,1,2,partial_instock_split,false
2026-03-31T20:58:59+00:00,gid://shopify/DraftOrder/1501353476462,#D14389,16367 BO,gid://shopify/DraftOrder/1509457265006,#D19372,16367 BO.2,,3,2,130.0,234.0,55.56,1,2,partial_instock_split,false
2026-03-31T20:59:07+00:00,gid://shopify/DraftOrder/1501507387758,#D14427,AB4047635 BO,gid://shopify/DraftOrder/1509457428846,#D19373,AB4047635 BO.2,2026-02-12,4,9,208.0,438.0,47.49,1,2,partial_instock_split,false
2026-03-31T20:59:15+00:00,gid://shopify/DraftOrder/1501510599022,#D14432,LSKR3669840 BO,gid://shopify/DraftOrder/1509457494382,#D19374,LSKR3669840 BO.2,,3,10,156.0,412.0,37.86,1,2,partial_instock_split,false
2026-03-31T20:59:24+00:00,gid://shopify/DraftOrder/1501737255278,#D14472,SF15022654782 BO,gid://shopify/DraftOrder/1509457592686,#D19375,SF15022654782 BO.2,2026-02-15,3,8,104.0,282.0,36.88,1,2,partial_instock_split,false
2026-03-31T20:59:29+00:00,gid://shopify/DraftOrder/1501755900270,#D14473,VT5054393 BO,gid://shopify/DraftOrder/1509457690990,#D19376,VT5054393 BO.2,2026-02-11,2,1,104.0,156.0,66.67,1,2,partial_instock_split,false
2026-03-31T20:59:43+00:00,gid://shopify/DraftOrder/1502029381998,#D14649,Grigg's 2.20.2026 BO,gid://shopify/DraftOrder/1509457756526,#D19377,Grigg's 2.20.2026 BO.2,,3,8,156.0,486.0,32.10,1,2,partial_instock_split,false
2026-03-31T20:59:49+00:00,gid://shopify/DraftOrder/1502039343470,#D14657,ship in May - send for final approval before,gid://shopify/DraftOrder/1509457789294,#D19378,ship in May - send for final approval before-BO,,10,9,702.0,932.0,75.32,0,1,partial_instock_split,false
2026-03-31T21:00:04+00:00,gid://shopify/DraftOrder/1502068343150,#D14743,MH2216205 BO,gid://shopify/DraftOrder/1509457822062,#D19379,MH2216205 BO.2,2026-02-18,2,9,104.0,308.0,33.77,1,2,partial_instock_split,false
2026-03-31T21:00:31+00:00,gid://shopify/DraftOrder/1502172250478,#D14894,16868 BO,gid://shopify/DraftOrder/1509458116974,#D19380,16868 BO.2,,4,8,208.0,512.0,40.62,1,2,partial_instock_split,false
2026-03-31T21:00:36+00:00,gid://shopify/DraftOrder/1502173331822,#D14896,16867 BO,gid://shopify/DraftOrder/1509458215278,#D19381,16867 BO.2,,4,8,104.0,256.0,40.62,1,2,partial_instock_split,false
2026-03-31T21:01:02+00:00,gid://shopify/DraftOrder/1502527390062,#D14998,SP8829890 BO,gid://shopify/DraftOrder/1509458346350,#D19382,SP8829890 BO.2,,3,8,156.0,334.0,46.71,1,2,partial_instock_split,false
2026-03-31T21:01:26+00:00,gid://shopify/DraftOrder/1502637850990,#D15059,PK7144800 BO,gid://shopify/DraftOrder/1509458477422,#D19383,PK7144800 BO.2,,4,1,104.0,130.0,80.00,1,2,partial_instock_split,false
2026-03-31T21:01:46+00:00,gid://shopify/DraftOrder/1502667047278,#D15078,MINI/CANDLE/ JOURNAL BO,gid://shopify/DraftOrder/1509458510190,#D19384,MINI/CANDLE/ JOURNAL BO.2,,2,8,156.0,360.0,43.33,1,2,partial_instock_split,false
2026-03-31T21:01:57+00:00,gid://shopify/DraftOrder/1502675468654,#D15096,HT021726  BO,gid://shopify/DraftOrder/1509458542958,#D19385,HT021726  BO.2,,3,9,156.0,512.0,30.47,1,2,partial_instock_split,false
2026-03-31T21:02:12+00:00,gid://shopify/DraftOrder/1502697947502,#D15121,LFN022026  BO,gid://shopify/DraftOrder/1509458706798,#D19386,LFN022026  BO.2,,4,1,182.0,234.0,77.78,1,2,partial_instock_split,false
2026-03-31T21:02:20+00:00,gid://shopify/DraftOrder/1502702207342,#D15131,LL022126-SB BO,gid://shopify/DraftOrder/1509458870638,#D19387,LL022126-SB BO.2,,4,9,468.0,1080.0,43.33,1,2,partial_instock_split,false
2026-03-31T21:02:29+00:00,gid://shopify/DraftOrder/1502709252462,#D15142,LN0226 BO,gid://shopify/DraftOrder/1509458936174,#D19388,LN0226 BO.2,,2,8,156.0,486.0,32.10,1,2,partial_instock_split,false
2026-03-31T21:03:00+00:00,gid://shopify/DraftOrder/1502803984750,#D15219,MINI / FL ART BO,gid://shopify/DraftOrder/1509459067246,#D19389,MINI / FL ART BO.2,,3,7,208.0,334.0,62.28,1,2,partial_instock_split,false
2026-03-31T21:03:07+00:00,gid://shopify/DraftOrder/1502807982446,#D15223,4953369-AG BO,gid://shopify/DraftOrder/1509459100014,#D19390,4953369-AG BO.2,,6,7,156.0,282.0,55.32,1,2,partial_instock_split,false
2026-03-31T21:03:20+00:00,gid://shopify/DraftOrder/1502812799342,#D15245,CF4448135 BO,gid://shopify/DraftOrder/1509459198318,#D19391,CF4448135 BO.2,,2,7,156.0,282.0,55.32,1,2,partial_instock_split,false
2026-03-31T21:03:25+00:00,gid://shopify/DraftOrder/1502813159790,#D15247,756007595B  BO,gid://shopify/DraftOrder/1509459231086,#D19392,756007595B  BO.2,2026-03-10,2,7,182.0,434.0,41.94,1,2,partial_instock_split,false
2026-03-31T21:03:30+00:00,gid://shopify/DraftOrder/1502813520238,#D15248,FLART BO,gid://shopify/DraftOrder/1509459296622,#D19393,FLART BO.2,2026-03-10,4,9,208.0,564.0,36.88,1,2,partial_instock_split,false
2026-03-31T21:03:42+00:00,gid://shopify/DraftOrder/1502819549550,#D15264,MM8492306 BO,gid://shopify/DraftOrder/1509459362158,#D19395,MM8492306 BO.2,,3,8,104.0,256.0,40.62,1,2,partial_instock_split,false
2026-03-31T21:03:49+00:00,gid://shopify/DraftOrder/1502821646702,#D15267,LL021226-SB  BO,gid://shopify/DraftOrder/1509459427694,#D19396,LL021226-SB  BO.2,,5,2,260.0,364.0,71.43,1,2,partial_instock_split,false
2026-03-31T21:03:54+00:00,gid://shopify/DraftOrder/1502824235374,#D15268,TD15012648277 BO,gid://shopify/DraftOrder/1509459460462,#D19397,TD15012648277 BO.2,,4,8,104.0,256.0,40.62,1,2,partial_instock_split,false
2026-03-31T21:04:12+00:00,gid://shopify/DraftOrder/1502857429358,#D15293,JC8574861**SHIP 3/23/26****,gid://shopify/DraftOrder/1509459624302,#D19398,JC8574861**SHIP 3/23/26****-BO,2026-03-23,10,1,340.0,366.0,92.90,0,1,partial_instock_split,false
2026-03-31T21:04:27+00:00,gid://shopify/DraftOrder/1502901469550,#D15429,MM1131020 BO,gid://shopify/DraftOrder/1509459722606,#D19399,MM1131020 BO.2,,4,2,130.0,182.0,71.43,1,2,partial_instock_split,false
2026-03-31T21:04:39+00:00,gid://shopify/DraftOrder/1502952817006,#D15450,MM6106501 BO,gid://shopify/DraftOrder/1509459820910,#D19400,MM6106501 BO.2,,3,9,156.0,386.0,40.41,1,2,partial_instock_split,false
2026-03-31T21:04:47+00:00,gid://shopify/DraftOrder/1502955995502,#D15456,CCHG022326 BO,gid://shopify/DraftOrder/1509459951982,#D19401,CCHG022326 BO.2,,2,7,104.0,230.0,45.22,1,2,partial_instock_split,false
2026-03-31T21:04:59+00:00,gid://shopify/DraftOrder/1502977786222,#D15475,LL22526 BO,gid://shopify/DraftOrder/1509459984750,#D19402,LL22526 BO.2,2026-02-25,5,10,312.0,568.0,54.93,1,2,partial_instock_split,false
2026-03-31T21:05:15+00:00,gid://shopify/DraftOrder/1502999839086,#D15494,LG012226YF6 BO,gid://shopify/DraftOrder/1509460083054,#D19404,LG012226YF6 BO.2,,3,1,130.0,156.0,83.33,1,2,partial_instock_split,false
2026-03-31T21:05:19+00:00,gid://shopify/DraftOrder/1503082479982,#D15515,RE6706543 BO,gid://shopify/DraftOrder/1509460148590,#D19405,RE6706543 BO.2,,4,1,104.0,130.0,80.00,1,2,partial_instock_split,false
2026-03-31T21:05:27+00:00,gid://shopify/DraftOrder/1503161713006,#D15520,SP7522313 BO,gid://shopify/DraftOrder/1509460246894,#D19407,SP7522313 BO.2,,5,11,312.0,646.0,48.30,1,2,partial_instock_split,false
2026-03-31T21:05:38+00:00,gid://shopify/DraftOrder/1503725584750,#D15545,JR3828359 / TRACING,gid://shopify/DraftOrder/1509460345198,#D19408,JR3828359 / TRACING-BO,2026-03-16,3,8,156.0,334.0,46.71,0,1,partial_instock_split,false
2026-03-31T21:05:46+00:00,gid://shopify/DraftOrder/1503836602734,#D15574,PK8086258 BO,gid://shopify/DraftOrder/1509460509038,#D19409,PK8086258 BO.2,2026-02-20,2,1,208.0,312.0,66.67,1,2,partial_instock_split,false
2026-03-31T21:05:56+00:00,gid://shopify/DraftOrder/1503923372398,#D15612,HRUSKASLIFELINES - BO1,gid://shopify/DraftOrder/1509460607342,#D19411,HRUSKASLIFELINES - BO1.2,,3,2,156.0,260.0,60.00,1,2,partial_instock_split,false
2026-03-31T21:06:02+00:00,gid://shopify/DraftOrder/1503923405166,#D15613,HRUSKASLIFELINES - BO2,gid://shopify/DraftOrder/1509460640110,#D19412,HRUSKASLIFELINES - BO2.2,,2,8,156.0,334.0,46.71,1,2,partial_instock_split,false
2026-03-31T21:06:13+00:00,gid://shopify/DraftOrder/1503941460334,#D15641,LE373LL0226 BO,gid://shopify/DraftOrder/1509460771182,#D19413,LE373LL0226 BO.2,2026-02-27,5,11,260.0,568.0,45.77,1,2,partial_instock_split,false
2026-03-31T21:06:18+00:00,gid://shopify/DraftOrder/1503944049006,#D15642,LE070LL0226 BO,gid://shopify/DraftOrder/1509460836718,#D19414,LE070LL0226 BO.2,2026-02-27,5,3,260.0,390.0,66.67,1,2,partial_instock_split,false
2026-03-31T21:06:31+00:00,gid://shopify/DraftOrder/1503956402542,#D15654,METALLIC/ TRACING BO,gid://shopify/DraftOrder/1509460902254,#D19415,METALLIC/ TRACING BO.2,,3,1,208.0,260.0,80.00,1,2,partial_instock_split,false
2026-03-31T21:07:00+00:00,gid://shopify/DraftOrder/1504433766766,#D15735,7845 BO,gid://shopify/DraftOrder/1509461033326,#D19417,7845 BO.2,,2,1,156.0,234.0,66.67,1,2,partial_instock_split,false
2026-03-31T21:07:11+00:00,gid://shopify/DraftOrder/1504440156526,#D15744,SF0361302N BO,gid://shopify/DraftOrder/1509461098862,#D19418,SF0361302N BO.2,,4,2,416.0,572.0,72.73,1,2,partial_instock_split,false
2026-03-31T21:07:22+00:00,gid://shopify/DraftOrder/1504454541678,#D15754,DG2145983 - BO1,gid://shopify/DraftOrder/1509461197166,#D19419,DG2145983 - BO1.2,,3,1,104.0,156.0,66.67,1,2,partial_instock_split,false
2026-03-31T21:07:33+00:00,gid://shopify/DraftOrder/1504479019374,#D15855,6832-JC BO,gid://shopify/DraftOrder/1509461262702,#D19420,6832-JC BO.2,,3,1,156.0,208.0,75.00,1,2,partial_instock_split,false
2026-03-31T21:08:48+00:00,gid://shopify/DraftOrder/1505022181742,#D16037,MM1634667 - BO1,gid://shopify/DraftOrder/1509461688686,#D19423,MM1634667 - BO1.2,,3,1,234.0,312.0,75.00,1,2,partial_instock_split,false
2026-03-31T21:08:56+00:00,gid://shopify/DraftOrder/1505022312814,#D16041,MM1634667 - BO5,gid://shopify/DraftOrder/1509461754222,#D19424,MM1634667 - BO5.2,,2,2,156.0,274.0,56.93,1,2,partial_instock_split,false
2026-03-31T21:09:19+00:00,gid://shopify/DraftOrder/1505111867758,#D16064,Hobby  BO Flow - BO5,gid://shopify/DraftOrder/1509461786990,#D19425,Hobby  BO Flow - BO5.2,,2,1,104.0,130.0,80.00,1,2,partial_instock_split,false
2026-03-31T21:09:41+00:00,gid://shopify/DraftOrder/1505112555886,#D16077,JB010526 - BO5,gid://shopify/DraftOrder/1509462081902,#D19427,JB010526 - BO5.2,,2,2,104.0,170.0,61.18,1,2,partial_instock_split,false
2026-03-31T21:09:57+00:00,gid://shopify/DraftOrder/1505113145710,#D16087,BW7936 - BO5,gid://shopify/DraftOrder/1509462311278,#D19428,BW7936 - BO5.2,,2,1,156.0,182.0,85.71,1,2,partial_instock_split,false
2026-03-31T21:10:08+00:00,gid://shopify/DraftOrder/1505114915182,#D16094,Oil - BO5,gid://shopify/DraftOrder/1509462409582,#D19430,Oil - BO5.2,,2,1,104.0,208.0,50.00,1,2,partial_instock_split,false
2026-03-31T21:10:15+00:00,gid://shopify/DraftOrder/1505114980718,#D16096,lfn-011226 - BO1,gid://shopify/DraftOrder/1509462475118,#D19431,lfn-011226 - BO1.2,,2,8,156.0,334.0,46.71,1,2,partial_instock_split,false
2026-03-31T21:11:39+00:00,gid://shopify/DraftOrder/1505155776878,#D16158,MM7590719 - BO5,gid://shopify/DraftOrder/1509463359854,#D19433,MM7590719 - BO5.2,,2,1,104.0,156.0,66.67,1,2,partial_instock_split,false
2026-03-31T21:11:55+00:00,gid://shopify/DraftOrder/1505156759918,#D16170,VB4922513 - BO1,gid://shopify/DraftOrder/1509463523694,#D19434,VB4922513 - BO1.2,,3,9,156.0,386.0,40.41,1,2,partial_instock_split,false
2026-03-31T21:12:52+00:00,gid://shopify/DraftOrder/1505206468974,#D16228,RJ1812524 - BO1,gid://shopify/DraftOrder/1509463720302,#D19435,RJ1812524 - BO1.2,,2,7,156.0,408.0,38.24,1,2,partial_instock_split,false
2026-03-31T21:13:05+00:00,gid://shopify/DraftOrder/1505209188718,#D16239,TCC BO - BO5,gid://shopify/DraftOrder/1509463785838,#D19436,TCC BO - BO5.2,,2,2,624.0,1176.0,53.06,1,2,partial_instock_split,false
2026-03-31T21:13:12+00:00,gid://shopify/DraftOrder/1505209778542,#D16242,9183189-JO - BO1,gid://shopify/DraftOrder/1509463818606,#D19437,9183189-JO - BO1.2,,4,2,208.0,286.0,72.73,1,2,partial_instock_split,false
2026-03-31T21:14:49+00:00,gid://shopify/DraftOrder/1505229144430,#D16319,4273429-CL - BO1,gid://shopify/DraftOrder/1509464211822,#D19438,4273429-CL - BO1.2,,2,8,104.0,282.0,36.88,1,2,partial_instock_split,false
2026-03-31T21:15:10+00:00,gid://shopify/DraftOrder/1505233011054,#D16331,EF08012642336 - BO1,gid://shopify/DraftOrder/1509464310126,#D19439,EF08012642336 - BO1.2,,4,9,130.0,360.0,36.11,1,2,partial_instock_split,false
2026-03-31T21:15:42+00:00,gid://shopify/DraftOrder/1505238155630,#D16350,MM6841310 - BO1,gid://shopify/DraftOrder/1509464375662,#D19440,MM6841310 - BO1.2,,2,9,104.0,308.0,33.77,1,2,partial_instock_split,false
2026-03-31T21:16:05+00:00,gid://shopify/DraftOrder/1505249788270,#D16376,MM8318518 - BO5,gid://shopify/DraftOrder/1509464605038,#D19441,MM8318518 - BO5.2,,2,1,104.0,130.0,80.00,1,2,partial_instock_split,false
2026-03-31T21:16:12+00:00,gid://shopify/DraftOrder/1505249952110,#D16378,VF-6702224 - BO1,gid://shopify/DraftOrder/1509464670574,#D19442,VF-6702224 - BO1.2,,4,2,156.0,234.0,66.67,1,2,partial_instock_split,false
2026-03-31T21:16:32+00:00,gid://shopify/DraftOrder/1505250607470,#D16390,60115-LL - BO1,gid://shopify/DraftOrder/1509464736110,#D19443,60115-LL - BO1.2,,3,8,156.0,334.0,46.71,1,2,partial_instock_split,false
2026-03-31T21:17:05+00:00,gid://shopify/DraftOrder/1505251983726,#D16414,YF3740903CY - BO1,gid://shopify/DraftOrder/1509464932718,#D19444,YF3740903CY - BO1.2,,5,9,206.0,510.0,40.39,1,2,partial_instock_split,false
2026-03-31T21:18:12+00:00,gid://shopify/DraftOrder/1505254375790,#D16462,AB5921861 - BO5,gid://shopify/DraftOrder/1509465227630,#D19445,AB5921861 - BO5.2,,2,1,104.0,130.0,80.00,1,2,partial_instock_split,false
2026-03-31T21:18:23+00:00,gid://shopify/DraftOrder/1505254605166,#D16467,AB7709041 - BO1,gid://shopify/DraftOrder/1509465260398,#D19446,AB7709041 - BO1.2,,5,4,260.0,468.0,55.56,1,2,partial_instock_split,false
2026-03-31T21:18:39+00:00,gid://shopify/DraftOrder/1505255063918,#D16477,MA8823246 - BO1,gid://shopify/DraftOrder/1509465358702,#D19447,MA8823246 - BO1.2,,2,2,104.0,208.0,50.00,1,2,partial_instock_split,false
2026-03-31T21:18:54+00:00,gid://shopify/DraftOrder/1505255391598,#D16485,4536 - BO1,gid://shopify/DraftOrder/1509465555310,#D19448,4536 - BO1.2,,3,8,234.0,412.0,56.80,1,2,partial_instock_split,false
2026-03-31T21:19:27+00:00,gid://shopify/DraftOrder/1505256374638,#D16506,indigo BO - BO5,gid://shopify/DraftOrder/1509465686382,#D19449,indigo BO - BO5.2,,2,1,312.0,468.0,66.67,1,2,partial_instock_split,false
2026-03-31T21:19:48+00:00,gid://shopify/DraftOrder/1505256931694,#D16517,kg8456753-DE - BO5,gid://shopify/DraftOrder/1509465850222,#D19451,kg8456753-DE - BO5.2,,2,2,104.0,250.0,41.60,1,2,partial_instock_split,false
2026-03-31T21:19:55+00:00,gid://shopify/DraftOrder/1505256997230,#D16519,2803599-CL - BO1,gid://shopify/DraftOrder/1509465882990,#D19452,2803599-CL - BO1.2,,5,9,130.0,308.0,42.21,1,2,partial_instock_split,false
2026-03-31T21:20:16+00:00,gid://shopify/DraftOrder/1505257718126,#D16534,JC9039092 - BO1,gid://shopify/DraftOrder/1509465948526,#D19453,JC9039092 - BO1.2,,2,8,104.0,282.0,36.88,1,2,partial_instock_split,false
2026-03-31T21:20:27+00:00,gid://shopify/DraftOrder/1505258144110,#D16543,AL1497998 - BO1,gid://shopify/DraftOrder/1509465981294,#D19454,AL1497998 - BO1.2,,6,9,160.0,338.0,47.34,1,2,partial_instock_split,false
2026-03-31T21:20:52+00:00,gid://shopify/DraftOrder/1505258897774,#D16558,26016 - BO5,gid://shopify/DraftOrder/1509466079598,#D19455,26016 - BO5.2,,2,2,104.0,170.0,61.18,1,2,partial_instock_split,false
2026-03-31T21:21:09+00:00,gid://shopify/DraftOrder/1505259422062,#D16568,MM9486238 - BO5,gid://shopify/DraftOrder/1509466145134,#D19456,MM9486238 - BO5.2,,2,1,130.0,182.0,71.43,1,2,partial_instock_split,false
2026-03-31T21:21:21+00:00,gid://shopify/DraftOrder/1505259716974,#D16574,CC5548055 - BO5,gid://shopify/DraftOrder/1509466210670,#D19457,CC5548055 - BO5.2,,2,1,208.0,312.0,66.67,1,2,partial_instock_split,false
2026-03-31T21:21:31+00:00,gid://shopify/DraftOrder/1505259946350,#D16579,TJ5669845 - BO5,gid://shopify/DraftOrder/1509466243438,#D19458,TJ5669845 - BO5.2,,2,1,104.0,130.0,80.00,1,2,partial_instock_split,false
2026-03-31T21:21:54+00:00,gid://shopify/DraftOrder/1505282785646,#D16612,NC6450319 BO - BO1,gid://shopify/DraftOrder/1509466472814,#D19459,NC6450319 BO - BO1.2,,3,9,208.0,386.0,53.89,1,2,partial_instock_split,false
2026-03-31T21:22:03+00:00,gid://shopify/DraftOrder/1505282949486,#D16617,AB5936016 BO - BO1,gid://shopify/DraftOrder/1509466538350,#D19460,AB5936016 BO - BO1.2,,4,9,208.0,564.0,36.88,1,2,partial_instock_split,false
2026-03-31T21:22:11+00:00,gid://shopify/DraftOrder/1505283408238,#D16621,AB5936016 BO - BO5,gid://shopify/DraftOrder/1509466603886,#D19461,AB5936016 BO - BO5.2,,2,1,182.0,260.0,70.00,1,2,partial_instock_split,false
2026-03-31T21:22:18+00:00,gid://shopify/DraftOrder/1505283506542,#D16623,MVHG022826 - BO1,gid://shopify/DraftOrder/1509466636654,#D19462,MVHG022826 - BO1.2,,2,7,260.0,512.0,50.78,1,2,partial_instock_split,false
2026-03-31T21:22:37+00:00,gid://shopify/DraftOrder/1505284063598,#D16638,RG1488420 - BO1,gid://shopify/DraftOrder/1509466767726,#D19464,RG1488420 - BO1.2,,4,8,104.0,256.0,40.62,1,2,partial_instock_split,false
2026-03-31T21:22:58+00:00,gid://shopify/DraftOrder/1505284686190,#D16656,DW3246467 BO - BO1,gid://shopify/DraftOrder/1509466800494,#D19465,DW3246467 BO - BO1.2,,2,1,156.0,234.0,66.67,1,2,partial_instock_split,false
2026-03-31T21:23:59+00:00,gid://shopify/DraftOrder/1505286652270,#D16707,JM7132849 - BO1,gid://shopify/DraftOrder/1509467062638,#D19466,JM7132849 - BO1.2,,3,1,156.0,208.0,75.00,1,2,partial_instock_split,false
2026-03-31T21:24:19+00:00,gid://shopify/DraftOrder/1505287307630,#D16725,JM7132849 - BO1,gid://shopify/DraftOrder/1509467160942,#D19467,JM7132849 - BO1.2,,3,10,208.0,438.0,47.49,1,2,partial_instock_split,false
2026-03-31T21:24:35+00:00,gid://shopify/DraftOrder/1505287766382,#D16737,DE3348041 - BO5,gid://shopify/DraftOrder/1509467292014,#D19468,DE3348041 - BO5.2,,2,1,104.0,156.0,66.67,1,2,partial_instock_split,false
2026-03-31T21:24:50+00:00,gid://shopify/DraftOrder/1505288159598,#D16746,JC8574861 - BO1,gid://shopify/DraftOrder/1509467324782,#D19469,JC8574861 - BO1.2,,4,1,156.0,208.0,75.00,1,2,partial_instock_split,false
2026-03-31T21:25:28+00:00,gid://shopify/DraftOrder/1505289306478,#D16775,LL021726-SB BO - BO1,gid://shopify/DraftOrder/1509467423086,#D19470,LL021726-SB BO - BO1.2,,5,2,234.0,338.0,69.23,1,2,partial_instock_split,false
2026-03-31T21:25:58+00:00,gid://shopify/DraftOrder/1505290223982,#D16797,12826VT-LL-TGTG - BO1,gid://shopify/DraftOrder/1509467488622,#D19471,12826VT-LL-TGTG - BO1.2,,5,2,394.0,576.0,68.40,1,2,partial_instock_split,false
2026-03-31T21:26:16+00:00,gid://shopify/DraftOrder/1505290649966,#D16807,AB6905942  BO - BO5,gid://shopify/DraftOrder/1509467521390,#D19472,AB6905942  BO - BO5.2,,2,4,104.0,274.0,37.96,1,2,partial_instock_split,false
2026-03-31T21:26:57+00:00,gid://shopify/DraftOrder/1505292255598,#D16845,mini/ flart bo - BO1,gid://shopify/DraftOrder/1509467750766,#D19473,mini/ flart bo - BO1.2,,3,8,156.0,460.0,33.91,1,2,partial_instock_split,false
2026-03-31T21:27:16+00:00,gid://shopify/DraftOrder/1505292779886,#D16859,ER7506690  BO - BO1,gid://shopify/DraftOrder/1509467816302,#D19474,ER7506690  BO - BO1.2,,3,1,104.0,130.0,80.00,1,2,partial_instock_split,false
2026-03-31T21:27:27+00:00,gid://shopify/DraftOrder/1505293009262,#D16865,40340226 BO - BO1,gid://shopify/DraftOrder/1509467849070,#D19475,40340226 BO - BO1.2,,2,8,104.0,256.0,40.62,1,2,partial_instock_split,false
2026-03-31T21:28:13+00:00,gid://shopify/DraftOrder/1505294352750,#D16898,FLART/ MINI/ JOURNAL /GLITTER/SPIRAL - BO1,gid://shopify/DraftOrder/1509468340590,#D19476,FLART/ MINI/ JOURNAL /GLITTER/SPIRAL - BO1.2,,3,9,130.0,308.0,42.21,1,2,partial_instock_split,false
2026-03-31T21:28:54+00:00,gid://shopify/DraftOrder/1505296449902,#D16950,CANDLES/ FLART BO - BO1,gid://shopify/DraftOrder/1509468766574,#D19477,CANDLES/ FLART BO - BO1.2,,4,9,130.0,308.0,42.21,1,2,partial_instock_split,false
2026-03-31T21:29:11+00:00,gid://shopify/DraftOrder/1505296974190,#D16961,BO TR012626 BO - BO5,gid://shopify/DraftOrder/1509468897646,#D19478,BO TR012626 BO - BO5.2,,2,1,156.0,234.0,66.67,1,2,partial_instock_split,false
2026-03-31T21:30:24+00:00,gid://shopify/DraftOrder/1505299300718,#D17016,LL021026-SB - BO1,gid://shopify/DraftOrder/1509469520238,#D19479,LL021026-SB - BO1.2,,5,4,260.0,468.0,55.56,1,2,partial_instock_split,false
2026-03-31T21:31:24+00:00,gid://shopify/DraftOrder/1505301332334,#D17054,DE6054387 - BO1,gid://shopify/DraftOrder/1509469913454,#D19482,DE6054387 - BO1.2,,4,9,208.0,412.0,50.49,1,2,partial_instock_split,false
2026-03-31T21:32:51+00:00,gid://shopify/DraftOrder/1505303789934,#D17105,PJ9826468- BO5,gid://shopify/DraftOrder/1509470962030,#D19484,PJ9826468- BO5.2,,2,1,234.0,286.0,81.82,1,2,partial_instock_split,false
2026-03-31T21:34:40+00:00,gid://shopify/DraftOrder/1505307558254,#D17190,VT7723097 - BO1,gid://shopify/DraftOrder/1509472207214,#D19501,VT7723097 - BO1.2,,3,9,130.0,334.0,38.92,1,2,partial_instock_split,false
2026-03-31T21:35:19+00:00,gid://shopify/DraftOrder/1505308672366,#D17217,12826VT-LL-TGTG - BO5,gid://shopify/DraftOrder/1509472567662,#D19507,12826VT-LL-TGTG - BO5.2,,2,1,156.0,208.0,75.00,1,2,partial_instock_split,false
2026-03-31T21:35:32+00:00,gid://shopify/DraftOrder/1505308934510,#D17223,MF8794322 - BO1,gid://shopify/DraftOrder/1509472633198,#D19508,MF8794322 - BO1.2,,4,2,104.0,156.0,66.67,1,2,partial_instock_split,false
2026-03-31T21:36:10+00:00,gid://shopify/DraftOrder/1505310015854,#D17249,K009 - BO1,gid://shopify/DraftOrder/1509472895342,#D19509,K009 - BO1.2,,4,10,208.0,498.0,41.77,1,2,partial_instock_split,false
2026-03-31T21:36:21+00:00,gid://shopify/DraftOrder/1505310245230,#D17256,2112515 - BO2,gid://shopify/DraftOrder/1509472960878,#D19510,2112515 - BO2.2,,2,1,156.0,234.0,66.67,1,2,partial_instock_split,false
2026-03-31T21:36:25+00:00,gid://shopify/DraftOrder/1505310310766,#D17258,100-1009988-01 - BO2,gid://shopify/DraftOrder/1509472993646,#D19511,100-1009988-01 - BO2.2,,2,1,156.0,234.0,66.67,1,2,partial_instock_split,false
2026-03-31T21:36:38+00:00,gid://shopify/DraftOrder/1505310605678,#D17266,JM7132849 - BO1,gid://shopify/DraftOrder/1509473026414,#D19512,JM7132849 - BO1.2,,3,8,156.0,308.0,50.65,1,2,partial_instock_split,false
2026-03-31T21:36:54+00:00,gid://shopify/DraftOrder/1505382728046,#D17298,MM7148432 - BO1,gid://shopify/DraftOrder/1509473091950,#D19514,MM7148432 - BO1.2,,5,9,442.0,850.0,52.00,1,2,partial_instock_split,false
2026-03-31T21:37:07+00:00,gid://shopify/DraftOrder/1505390625134,#D17305,AB8543595 BO,gid://shopify/DraftOrder/1509473255790,#D19515,AB8543595 BO.2,,2,1,156.0,208.0,75.00,1,2,partial_instock_split,false
2026-03-31T21:37:12+00:00,gid://shopify/DraftOrder/1505490043246,#D17333,LIFE326 - BO1,gid://shopify/DraftOrder/1509473288558,#D19516,LIFE326 - BO1.2,,3,3,468.0,728.0,64.29,1,2,partial_instock_split,false
2026-03-31T21:37:37+00:00,gid://shopify/DraftOrder/1505493909870,#D17351,DS7811083,gid://shopify/DraftOrder/1509473452398,#D19517,DS7811083-BO,,2,9,104.0,308.0,33.77,0,1,partial_instock_split,false
2026-03-31T21:37:50+00:00,gid://shopify/DraftOrder/1505494139246,#D17356,DG9291847 - BO1/SHIP 7/1/26,gid://shopify/DraftOrder/1509473485166,#D19518,DG9291847 - BO1/SHIP 7/1/26-BO,,8,8,260.0,412.0,63.11,0,1,partial_instock_split,false
2026-03-31T21:37:56+00:00,gid://shopify/DraftOrder/1505494303086,#D17358,MM5148771 - BO1,gid://shopify/DraftOrder/1509473517934,#D19519,MM5148771 - BO1.2,,2,1,104.0,156.0,66.67,1,2,partial_instock_split,false
2026-03-31T21:38:08+00:00,gid://shopify/DraftOrder/1505494565230,#D17364,SB2705884-D - BO1,gid://shopify/DraftOrder/1509473583470,#D19520,SB2705884-D - BO1.2,,3,2,208.0,260.0,80.00,1,2,partial_instock_split,false
2026-03-31T21:38:17+00:00,gid://shopify/DraftOrder/1505494696302,#D17367,SB2705884 - BO1,gid://shopify/DraftOrder/1509473616238,#D19521,SB2705884 - BO1.2,,3,2,208.0,260.0,80.00,1,2,partial_instock_split,false
2026-03-31T21:38:44+00:00,gid://shopify/DraftOrder/1505495187822,#D17380,FLART & MINI BO - BO1,gid://shopify/DraftOrder/1509473943918,#D19523,FLART & MINI BO - BO1.2,,4,9,104.0,282.0,36.88,1,2,partial_instock_split,false
2026-03-31T21:38:52+00:00,gid://shopify/DraftOrder/1505495286126,#D17383,JC5228174 - BO1,gid://shopify/DraftOrder/1509474042222,#D19524,JC5228174 - BO1.2,,3,8,130.0,282.0,46.10,1,2,partial_instock_split,false
2026-03-31T21:39:06+00:00,gid://shopify/DraftOrder/1505495515502,#D17389,AB8453971 - BO1,gid://shopify/DraftOrder/1509474173294,#D19526,AB8453971 - BO1.2,,2,3,208.0,370.5,56.14,1,2,partial_instock_split,false
2026-03-31T21:39:15+00:00,gid://shopify/DraftOrder/1505495712110,#D17392,440lfn03092026,gid://shopify/DraftOrder/1509474206062,#D19527,440lfn03092026-BO,,3,9,208.0,638.0,32.60,0,1,partial_instock_split,false
2026-03-31T21:39:24+00:00,gid://shopify/DraftOrder/1505495875950,#D17395,SB7397807 - BO1,gid://shopify/DraftOrder/1509474271598,#D19529,SB7397807 - BO1.2,,3,2,208.0,260.0,80.00,1,2,partial_instock_split,false
2026-03-31T21:39:45+00:00,gid://shopify/DraftOrder/1505496236398,#D17405,AB8543595 - BO1,gid://shopify/DraftOrder/1509474304366,#D19530,AB8543595 - BO1.2,,2,1,156.0,208.0,75.00,1,2,partial_instock_split,false
2026-03-31T21:39:59+00:00,gid://shopify/DraftOrder/1505496531310,#D17413,JE9429750 BO - BO1,gid://shopify/DraftOrder/1509474369902,#D19531,JE9429750 BO - BO1.2,,5,4,130.0,260.0,50.00,1,2,partial_instock_split,false
2026-03-31T21:40:08+00:00,gid://shopify/DraftOrder/1505496629614,#D17416,LL022626-SB  BO - BO1,gid://shopify/DraftOrder/1509474402670,#D19532,LL022626-SB  BO - BO1.2,,4,9,208.0,412.0,50.49,1,2,partial_instock_split,false
2026-03-31T21:40:20+00:00,gid://shopify/DraftOrder/1505496826222,#D17421,SF09032639989 - BO1/ LFN022626,gid://shopify/DraftOrder/1509474500974,#D19533,SF09032639989 - BO1/ LFN022626-BO,,2,2,104.0,182.0,57.14,0,1,partial_instock_split,false
2026-03-31T21:40:37+00:00,gid://shopify/DraftOrder/1505503412590,#D17430,JB4406957 - BO1,gid://shopify/DraftOrder/1509474664814,#D19534,JB4406957 - BO1.2,,2,2,156.0,260.0,60.00,1,2,partial_instock_split,false
2026-03-31T21:40:46+00:00,gid://shopify/DraftOrder/1505503510894,#D17433,JB4406957 - BO5,gid://shopify/DraftOrder/1509474763118,#D19536,JB4406957 - BO5.2,,2,3,130.0,338.0,38.46,1,2,partial_instock_split,false
2026-03-31T21:41:19+00:00,gid://shopify/DraftOrder/1505504428398,#D17450,MM5654173 - BO1,gid://shopify/DraftOrder/1509474926958,#D19537,MM5654173 - BO1.2,,3,2,234.0,312.0,75.00,1,2,partial_instock_split,false
2026-03-31T21:41:33+00:00,gid://shopify/DraftOrder/1505504625006,#D17456,SLLIFEL3626 - BO1,gid://shopify/DraftOrder/1509474992494,#D19538,SLLIFEL3626 - BO1.2,,2,2,104.0,182.0,57.14,1,2,partial_instock_split,false
2026-03-31T21:41:39+00:00,gid://shopify/DraftOrder/1505504723310,#D17458,DALLIFEL3626 - BO1,gid://shopify/DraftOrder/1509475025262,#D19539,DALLIFEL3626 - BO1.2,,2,2,104.0,182.0,57.14,1,2,partial_instock_split,false
2026-03-31T21:41:59+00:00,gid://shopify/DraftOrder/1505505116526,#D17467,UP030526 BO - BO1,gid://shopify/DraftOrder/1509475123566,#D19540,UP030526 BO - BO1.2,,3,1,104.0,130.0,80.00,1,2,partial_instock_split,false
2026-03-31T21:44:03+00:00,gid://shopify/DraftOrder/1505548730734,#D17563,SF3901404 - BO1,gid://shopify/DraftOrder/1509475713390,#D19542,SF3901404 - BO1.2,,5,11,208.0,464.0,44.83,1,2,partial_instock_split,false
2026-03-31T21:44:18+00:00,gid://shopify/DraftOrder/1505584513390,#D17574,MM6592046 - BO1,gid://shopify/DraftOrder/1509475746158,#D19543,MM6592046 - BO1.2,,3,10,234.0,516.0,45.35,1,2,partial_instock_split,false
2026-03-31T21:44:37+00:00,gid://shopify/DraftOrder/1505585332590,#D17583,PJ1720707 - BO1,gid://shopify/DraftOrder/1509475844462,#D19544,PJ1720707 - BO1.2,,2,8,208.0,412.0,50.49,1,2,partial_instock_split,false
2026-03-31T21:44:53+00:00,gid://shopify/DraftOrder/1505609843054,#D17592,PJ9557098 - BO1,gid://shopify/DraftOrder/1509476008302,#D19545,PJ9557098 - BO1.2,,3,3,182.0,312.0,58.33,1,2,partial_instock_split,false
2026-03-31T21:45:26+00:00,gid://shopify/DraftOrder/1505623146862,#D17609,31126DE - BO1,gid://shopify/DraftOrder/1509476106606,#D19546,31126DE - BO1.2,,3,1,234.0,312.0,75.00,1,2,partial_instock_split,false
2026-03-31T21:45:36+00:00,gid://shopify/DraftOrder/1505650999662,#D17615,VB7740822 - BO1,gid://shopify/DraftOrder/1509476139374,#D19547,VB7740822 - BO1.2,,5,3,130.0,208.0,62.50,1,2,partial_instock_split,false
2026-03-31T21:45:53+00:00,gid://shopify/DraftOrder/1505680195950,#D17633,NK5950784 BO,gid://shopify/DraftOrder/1509476237678,#D19548,NK5950784 BO.2,,3,9,156.0,281.0,55.52,1,2,partial_instock_split,false
2026-03-31T21:46:10+00:00,gid://shopify/DraftOrder/1505681441134,#D17641,EF7411154 - BO1,gid://shopify/DraftOrder/1509476270446,#D19549,EF7411154 - BO1.2,,4,3,312.0,546.0,57.14,1,2,partial_instock_split,false
2026-03-31T21:46:20+00:00,gid://shopify/DraftOrder/1505691697518,#D17648,BACKORDER-1,gid://shopify/DraftOrder/1509476368750,#D19550,BACKORDER-1-BO,,5,12,123.5,216.0,57.18,0,1,partial_instock_split,false
2026-03-31T21:46:34+00:00,gid://shopify/DraftOrder/1505736884590,#D17658,AB8710009 - BO1,gid://shopify/DraftOrder/1509476499822,#D19552,AB8710009 - BO1.2,,5,5,182.0,312.0,58.33,1,2,partial_instock_split,false
2026-03-31T21:46:43+00:00,gid://shopify/DraftOrder/1505737015662,#D17661,AB8710009 - BO5,gid://shopify/DraftOrder/1509476532590,#D19553,AB8710009 - BO5.2,,2,4,104.0,169.0,61.54,1,2,partial_instock_split,false
2026-03-31T21:46:50+00:00,gid://shopify/DraftOrder/1505737081198,#D17663,30926VT-LL-TGTG - BO1,gid://shopify/DraftOrder/1509476565358,#D19554,30926VT-LL-TGTG - BO1.2,,4,2,676.0,832.0,81.25,1,2,partial_instock_split,false
2026-03-31T21:46:54+00:00,gid://shopify/DraftOrder/1505755103598,#D17667,RD5703483 - BO1,gid://shopify/DraftOrder/1509476630894,#D19555,RD5703483 - BO1.2,,2,1,156.0,234.0,66.67,1,2,partial_instock_split,false
2026-03-31T21:47:00+00:00,gid://shopify/DraftOrder/1505755136366,#D17668,VC5476290 - BO1,gid://shopify/DraftOrder/1509476663662,#D19556,VC5476290 - BO1.2,,3,8,208.0,538.0,38.66,1,2,partial_instock_split,false
2026-03-31T21:47:06+00:00,gid://shopify/DraftOrder/1505755201902,#D17670,SB7397807-D - BO1,gid://shopify/DraftOrder/1509476729198,#D19557,SB7397807-D - BO1.2,,3,2,208.0,260.0,80.00,1,2,partial_instock_split,false
2026-03-31T21:47:15+00:00,gid://shopify/DraftOrder/1505767063918,#D17674,VF-1369518 - BO1,gid://shopify/DraftOrder/1509476794734,#D19559,VF-1369518 - BO1.2,,3,2,416.0,520.0,80.00,1,2,partial_instock_split,false
2026-03-31T21:47:28+00:00,gid://shopify/DraftOrder/1505805631854,#D17683,PO27853 - BO1,gid://shopify/DraftOrder/1509476827502,#D19560,PO27853 - BO1.2,,3,9,312.0,772.0,40.41,1,2,partial_instock_split,false
2026-03-31T21:47:38+00:00,gid://shopify/DraftOrder/1505805762926,#D17687,JC1616118 - BO1,gid://shopify/DraftOrder/1509476860270,#D19561,JC1616118 - BO1.2,,3,2,208.0,260.0,80.00,1,2,partial_instock_split,false
2026-03-31T21:48:36+00:00,gid://shopify/DraftOrder/1505921237358,#D17767,LL031526-SB - BO1,gid://shopify/DraftOrder/1509477122414,#D19562,LL031526-SB - BO1.2,,2,1,156.0,208.0,75.00,1,2,partial_instock_split,false
2026-03-31T21:48:47+00:00,gid://shopify/DraftOrder/1505921433966,#D17771,3926DE - BO1,gid://shopify/DraftOrder/1509477187950,#D19563,3926DE - BO1.2,,5,2,260.0,364.0,71.43,1,2,partial_instock_split,false
2026-03-31T21:49:05+00:00,gid://shopify/DraftOrder/1506203730286,#D17812,AB5297074,gid://shopify/DraftOrder/1509477253486,#D19564,AB5297074-BO,2026-03-14,5,1,238.0,264.0,90.15,0,1,partial_instock_split,false
2026-03-31T21:49:15+00:00,gid://shopify/DraftOrder/1506215559534,#D17819,new flart bo,gid://shopify/DraftOrder/1509477319022,#D19565,new flart BO.2,,3,1,104.0,130.0,80.00,1,2,partial_instock_split,false
2026-03-31T21:49:27+00:00,gid://shopify/DraftOrder/1506246492526,#D17913,SF2723338 - BO1,gid://shopify/DraftOrder/1509477417326,#D19566,SF2723338 - BO1.2,,5,11,260.0,568.0,45.77,1,2,partial_instock_split,false
2026-03-31T21:50:22+00:00,gid://shopify/DraftOrder/1506411381102,#D18098,AS67866 BO - BO1,gid://shopify/DraftOrder/1509477712238,#D19568,AS67866 BO - BO1.2,,3,9,104.0,282.0,36.88,1,2,partial_instock_split,false
2026-03-31T21:50:26+00:00,gid://shopify/DraftOrder/1506411446638,#D18099,WB3215 - BO1,gid://shopify/DraftOrder/1509477745006,#D19569,WB3215 - BO1.2,,3,9,104.0,282.0,36.88,1,2,partial_instock_split,false
2026-03-31T21:50:32+00:00,gid://shopify/DraftOrder/1506411610478,#D18101,CC5184 - BO1,gid://shopify/DraftOrder/1509477777774,#D19570,CC5184 - BO1.2,,3,9,104.0,282.0,36.88,1,2,partial_instock_split,false
2026-03-31T21:50:39+00:00,gid://shopify/DraftOrder/1506411774318,#D18103,SPO44581 - BO1,gid://shopify/DraftOrder/1509477810542,#D19571,SPO44581 - BO1.2,,3,9,104.0,282.0,36.88,1,2,partial_instock_split,false
2026-03-31T21:50:45+00:00,gid://shopify/DraftOrder/1506411872622,#D18105,RP0700 - BO1,gid://shopify/DraftOrder/1509477876078,#D19572,RP0700 - BO1.2,,3,9,104.0,282.0,36.88,1,2,partial_instock_split,false
2026-03-31T21:50:51+00:00,gid://shopify/DraftOrder/1506411938158,#D18107,TAC08189 - BO1,gid://shopify/DraftOrder/1509477941614,#D19573,TAC08189 - BO1.2,,3,9,104.0,282.0,36.88,1,2,partial_instock_split,false
2026-03-31T21:50:58+00:00,gid://shopify/DraftOrder/1506412036462,#D18109,NB5497 - BO1,gid://shopify/DraftOrder/1509477974382,#D19574,NB5497 - BO1.2,,3,9,104.0,282.0,36.88,1,2,partial_instock_split,false
2026-03-31T21:51:04+00:00,gid://shopify/DraftOrder/1506412134766,#D18111,BF65984 - BO1,gid://shopify/DraftOrder/1509478039918,#D19575,BF65984 - BO1.2,,3,9,104.0,282.0,36.88,1,2,partial_instock_split,false
2026-03-31T21:51:42+00:00,gid://shopify/DraftOrder/1506463089006,#D18147,HB8829515 - BO1,gid://shopify/DraftOrder/1509478072686,#D19576,HB8829515 - BO1.2,,3,9,208.0,386.0,53.89,1,2,partial_instock_split,false
2026-03-31T21:51:54+00:00,gid://shopify/DraftOrder/1506463351150,#D18152,TS8335157 - BO1,gid://shopify/DraftOrder/1509478138222,#D19577,TS8335157 - BO1.2,,5,3,182.0,260.0,70.00,1,2,partial_instock_split,false
2026-03-31T21:52:20+00:00,gid://shopify/DraftOrder/1506595111278,#D18184,SD031826-2 - BO1,gid://shopify/DraftOrder/1509478334830,#D19579,SD031826-2 - BO1.2,,2,1,123.0,201.0,61.19,1,2,partial_instock_split,false
2026-03-31T21:52:45+00:00,gid://shopify/DraftOrder/1506705015150,#D18314,BW9330,gid://shopify/DraftOrder/1509478596974,#D19581,BW9330-BO,2026-03-16,11,1,524.0,550.0,95.27,0,1,partial_instock_split,false
2026-03-31T21:52:57+00:00,gid://shopify/DraftOrder/1506706981230,#D18320,BW9330 - BO1,gid://shopify/DraftOrder/1509478728046,#D19582,BW9330 - BO1.2,,2,9,104.0,308.0,33.77,1,2,partial_instock_split,false
2026-03-31T21:53:12+00:00,gid://shopify/DraftOrder/1506721759598,#D18330,AB6566733 BO - BO5,gid://shopify/DraftOrder/1509478859118,#D19583,AB6566733 BO - BO5.2,,2,1,156.0,208.0,75.00,1,2,partial_instock_split,false
2026-03-31T21:53:46+00:00,gid://shopify/DraftOrder/1506858762606,#D18372,7609535SRG - BO1,gid://shopify/DraftOrder/1509479252334,#D19585,7609535SRG - BO1.2,,2,1,156.0,182.0,85.71,1,2,partial_instock_split,false
2026-03-31T21:54:16+00:00,gid://shopify/DraftOrder/1507042001262,#D18396,PK1696057 - BO1,gid://shopify/DraftOrder/1509479481710,#D19586,PK1696057 - BO1.2,,2,9,104.0,308.0,33.77,1,2,partial_instock_split,false
2026-03-31T21:54:24+00:00,gid://shopify/DraftOrder/1507401073006,#D18413,3989914-CL,gid://shopify/DraftOrder/1509479645550,#D19587,3989914-CL-BO,2026-03-20,14,1,1298.0,1350.0,96.15,0,1,partial_instock_split,false
2026-03-31T21:54:29+00:00,gid://shopify/DraftOrder/1507403858286,#D18414,3989914-CL - BO1,gid://shopify/DraftOrder/1509479711086,#D19589,3989914-CL - BO1.2,,2,7,104.0,230.0,45.22,1,2,partial_instock_split,false
2026-03-31T21:54:44+00:00,gid://shopify/DraftOrder/1507483124078,#D18501,BACKORDER-1,gid://shopify/DraftOrder/1509479874926,#D19590,BACKORDER-1-BO,,5,4,208.0,338.0,61.54,0,1,partial_instock_split,false
2026-03-31T21:54:57+00:00,gid://shopify/DraftOrder/1507506159982,#D18510,CCHG322226 - BO1,gid://shopify/DraftOrder/1509480005998,#D19591,CCHG322226 - BO1.2,,2,7,182.0,308.0,59.09,1,2,partial_instock_split,false
2026-03-31T21:56:13+00:00,gid://shopify/DraftOrder/1507751330158,#D18590,JC9446481 - BO1,gid://shopify/DraftOrder/1509480628590,#D19593,JC9446481 - BO1.2,2026-03-24,3,9,208.0,386.0,53.89,1,2,partial_instock_split,false
2026-03-31T21:56:25+00:00,gid://shopify/DraftOrder/1507791143278,#D18599,AB3406434 - BO1,gid://shopify/DraftOrder/1509480792430,#D19595,AB3406434 - BO1.2,2026-03-24,5,2,149.0,201.0,74.13,1,2,partial_instock_split,false
2026-03-31T21:56:36+00:00,gid://shopify/DraftOrder/1507791274350,#D18603,SB-7156 - BO1,gid://shopify/DraftOrder/1509480890734,#D19596,SB-7156 - BO1.2,2026-03-24,4,9,156.0,360.0,43.33,1,2,partial_instock_split,false
2026-03-31T21:56:56+00:00,gid://shopify/DraftOrder/1507812933998,#D18615,RG8657478 - BO1,gid://shopify/DraftOrder/1509481021806,#D19598,RG8657478 - BO1.2,2026-03-24,4,9,104.0,282.0,36.88,1,2,partial_instock_split,false
2026-03-31T21:57:24+00:00,gid://shopify/DraftOrder/1508000137582,#D18656,RHHG32526,gid://shopify/DraftOrder/1509481120110,#D19599,RHHG32526-BO,2026-04-01,6,8,273.0,451.0,60.53,0,1,partial_instock_split,false
2026-03-31T21:58:22+00:00,gid://shopify/DraftOrder/1508053614958,#D18690,LFN032526 - BO1,gid://shopify/DraftOrder/1509481415022,#D19601,LFN032526 - BO1.2,2026-03-25,2,1,156.0,208.0,75.00,1,2,partial_instock_split,false
2026-03-31T21:58:29+00:00,gid://shopify/DraftOrder/1508128260462,#D18693,KS1161874 BO - BO1,gid://shopify/DraftOrder/1509481480558,#D19602,KS1161874 BO - BO1.2,,2,8,104.0,282.0,36.88,1,2,partial_instock_split,false
2026-03-31T21:58:40+00:00,gid://shopify/DraftOrder/1508128489838,#D18697,DE3978134 BO - BO1,gid://shopify/DraftOrder/1509481513326,#D19603,DE3978134 BO - BO1.2,,5,4,156.0,260.0,60.00,1,2,partial_instock_split,false
2026-03-31T21:59:39+00:00,gid://shopify/DraftOrder/1508169122158,#D18788,2626381-GG - BO1,gid://shopify/DraftOrder/1509481775470,#D19608,2626381-GG - BO1.2,,3,1,156.0,208.0,75.00,1,2,partial_instock_split,false
2026-03-31T22:00:06+00:00,gid://shopify/DraftOrder/1508169908590,#D18800,8535377-AG BO - BO1,gid://shopify/DraftOrder/1509481939310,#D19610,8535377-AG BO - BO1.2,,4,7,104.0,230.0,45.22,1,2,partial_instock_split,false
2026-03-31T22:00:18+00:00,gid://shopify/DraftOrder/1508170203502,#D18805,CANDLE/ MINI BO MM2333585 - BO1,gid://shopify/DraftOrder/1509482004846,#D19611,CANDLE/ MINI BO MM2333585 - BO1.2,,2,7,104.0,230.0,45.22,1,2,partial_instock_split,false
2026-03-31T22:02:43+00:00,gid://shopify/DraftOrder/1508249829742,#D18902,OSHG032526 - BO1,gid://shopify/DraftOrder/1509482561902,#D19617,OSHG032526 - BO1.2,2026-03-25,2,7,104.0,230.0,45.22,1,2,partial_instock_split,false
2026-03-31T22:03:14+00:00,gid://shopify/DraftOrder/1508298031470,#D18921,JK4700657 - BO1,gid://shopify/DraftOrder/1509482758510,#D19620,JK4700657 - BO1.2,2026-03-14,3,2,156.0,234.0,66.67,1,2,partial_instock_split,false
2026-03-31T22:07:10+00:00,gid://shopify/DraftOrder/1508460986734,#D19131,,gid://shopify/DraftOrder/1509484265838,#D19630,BO,,3,1,234.0,312.0,75.00,0,1,partial_instock_split,false
2026-03-31T22:08:47+00:00,gid://shopify/DraftOrder/1509040488814,#D19201,SB4392393,gid://shopify/DraftOrder/1509484691822,#D19639,SB4392393-BO,,6,1,182.0,208.0,87.50,0,1,partial_instock_split,false
2026-03-31T22:09:14+00:00,gid://shopify/DraftOrder/1509126570350,#D19225,EBS26154 - BO5,gid://shopify/DraftOrder/1509484822894,#D19640,EBS26154 - BO5.2,2026-03-30,2,2,312.0,624.0,50.00,1,2,partial_instock_split,false
2026-04-01T15:48:04+00:00,gid://shopify/DraftOrder/1509679530350,#D19790,,gid://shopify/DraftOrder/DRY_RUN,,BO,,12,1,1718.0,2108.0,81.50,0,1,partial_instock_split,true
2026-04-01T16:39:37+00:00,gid://shopify/DraftOrder/1509687165294,#D19793,EF7867293,gid://shopify/DraftOrder/DRY_RUN,,EF7867293-BO,2026-03-25,7,2,224.0,276.0,81.16,0,1,partial_instock_split,true
2026-04-01T17:33:49+00:00,gid://shopify/DraftOrder/1509687165294,#D19793,EF7867293,gid://shopify/DraftOrder/DRY_RUN,,EF7867293-BO,2026-03-25,7,2,224.0,276.0,81.16,0,1,partial_instock_split,true
2026-04-01T17:33:49+00:00,gid://shopify/DraftOrder/1509699879278,#D19810,,gid://shopify/DraftOrder/DRY_RUN,,BO,,5,1,127.32,157.24,80.97,0,1,partial_instock_split,true
2026-04-01T18:11:58+00:00,gid://shopify/DraftOrder/1509687165294,#D19793,EF7867293,gid://shopify/DraftOrder/DRY_RUN,,EF7867293-BO,2026-03-25,7,2,224.0,276.0,81.16,0,1,partial_instock_split,true
2026-04-01T19:21:10+00:00,gid://shopify/DraftOrder/1498382500206,#D12847,SR5983058   2/16 BO,gid://shopify/DraftOrder/DRY_RUN,,SR5983058   2/16 BO.2,2026-02-16,2,1,104.0,156.0,66.67,1,2,partial_instock_split,true
2026-04-01T19:21:10+00:00,gid://shopify/DraftOrder/1503162401134,#D15521,KA8331705 BO,gid://shopify/DraftOrder/DRY_RUN,,KA8331705 BO.2,,2,1,182.0,234.0,77.78,1,2,partial_instock_split,true
2026-04-01T19:21:10+00:00,gid://shopify/DraftOrder/1503840960878,#D15576,Loomeys BO,gid://shopify/DraftOrder/DRY_RUN,,Loomeys BO.2,,2,1,130.0,156.0,83.33,1,2,partial_instock_split,true
2026-04-01T19:21:10+00:00,gid://shopify/DraftOrder/1503948603758,#D15648,JM6850646  BO,gid://shopify/DraftOrder/DRY_RUN,,JM6850646  BO.2,,2,1,156.0,234.0,66.67,1,2,partial_instock_split,true
2026-04-01T19:21:10+00:00,gid://shopify/DraftOrder/1503950831982,#D15650,298LFN30236VB BO,gid://shopify/DraftOrder/DRY_RUN,,298LFN30236VB BO.2,2026-03-02,3,8,130.0,282.0,46.10,1,2,partial_instock_split,true
2026-04-01T19:21:10+00:00,gid://shopify/DraftOrder/1505260339566,#D16587,VT9688043 - BO1,gid://shopify/DraftOrder/DRY_RUN,,VT9688043 - BO1.2,,4,1,104.0,164.0,63.41,1,2,partial_instock_split,true
2026-04-01T19:21:10+00:00,gid://shopify/DraftOrder/1505496465774,#D17412,BACKORDER-1,gid://shopify/DraftOrder/DRY_RUN,,BACKORDER-1-BO,,4,1,104.0,130.0,80.00,0,1,partial_instock_split,true
2026-04-01T19:21:10+00:00,gid://shopify/DraftOrder/1505496891758,#D17423,VB7583994BF - BO1,gid://shopify/DraftOrder/DRY_RUN,,VB7583994BF - BO1.2,,2,8,156.0,360.0,43.33,1,2,partial_instock_split,true
2026-04-01T19:21:10+00:00,gid://shopify/DraftOrder/1505504133486,#D17444,VB7583994HP - BO1,gid://shopify/DraftOrder/DRY_RUN,,VB7583994HP - BO1.2,,2,8,156.0,360.0,43.33,1,2,partial_instock_split,true
2026-04-01T19:21:10+00:00,gid://shopify/DraftOrder/1505504264558,#D17446,VB7583994CDA - BO1,gid://shopify/DraftOrder/DRY_RUN,,VB7583994CDA - BO1.2,,2,8,156.0,360.0,43.33,1,2,partial_instock_split,true
2026-04-01T19:21:10+00:00,gid://shopify/DraftOrder/1505504362862,#D17448,VB7583994WF - BO1,gid://shopify/DraftOrder/DRY_RUN,,VB7583994WF - BO1.2,,2,8,156.0,360.0,43.33,1,2,partial_instock_split,true
2026-04-01T19:21:10+00:00,gid://shopify/DraftOrder/1505515503982,#D17523,Stacy BO/items ship in March - BO3,gid://shopify/DraftOrder/DRY_RUN,,Stacy BO/items ship in March - BO3.2,,2,1,546.0,906.0,60.26,1,2,partial_instock_split,true
2026-04-01T19:21:10+00:00,gid://shopify/DraftOrder/1505525301614,#D17554,MM5141108 - BO1,gid://shopify/DraftOrder/DRY_RUN,,MM5141108 - BO1.2,,3,7,104.0,230.0,45.22,1,2,partial_instock_split,true
2026-04-01T19:21:10+00:00,gid://shopify/DraftOrder/1505681277294,#D17638,DS5787895 - BO1,gid://shopify/DraftOrder/DRY_RUN,,DS5787895 - BO1.2,,4,7,104.0,230.0,45.22,1,2,partial_instock_split,true
2026-04-01T19:21:10+00:00,gid://shopify/DraftOrder/1506024325486,#D17783,AB1123371 - BO1,gid://shopify/DraftOrder/DRY_RUN,,AB1123371 - BO1.2,,3,1,104.0,299.0,34.78,1,2,partial_instock_split,true
2026-04-01T19:21:10+00:00,gid://shopify/DraftOrder/1506525479278,#D18162,SF3930633Y - BO1,gid://shopify/DraftOrder/DRY_RUN,,SF3930633Y - BO1.2,,4,7,104.0,230.0,45.22,1,2,partial_instock_split,true
2026-04-01T19:21:10+00:00,gid://shopify/DraftOrder/1506721628526,#D18327,AB6566733 BO - BO1,gid://shopify/DraftOrder/DRY_RUN,,AB6566733 BO - BO1.2,,4,9,208.0,690.0,30.14,1,2,partial_instock_split,true
2026-04-01T19:21:10+00:00,gid://shopify/DraftOrder/1506735161710,#D18340,MH9446876 - BO1,gid://shopify/DraftOrder/DRY_RUN,,MH9446876 - BO1.2,,4,2,104.0,182.0,57.14,1,2,partial_instock_split,true
2026-04-01T19:21:10+00:00,gid://shopify/DraftOrder/1507462906222,#D18483,DS4822486 - BO1,gid://shopify/DraftOrder/DRY_RUN,,DS4822486 - BO1.2,,4,1,104.0,130.0,80.00,1,2,partial_instock_split,true
2026-04-01T19:21:10+00:00,gid://shopify/DraftOrder/1507543843182,#D18543,CP7667529 - BO1,gid://shopify/DraftOrder/DRY_RUN,,CP7667529 - BO1.2,2026-03-23,2,1,182.0,260.0,70.00,1,2,partial_instock_split,true
2026-04-01T19:21:10+00:00,gid://shopify/DraftOrder/1507716497774,#D18578,JM9706032 - BO1,gid://shopify/DraftOrder/DRY_RUN,,JM9706032 - BO1.2,2026-03-24,4,2,104.0,156.0,66.67,1,2,partial_instock_split,true
2026-04-01T19:21:11+00:00,gid://shopify/DraftOrder/1508014948718,#D18666,MA8869420  BO - BO1,gid://shopify/DraftOrder/DRY_RUN,,MA8869420  BO - BO1.2,,2,2,194.0,298.0,65.10,1,2,partial_instock_split,true
2026-04-01T19:21:11+00:00,gid://shopify/DraftOrder/1508015407470,#D18672,LG010926BB - BO1,gid://shopify/DraftOrder/DRY_RUN,,LG010926BB - BO1.2,,3,10,234.0,568.0,41.20,1,2,partial_instock_split,true
2026-04-01T19:21:11+00:00,gid://shopify/DraftOrder/1508129210734,#D18709,DG1130097 BO / CANDLES & MINI - BO1,gid://shopify/DraftOrder/DRY_RUN,,DG1130097 BO / CANDLES & MINI - BO1.2,,4,7,123.0,249.0,49.40,1,2,partial_instock_split,true
2026-04-01T19:21:11+00:00,gid://shopify/DraftOrder/1508129669486,#D18717,LL022826-SB - BO1,gid://shopify/DraftOrder/DRY_RUN,,LL022826-SB - BO1.2,2026-02-26,4,7,104.0,230.0,45.22,1,2,partial_instock_split,true
2026-04-01T19:21:11+00:00,gid://shopify/DraftOrder/1508445913454,#D19128,KS9321033 - BO1,gid://shopify/DraftOrder/DRY_RUN,,KS9321033 - BO1.2,2026-03-27,2,2,104.0,156.0,66.67,1,2,partial_instock_split,true
2026-04-01T19:21:11+00:00,gid://shopify/DraftOrder/1508846141806,#D19173,CF409 - BO1,gid://shopify/DraftOrder/DRY_RUN,,CF409 - BO1.2,2026-03-29,2,8,104.0,282.0,36.88,1,2,partial_instock_split,true
2026-04-01T19:21:11+00:00,gid://shopify/DraftOrder/1509687165294,#D19793,EF7867293,gid://shopify/DraftOrder/DRY_RUN,,EF7867293-BO,2026-03-25,7,2,224.0,276.0,81.16,0,1,partial_instock_split,true
2026-04-01T20:05:13+00:00,gid://shopify/DraftOrder/1498382500206,#D12847,SR5983058   2/16 BO,gid://shopify/DraftOrder/DRY_RUN,,SR5983058   2/16 BO.2,2026-02-16,2,1,104.0,156.0,66.67,1,2,partial_instock_split,true
2026-04-01T20:05:13+00:00,gid://shopify/DraftOrder/1503162401134,#D15521,KA8331705 BO,gid://shopify/DraftOrder/DRY_RUN,,KA8331705 BO.2,,2,1,182.0,234.0,77.78,1,2,partial_instock_split,true
2026-04-01T20:05:13+00:00,gid://shopify/DraftOrder/1503840960878,#D15576,Loomeys BO,gid://shopify/DraftOrder/DRY_RUN,,Loomeys BO.2,,2,1,130.0,156.0,83.33,1,2,partial_instock_split,true
2026-04-01T20:05:13+00:00,gid://shopify/DraftOrder/1503948603758,#D15648,JM6850646  BO,gid://shopify/DraftOrder/DRY_RUN,,JM6850646  BO.2,,2,1,156.0,234.0,66.67,1,2,partial_instock_split,true
2026-04-01T20:05:13+00:00,gid://shopify/DraftOrder/1503950831982,#D15650,298LFN30236VB BO,gid://shopify/DraftOrder/DRY_RUN,,298LFN30236VB BO.2,2026-03-02,3,8,130.0,282.0,46.10,1,2,partial_instock_split,true
2026-04-01T20:05:13+00:00,gid://shopify/DraftOrder/1505260339566,#D16587,VT9688043 - BO1,gid://shopify/DraftOrder/DRY_RUN,,VT9688043 - BO1.2,,4,1,104.0,164.0,63.41,1,2,partial_instock_split,true
2026-04-01T20:05:13+00:00,gid://shopify/DraftOrder/1505496465774,#D17412,BACKORDER-1,gid://shopify/DraftOrder/DRY_RUN,,BACKORDER-1-BO,,4,1,104.0,130.0,80.00,0,1,partial_instock_split,true
2026-04-01T20:05:13+00:00,gid://shopify/DraftOrder/1505496891758,#D17423,VB7583994BF - BO1,gid://shopify/DraftOrder/DRY_RUN,,VB7583994BF - BO1.2,,2,8,156.0,360.0,43.33,1,2,partial_instock_split,true
2026-04-01T20:05:13+00:00,gid://shopify/DraftOrder/1505504133486,#D17444,VB7583994HP - BO1,gid://shopify/DraftOrder/DRY_RUN,,VB7583994HP - BO1.2,,2,8,156.0,360.0,43.33,1,2,partial_instock_split,true
2026-04-01T20:05:13+00:00,gid://shopify/DraftOrder/1505504264558,#D17446,VB7583994CDA - BO1,gid://shopify/DraftOrder/DRY_RUN,,VB7583994CDA - BO1.2,,2,8,156.0,360.0,43.33,1,2,partial_instock_split,true
2026-04-01T20:05:13+00:00,gid://shopify/DraftOrder/1505504362862,#D17448,VB7583994WF - BO1,gid://shopify/DraftOrder/DRY_RUN,,VB7583994WF - BO1.2,,2,8,156.0,360.0,43.33,1,2,partial_instock_split,true
2026-04-01T20:05:13+00:00,gid://shopify/DraftOrder/1505515503982,#D17523,Stacy BO/items ship in March - BO3,gid://shopify/DraftOrder/DRY_RUN,,Stacy BO/items ship in March - BO3.2,,2,1,546.0,906.0,60.26,1,2,partial_instock_split,true
2026-04-01T20:05:13+00:00,gid://shopify/DraftOrder/1505525301614,#D17554,MM5141108 - BO1,gid://shopify/DraftOrder/DRY_RUN,,MM5141108 - BO1.2,,3,7,104.0,230.0,45.22,1,2,partial_instock_split,true
2026-04-01T20:05:13+00:00,gid://shopify/DraftOrder/1505681277294,#D17638,DS5787895 - BO1,gid://shopify/DraftOrder/DRY_RUN,,DS5787895 - BO1.2,,4,7,104.0,230.0,45.22,1,2,partial_instock_split,true
2026-04-01T20:05:13+00:00,gid://shopify/DraftOrder/1506024325486,#D17783,AB1123371 - BO1,gid://shopify/DraftOrder/DRY_RUN,,AB1123371 - BO1.2,,3,1,104.0,299.0,34.78,1,2,partial_instock_split,true
2026-04-01T20:05:13+00:00,gid://shopify/DraftOrder/1506525479278,#D18162,SF3930633Y - BO1,gid://shopify/DraftOrder/DRY_RUN,,SF3930633Y - BO1.2,,4,7,104.0,230.0,45.22,1,2,partial_instock_split,true
2026-04-01T20:05:13+00:00,gid://shopify/DraftOrder/1506721628526,#D18327,AB6566733 BO - BO1,gid://shopify/DraftOrder/DRY_RUN,,AB6566733 BO - BO1.2,,4,9,208.0,690.0,30.14,1,2,partial_instock_split,true
2026-04-01T20:05:13+00:00,gid://shopify/DraftOrder/1506735161710,#D18340,MH9446876 - BO1,gid://shopify/DraftOrder/DRY_RUN,,MH9446876 - BO1.2,,4,2,104.0,182.0,57.14,1,2,partial_instock_split,true
2026-04-01T20:05:13+00:00,gid://shopify/DraftOrder/1507462906222,#D18483,DS4822486 - BO1,gid://shopify/DraftOrder/DRY_RUN,,DS4822486 - BO1.2,,4,1,104.0,130.0,80.00,1,2,partial_instock_split,true
2026-04-01T20:05:13+00:00,gid://shopify/DraftOrder/1507543843182,#D18543,CP7667529 - BO1,gid://shopify/DraftOrder/DRY_RUN,,CP7667529 - BO1.2,2026-03-23,2,1,182.0,260.0,70.00,1,2,partial_instock_split,true
2026-04-01T20:05:13+00:00,gid://shopify/DraftOrder/1507716497774,#D18578,JM9706032 - BO1,gid://shopify/DraftOrder/DRY_RUN,,JM9706032 - BO1.2,2026-03-24,4,2,104.0,156.0,66.67,1,2,partial_instock_split,true
2026-04-01T20:05:14+00:00,gid://shopify/DraftOrder/1508014948718,#D18666,MA8869420  BO - BO1,gid://shopify/DraftOrder/DRY_RUN,,MA8869420  BO - BO1.2,,2,2,194.0,298.0,65.10,1,2,partial_instock_split,true
2026-04-01T20:05:14+00:00,gid://shopify/DraftOrder/1508015407470,#D18672,LG010926BB - BO1,gid://shopify/DraftOrder/DRY_RUN,,LG010926BB - BO1.2,,3,10,234.0,568.0,41.20,1,2,partial_instock_split,true
2026-04-01T20:05:14+00:00,gid://shopify/DraftOrder/1508129210734,#D18709,DG1130097 BO / CANDLES & MINI - BO1,gid://shopify/DraftOrder/DRY_RUN,,DG1130097 BO / CANDLES & MINI - BO1.2,,4,7,123.0,249.0,49.40,1,2,partial_instock_split,true
2026-04-01T20:05:14+00:00,gid://shopify/DraftOrder/1508129669486,#D18717,LL022826-SB - BO1,gid://shopify/DraftOrder/DRY_RUN,,LL022826-SB - BO1.2,2026-02-26,4,7,104.0,230.0,45.22,1,2,partial_instock_split,true
2026-04-01T20:05:14+00:00,gid://shopify/DraftOrder/1508445913454,#D19128,KS9321033 - BO1,gid://shopify/DraftOrder/DRY_RUN,,KS9321033 - BO1.2,2026-03-27,2,2,104.0,156.0,66.67,1,2,partial_instock_split,true
2026-04-01T20:05:14+00:00,gid://shopify/DraftOrder/1508846141806,#D19173,CF409 - BO1,gid://shopify/DraftOrder/DRY_RUN,,CF409 - BO1.2,2026-03-29,2,8,104.0,282.0,36.88,1,2,partial_instock_split,true
2026-04-01T20:05:14+00:00,gid://shopify/DraftOrder/1509687165294,#D19793,EF7867293,gid://shopify/DraftOrder/DRY_RUN,,EF7867293-BO,2026-03-25,7,2,224.0,276.0,81.16,0,1,partial_instock_split,true
2026-04-01T20:57:55+00:00,gid://shopify/DraftOrder/1498382500206,#D12847,SR5983058   2/16 BO,gid://shopify/DraftOrder/DRY_RUN,,SR5983058   2/16 BO.2,2026-02-16,2,1,104.0,156.0,66.67,1,2,partial_instock_split,true
2026-04-01T20:57:55+00:00,gid://shopify/DraftOrder/1503162401134,#D15521,KA8331705 BO,gid://shopify/DraftOrder/DRY_RUN,,KA8331705 BO.2,,2,1,182.0,234.0,77.78,1,2,partial_instock_split,true
2026-04-01T20:57:55+00:00,gid://shopify/DraftOrder/1503840960878,#D15576,Loomeys BO,gid://shopify/DraftOrder/DRY_RUN,,Loomeys BO.2,,2,1,130.0,156.0,83.33,1,2,partial_instock_split,true
2026-04-01T20:57:55+00:00,gid://shopify/DraftOrder/1503948603758,#D15648,JM6850646  BO,gid://shopify/DraftOrder/DRY_RUN,,JM6850646  BO.2,,2,1,156.0,234.0,66.67,1,2,partial_instock_split,true
2026-04-01T20:57:55+00:00,gid://shopify/DraftOrder/1503950831982,#D15650,298LFN30236VB BO,gid://shopify/DraftOrder/DRY_RUN,,298LFN30236VB BO.2,2026-03-02,3,8,130.0,282.0,46.10,1,2,partial_instock_split,true
2026-04-01T20:57:56+00:00,gid://shopify/DraftOrder/1505260339566,#D16587,VT9688043 - BO1,gid://shopify/DraftOrder/DRY_RUN,,VT9688043 - BO1.2,,4,1,104.0,164.0,63.41,1,2,partial_instock_split,true
2026-04-01T20:57:56+00:00,gid://shopify/DraftOrder/1505496465774,#D17412,BACKORDER-1,gid://shopify/DraftOrder/DRY_RUN,,BACKORDER-1-BO,,4,1,104.0,130.0,80.00,0,1,partial_instock_split,true
2026-04-01T20:57:56+00:00,gid://shopify/DraftOrder/1505496891758,#D17423,VB7583994BF - BO1,gid://shopify/DraftOrder/DRY_RUN,,VB7583994BF - BO1.2,,2,8,156.0,360.0,43.33,1,2,partial_instock_split,true
2026-04-01T20:57:56+00:00,gid://shopify/DraftOrder/1505504133486,#D17444,VB7583994HP - BO1,gid://shopify/DraftOrder/DRY_RUN,,VB7583994HP - BO1.2,,2,8,156.0,360.0,43.33,1,2,partial_instock_split,true
2026-04-01T20:57:56+00:00,gid://shopify/DraftOrder/1505504264558,#D17446,VB7583994CDA - BO1,gid://shopify/DraftOrder/DRY_RUN,,VB7583994CDA - BO1.2,,2,8,156.0,360.0,43.33,1,2,partial_instock_split,true
2026-04-01T20:57:56+00:00,gid://shopify/DraftOrder/1505504362862,#D17448,VB7583994WF - BO1,gid://shopify/DraftOrder/DRY_RUN,,VB7583994WF - BO1.2,,2,8,156.0,360.0,43.33,1,2,partial_instock_split,true
2026-04-01T20:57:56+00:00,gid://shopify/DraftOrder/1505515503982,#D17523,Stacy BO/items ship in March - BO3,gid://shopify/DraftOrder/DRY_RUN,,Stacy BO/items ship in March - BO3.2,,2,1,546.0,906.0,60.26,1,2,partial_instock_split,true
2026-04-01T20:57:56+00:00,gid://shopify/DraftOrder/1505525301614,#D17554,MM5141108 - BO1,gid://shopify/DraftOrder/DRY_RUN,,MM5141108 - BO1.2,,3,7,104.0,230.0,45.22,1,2,partial_instock_split,true
2026-04-01T20:57:56+00:00,gid://shopify/DraftOrder/1505681277294,#D17638,DS5787895 - BO1,gid://shopify/DraftOrder/DRY_RUN,,DS5787895 - BO1.2,,4,7,104.0,230.0,45.22,1,2,partial_instock_split,true
2026-04-01T20:57:56+00:00,gid://shopify/DraftOrder/1506024325486,#D17783,AB1123371 - BO1,gid://shopify/DraftOrder/DRY_RUN,,AB1123371 - BO1.2,,3,1,104.0,299.0,34.78,1,2,partial_instock_split,true
2026-04-01T20:57:56+00:00,gid://shopify/DraftOrder/1506525479278,#D18162,SF3930633Y - BO1,gid://shopify/DraftOrder/DRY_RUN,,SF3930633Y - BO1.2,,4,7,104.0,230.0,45.22,1,2,partial_instock_split,true
2026-04-01T20:57:56+00:00,gid://shopify/DraftOrder/1506721628526,#D18327,AB6566733 BO - BO1,gid://shopify/DraftOrder/DRY_RUN,,AB6566733 BO - BO1.2,,4,9,208.0,690.0,30.14,1,2,partial_instock_split,true
2026-04-01T20:57:56+00:00,gid://shopify/DraftOrder/1506735161710,#D18340,MH9446876 - BO1,gid://shopify/DraftOrder/DRY_RUN,,MH9446876 - BO1.2,,4,2,104.0,182.0,57.14,1,2,partial_instock_split,true
2026-04-01T20:57:56+00:00,gid://shopify/DraftOrder/1507462906222,#D18483,DS4822486 - BO1,gid://shopify/DraftOrder/DRY_RUN,,DS4822486 - BO1.2,,4,1,104.0,130.0,80.00,1,2,partial_instock_split,true
2026-04-01T20:57:56+00:00,gid://shopify/DraftOrder/1507543843182,#D18543,CP7667529 - BO1,gid://shopify/DraftOrder/DRY_RUN,,CP7667529 - BO1.2,2026-03-23,2,1,182.0,260.0,70.00,1,2,partial_instock_split,true
2026-04-01T20:57:56+00:00,gid://shopify/DraftOrder/1507716497774,#D18578,JM9706032 - BO1,gid://shopify/DraftOrder/DRY_RUN,,JM9706032 - BO1.2,2026-03-24,4,2,104.0,156.0,66.67,1,2,partial_instock_split,true
2026-04-01T20:57:56+00:00,gid://shopify/DraftOrder/1508014948718,#D18666,MA8869420  BO - BO1,gid://shopify/DraftOrder/DRY_RUN,,MA8869420  BO - BO1.2,,2,2,194.0,298.0,65.10,1,2,partial_instock_split,true
2026-04-01T20:57:56+00:00,gid://shopify/DraftOrder/1508015407470,#D18672,LG010926BB - BO1,gid://shopify/DraftOrder/DRY_RUN,,LG010926BB - BO1.2,,3,10,234.0,568.0,41.20,1,2,partial_instock_split,true
2026-04-01T20:57:56+00:00,gid://shopify/DraftOrder/1508129210734,#D18709,DG1130097 BO / CANDLES & MINI - BO1,gid://shopify/DraftOrder/DRY_RUN,,DG1130097 BO / CANDLES & MINI - BO1.2,,4,7,123.0,249.0,49.40,1,2,partial_instock_split,true
2026-04-01T20:57:56+00:00,gid://shopify/DraftOrder/1508129669486,#D18717,LL022826-SB - BO1,gid://shopify/DraftOrder/DRY_RUN,,LL022826-SB - BO1.2,2026-02-26,4,7,104.0,230.0,45.22,1,2,partial_instock_split,true
2026-04-01T20:57:56+00:00,gid://shopify/DraftOrder/1508445913454,#D19128,KS9321033 - BO1,gid://shopify/DraftOrder/DRY_RUN,,KS9321033 - BO1.2,2026-03-27,2,2,104.0,156.0,66.67,1,2,partial_instock_split,true
2026-04-01T20:57:56+00:00,gid://shopify/DraftOrder/1508846141806,#D19173,CF409 - BO1,gid://shopify/DraftOrder/DRY_RUN,,CF409 - BO1.2,2026-03-29,2,8,104.0,282.0,36.88,1,2,partial_instock_split,true
2026-04-01T20:57:56+00:00,gid://shopify/DraftOrder/1509687165294,#D19793,EF7867293,gid://shopify/DraftOrder/DRY_RUN,,EF7867293-BO,2026-03-25,7,2,224.0,276.0,81.16,0,1,partial_instock_split,true
2026-04-01T21:37:59+00:00,gid://shopify/DraftOrder/1509783568750,#D19867,KB8528092,gid://shopify/DraftOrder/DRY_RUN,,KB8528092-BO,2026-04-01,15,6,728.0,1040.0,70.00,0,1,partial_instock_split,true
2026-04-01T22:08:03+00:00,gid://shopify/DraftOrder/1498382500206,#D12847,SR5983058   2/16 BO,gid://shopify/DraftOrder/DRY_RUN,,SR5983058   2/16 BO.2,2026-02-16,2,1,104.0,156.0,66.67,1,2,partial_instock_split,true
2026-04-01T22:08:03+00:00,gid://shopify/DraftOrder/1503162401134,#D15521,KA8331705 BO,gid://shopify/DraftOrder/DRY_RUN,,KA8331705 BO.2,,2,1,182.0,234.0,77.78,1,2,partial_instock_split,true
2026-04-01T22:08:03+00:00,gid://shopify/DraftOrder/1503840960878,#D15576,Loomeys BO,gid://shopify/DraftOrder/DRY_RUN,,Loomeys BO.2,,2,1,130.0,156.0,83.33,1,2,partial_instock_split,true
2026-04-01T22:08:03+00:00,gid://shopify/DraftOrder/1503948603758,#D15648,JM6850646  BO,gid://shopify/DraftOrder/DRY_RUN,,JM6850646  BO.2,,2,1,156.0,234.0,66.67,1,2,partial_instock_split,true
2026-04-01T22:08:03+00:00,gid://shopify/DraftOrder/1503950831982,#D15650,298LFN30236VB BO,gid://shopify/DraftOrder/DRY_RUN,,298LFN30236VB BO.2,2026-03-02,3,8,130.0,282.0,46.10,1,2,partial_instock_split,true
2026-04-01T22:08:03+00:00,gid://shopify/DraftOrder/1505260339566,#D16587,VT9688043 - BO1,gid://shopify/DraftOrder/DRY_RUN,,VT9688043 - BO1.2,,4,1,104.0,164.0,63.41,1,2,partial_instock_split,true
2026-04-01T22:08:03+00:00,gid://shopify/DraftOrder/1505496465774,#D17412,BACKORDER-1,gid://shopify/DraftOrder/DRY_RUN,,BACKORDER-1-BO,,4,1,104.0,130.0,80.00,0,1,partial_instock_split,true
2026-04-01T22:08:03+00:00,gid://shopify/DraftOrder/1505496891758,#D17423,VB7583994BF - BO1,gid://shopify/DraftOrder/DRY_RUN,,VB7583994BF - BO1.2,,2,8,156.0,360.0,43.33,1,2,partial_instock_split,true
2026-04-01T22:08:03+00:00,gid://shopify/DraftOrder/1505504133486,#D17444,VB7583994HP - BO1,gid://shopify/DraftOrder/DRY_RUN,,VB7583994HP - BO1.2,,2,8,156.0,360.0,43.33,1,2,partial_instock_split,true
2026-04-01T22:08:03+00:00,gid://shopify/DraftOrder/1505504264558,#D17446,VB7583994CDA - BO1,gid://shopify/DraftOrder/DRY_RUN,,VB7583994CDA - BO1.2,,2,8,156.0,360.0,43.33,1,2,partial_instock_split,true
2026-04-01T22:08:03+00:00,gid://shopify/DraftOrder/1505504362862,#D17448,VB7583994WF - BO1,gid://shopify/DraftOrder/DRY_RUN,,VB7583994WF - BO1.2,,2,8,156.0,360.0,43.33,1,2,partial_instock_split,true
2026-04-01T22:08:03+00:00,gid://shopify/DraftOrder/1505515503982,#D17523,Stacy BO/items ship in March - BO3,gid://shopify/DraftOrder/DRY_RUN,,Stacy BO/items ship in March - BO3.2,,2,1,546.0,906.0,60.26,1,2,partial_instock_split,true
2026-04-01T22:08:03+00:00,gid://shopify/DraftOrder/1505525301614,#D17554,MM5141108 - BO1,gid://shopify/DraftOrder/DRY_RUN,,MM5141108 - BO1.2,,3,7,104.0,230.0,45.22,1,2,partial_instock_split,true
2026-04-01T22:08:03+00:00,gid://shopify/DraftOrder/1505681277294,#D17638,DS5787895 - BO1,gid://shopify/DraftOrder/DRY_RUN,,DS5787895 - BO1.2,,4,7,104.0,230.0,45.22,1,2,partial_instock_split,true
2026-04-01T22:08:03+00:00,gid://shopify/DraftOrder/1506024325486,#D17783,AB1123371 - BO1,gid://shopify/DraftOrder/DRY_RUN,,AB1123371 - BO1.2,,3,1,104.0,299.0,34.78,1,2,partial_instock_split,true
2026-04-01T22:08:03+00:00,gid://shopify/DraftOrder/1506525479278,#D18162,SF3930633Y - BO1,gid://shopify/DraftOrder/DRY_RUN,,SF3930633Y - BO1.2,,4,7,104.0,230.0,45.22,1,2,partial_instock_split,true
2026-04-01T22:08:03+00:00,gid://shopify/DraftOrder/1506721628526,#D18327,AB6566733 BO - BO1,gid://shopify/DraftOrder/DRY_RUN,,AB6566733 BO - BO1.2,,4,9,208.0,690.0,30.14,1,2,partial_instock_split,true
2026-04-01T22:08:03+00:00,gid://shopify/DraftOrder/1506735161710,#D18340,MH9446876 - BO1,gid://shopify/DraftOrder/DRY_RUN,,MH9446876 - BO1.2,,4,2,104.0,182.0,57.14,1,2,partial_instock_split,true
2026-04-01T22:08:03+00:00,gid://shopify/DraftOrder/1507462906222,#D18483,DS4822486 - BO1,gid://shopify/DraftOrder/DRY_RUN,,DS4822486 - BO1.2,,4,1,104.0,130.0,80.00,1,2,partial_instock_split,true
2026-04-01T22:08:03+00:00,gid://shopify/DraftOrder/1507543843182,#D18543,CP7667529 - BO1,gid://shopify/DraftOrder/DRY_RUN,,CP7667529 - BO1.2,2026-03-23,2,1,182.0,260.0,70.00,1,2,partial_instock_split,true
2026-04-01T22:08:03+00:00,gid://shopify/DraftOrder/1507716497774,#D18578,JM9706032 - BO1,gid://shopify/DraftOrder/DRY_RUN,,JM9706032 - BO1.2,2026-03-24,4,2,104.0,156.0,66.67,1,2,partial_instock_split,true
2026-04-01T22:08:03+00:00,gid://shopify/DraftOrder/1508014948718,#D18666,MA8869420  BO - BO1,gid://shopify/DraftOrder/DRY_RUN,,MA8869420  BO - BO1.2,,2,2,194.0,298.0,65.10,1,2,partial_instock_split,true
2026-04-01T22:08:03+00:00,gid://shopify/DraftOrder/1508015407470,#D18672,LG010926BB - BO1,gid://shopify/DraftOrder/DRY_RUN,,LG010926BB - BO1.2,,3,10,234.0,568.0,41.20,1,2,partial_instock_split,true
2026-04-01T22:08:03+00:00,gid://shopify/DraftOrder/1508129210734,#D18709,DG1130097 BO / CANDLES & MINI - BO1,gid://shopify/DraftOrder/DRY_RUN,,DG1130097 BO / CANDLES & MINI - BO1.2,,4,7,123.0,249.0,49.40,1,2,partial_instock_split,true
2026-04-01T22:08:03+00:00,gid://shopify/DraftOrder/1508129669486,#D18717,LL022826-SB - BO1,gid://shopify/DraftOrder/DRY_RUN,,LL022826-SB - BO1.2,2026-02-26,4,7,104.0,230.0,45.22,1,2,partial_instock_split,true
2026-04-01T22:08:03+00:00,gid://shopify/DraftOrder/1508445913454,#D19128,KS9321033 - BO1,gid://shopify/DraftOrder/DRY_RUN,,KS9321033 - BO1.2,2026-03-27,2,2,104.0,156.0,66.67,1,2,partial_instock_split,true
2026-04-01T22:08:03+00:00,gid://shopify/DraftOrder/1508846141806,#D19173,CF409 - BO1,gid://shopify/DraftOrder/DRY_RUN,,CF409 - BO1.2,2026-03-29,2,8,104.0,282.0,36.88,1,2,partial_instock_split,true
2026-04-01T22:08:03+00:00,gid://shopify/DraftOrder/1509783568750,#D19867,KB8528092,gid://shopify/DraftOrder/DRY_RUN,,KB8528092-BO,2026-04-01,16,5,780.0,1040.0,75.00,0,1,partial_instock_split,true
2026-04-02T12:46:05+00:00,gid://shopify/DraftOrder/1509783568750,#D19867,KB8528092,gid://shopify/DraftOrder/DRY_RUN,,KB8528092-BO,2026-04-01,14,1,676.0,728.0,92.86,0,1,partial_instock_split,true
2026-04-02T14:10:29+00:00,gid://shopify/DraftOrder/1496911872366,#D12402,CB7570-SAN BO,gid://shopify/DraftOrder/DRY_RUN,,CB7570-SAN BO.2,2026-01-05,7,1,126.0,178.0,70.79,1,2,partial_instock_split,true
2026-04-02T14:10:29+00:00,gid://shopify/DraftOrder/1496911937902,#D12403,CB4407-MON BO,gid://shopify/DraftOrder/DRY_RUN,,CB4407-MON BO.2,2026-01-05,7,1,126.0,178.0,70.79,1,2,partial_instock_split,true
2026-04-02T14:10:29+00:00,gid://shopify/DraftOrder/1496911970670,#D12404,CB4751-MAL BO,gid://shopify/DraftOrder/DRY_RUN,,CB4751-MAL BO.2,2026-01-05,7,1,126.0,178.0,70.79,1,2,partial_instock_split,true
2026-04-02T14:10:29+00:00,gid://shopify/DraftOrder/1497364300142,#D12619,TH08012652446 BO,gid://shopify/DraftOrder/DRY_RUN,,TH08012652446 BO.2,2025-11-17,7,1,126.0,152.0,82.89,1,2,partial_instock_split,true
2026-04-02T14:10:29+00:00,gid://shopify/DraftOrder/1497607209326,#D12673,5714  BO,gid://shopify/DraftOrder/DRY_RUN,,5714  BO.2,,8,1,152.0,178.0,85.39,1,2,partial_instock_split,true
2026-04-02T14:10:29+00:00,gid://shopify/DraftOrder/1497607668078,#D12675,0012 BO,gid://shopify/DraftOrder/DRY_RUN,,0012 BO.2,,2,1,104.0,156.0,66.67,1,2,partial_instock_split,true
2026-04-02T14:10:29+00:00,gid://shopify/DraftOrder/1497738772846,#D12730,MM6199313  BO,gid://shopify/DraftOrder/DRY_RUN,,MM6199313  BO.2,,3,1,104.0,130.0,80.00,1,2,partial_instock_split,true
2026-04-02T14:10:29+00:00,gid://shopify/DraftOrder/1497973096814,#D12787,1180 BO,gid://shopify/DraftOrder/DRY_RUN,,1180 BO.2,2026-01-14,9,2,408.0,564.0,72.34,1,2,partial_instock_split,true
2026-04-02T14:10:29+00:00,gid://shopify/DraftOrder/1498110361966,#D12801,CF011526 BO,gid://shopify/DraftOrder/DRY_RUN,,CF011526 BO.2,2026-01-15,9,2,230.0,334.0,68.86,1,2,partial_instock_split,true
2026-04-02T14:10:29+00:00,gid://shopify/DraftOrder/1498207650158,#D12818,TTR BO,gid://shopify/DraftOrder/DRY_RUN,,TTR BO.2,,8,1,330.0,408.0,80.88,1,2,partial_instock_split,true
2026-04-02T14:10:29+00:00,gid://shopify/DraftOrder/1498382500206,#D12847,SR5983058   2/16 BO,gid://shopify/DraftOrder/DRY_RUN,,SR5983058   2/16 BO.2,2026-02-16,2,1,104.0,156.0,66.67,1,2,partial_instock_split,true
2026-04-02T14:10:29+00:00,gid://shopify/DraftOrder/1498433585518,#D12850,LL011525CY BO,gid://shopify/DraftOrder/DRY_RUN,,LL011525CY BO.2,2026-01-15,8,1,152.0,182.0,83.52,1,2,partial_instock_split,true
2026-04-02T14:10:29+00:00,gid://shopify/DraftOrder/1498615185774,#D12886,2407908SRG BO,gid://shopify/DraftOrder/DRY_RUN,,2407908SRG BO.2,2026-01-15,8,1,330.0,408.0,80.88,1,2,partial_instock_split,true
2026-04-02T14:10:29+00:00,gid://shopify/DraftOrder/1498615546222,#D12893,KS4236822 BO,gid://shopify/DraftOrder/DRY_RUN,,KS4236822 BO.2,2026-01-30,8,1,152.0,178.0,85.39,1,2,partial_instock_split,true
2026-04-02T14:10:29+00:00,gid://shopify/DraftOrder/1498639499630,#D12896,AB5013822 BO includes metallic and cottage,gid://shopify/DraftOrder/DRY_RUN,,AB5013822 BO includes metallic and cottage-BO,2026-01-19,9,1,204.0,256.0,79.69,0,1,partial_instock_split,true
2026-04-02T14:10:29+00:00,gid://shopify/DraftOrder/1498664370542,#D12927,MA1153949  BO,gid://shopify/DraftOrder/DRY_RUN,,MA1153949  BO.2,,9,1,230.0,282.0,81.56,1,2,partial_instock_split,true
2026-04-02T14:10:29+00:00,gid://shopify/DraftOrder/1498794328430,#D12993,CF366 BO,gid://shopify/DraftOrder/DRY_RUN,,CF366 BO.2,2026-01-20,9,1,178.0,204.0,87.25,1,2,partial_instock_split,true
2026-04-02T14:10:29+00:00,gid://shopify/DraftOrder/1498839253358,#D13004,TJ5669845 BO,gid://shopify/DraftOrder/DRY_RUN,,TJ5669845 BO.2,2026-01-21,8,1,304.0,356.0,85.39,1,2,partial_instock_split,true
2026-04-02T14:10:29+00:00,gid://shopify/DraftOrder/1498985693550,#D13084,VB9805227 BO,gid://shopify/DraftOrder/DRY_RUN,,VB9805227 BO.2,,9,1,178.0,204.0,87.25,1,2,partial_instock_split,true
2026-04-02T14:10:29+00:00,gid://shopify/DraftOrder/1499007517038,#D13100,CC7935359 BO,gid://shopify/DraftOrder/DRY_RUN,,CC7935359 BO.2,2026-03-16,9,1,178.0,204.0,87.25,1,2,partial_instock_split,true
2026-04-02T14:10:29+00:00,gid://shopify/DraftOrder/1499007648110,#D13103,MA8409579 BO,gid://shopify/DraftOrder/DRY_RUN,,MA8409579 BO.2,2026-01-22,8,1,152.0,182.0,83.52,1,2,partial_instock_split,true
2026-04-02T14:10:29+00:00,gid://shopify/DraftOrder/1499100381550,#D13141,indigo BO,gid://shopify/DraftOrder/DRY_RUN,,indigo BO.2,,8,1,705.0,861.0,81.88,1,2,partial_instock_split,true
2026-04-02T14:10:29+00:00,gid://shopify/DraftOrder/1499247903086,#D13210,KS6301114 BO,gid://shopify/DraftOrder/DRY_RUN,,KS6301114 BO.2,2026-01-20,10,1,408.0,486.0,83.95,1,2,partial_instock_split,true
2026-04-02T14:10:29+00:00,gid://shopify/DraftOrder/1499439890798,#D13281,9121035-BF tracing,gid://shopify/DraftOrder/DRY_RUN,,9121035-BF tracing-BO,2026-01-29,9,1,178.0,204.0,87.25,0,1,partial_instock_split,true
2026-04-02T14:10:29+00:00,gid://shopify/DraftOrder/1499491271022,#D13301,MM2754842 BO,gid://shopify/DraftOrder/DRY_RUN,,MM2754842 BO.2,2026-01-26,7,1,252.0,278.0,90.65,1,2,partial_instock_split,true
2026-04-02T14:10:29+00:00,gid://shopify/DraftOrder/1499539046766,#D13326,MA3053130 Tracing BO,gid://shopify/DraftOrder/DRY_RUN,,MA3053130 Tracing BO.2,2026-01-26,7,2,126.0,178.0,70.79,1,2,partial_instock_split,true
2026-04-02T14:10:29+00:00,gid://shopify/DraftOrder/1499601600878,#D13434,MB5026614 BO,gid://shopify/DraftOrder/DRY_RUN,,MB5026614 BO.2,,9,1,178.0,204.0,87.25,1,2,partial_instock_split,true
2026-04-02T14:10:29+00:00,gid://shopify/DraftOrder/1499601830254,#D13437,VB4931108 BO,gid://shopify/DraftOrder/DRY_RUN,,VB4931108 BO.2,,9,1,178.0,204.0,87.25,1,2,partial_instock_split,true
2026-04-02T14:10:29+00:00,gid://shopify/DraftOrder/1499716649326,#D13475,MM6902237 BO,gid://shopify/DraftOrder/DRY_RUN,,MM6902237 BO.2,2026-01-28,8,1,178.0,230.0,77.39,1,2,partial_instock_split,true
2026-04-02T14:10:29+00:00,gid://shopify/DraftOrder/1500255813998,#D13888,RG2092390 BO,gid://shopify/DraftOrder/DRY_RUN,,RG2092390 BO.2,2026-01-26,9,1,178.0,204.0,87.25,1,2,partial_instock_split,true
2026-04-02T14:10:29+00:00,gid://shopify/DraftOrder/1500408021358,#D13918,MM8633892 BO,gid://shopify/DraftOrder/DRY_RUN,,MM8633892 BO.2,2026-01-25,9,1,178.0,204.0,87.25,1,2,partial_instock_split,true
2026-04-02T14:10:29+00:00,gid://shopify/DraftOrder/1500461760878,#D13953,RG1331099 BO,gid://shopify/DraftOrder/DRY_RUN,,RG1331099 BO.2,,9,1,204.0,230.0,88.70,1,2,partial_instock_split,true
2026-04-02T14:10:29+00:00,gid://shopify/DraftOrder/1500504654190,#D13970,HB5059241 BO,gid://shopify/DraftOrder/DRY_RUN,,HB5059241 BO.2,,9,1,304.0,330.0,92.12,1,2,partial_instock_split,true
2026-04-02T14:10:29+00:00,gid://shopify/DraftOrder/1500857401710,#D14219,LFL-021626 BO,gid://shopify/DraftOrder/DRY_RUN,,LFL-021626 BO.2,2026-02-16,8,2,582.0,764.0,76.18,1,2,partial_instock_split,true
2026-04-02T14:10:29+00:00,gid://shopify/DraftOrder/1502053630318,#D14735,Toy Fair '26 BO,gid://shopify/DraftOrder/DRY_RUN,,Toy Fair '26 BO.2,,8,1,152.0,178.0,85.39,1,2,partial_instock_split,true
2026-04-02T14:10:29+00:00,gid://shopify/DraftOrder/1502092296558,#D14758,Toy Fair BO,gid://shopify/DraftOrder/DRY_RUN,,Toy Fair BO.2,,11,1,638.0,716.0,89.11,1,2,partial_instock_split,true
2026-04-02T14:10:29+00:00,gid://shopify/DraftOrder/1502220747118,#D14921,#PK8433835 BO,gid://shopify/DraftOrder/DRY_RUN,,#PK8433835 BO.2,,9,1,178.0,204.0,87.25,1,2,partial_instock_split,true
2026-04-02T14:10:29+00:00,gid://shopify/DraftOrder/1502597874030,#D15036,LL226  BO,gid://shopify/DraftOrder/DRY_RUN,,LL226  BO.2,,10,1,1458.0,1692.0,86.17,1,2,partial_instock_split,true
2026-04-02T14:10:29+00:00,gid://shopify/DraftOrder/1502760632686,#D15176,CC2178818 BO,gid://shopify/DraftOrder/DRY_RUN,,CC2178818 BO.2,,10,1,204.0,249.0,81.93,1,2,partial_instock_split,true
2026-04-02T14:10:29+00:00,gid://shopify/DraftOrder/1502763516270,#D15185,SP9905140 BO,gid://shopify/DraftOrder/DRY_RUN,,SP9905140 BO.2,,9,1,178.0,204.0,87.25,1,2,partial_instock_split,true
2026-04-02T14:10:29+00:00,gid://shopify/DraftOrder/1502900289902,#D15418,SP6062886 BO,gid://shopify/DraftOrder/DRY_RUN,,SP6062886 BO.2,,10,1,204.0,230.0,88.70,1,2,partial_instock_split,true
2026-04-02T14:10:29+00:00,gid://shopify/DraftOrder/1502900453742,#D15419,KB1491624 BO,gid://shopify/DraftOrder/DRY_RUN,,KB1491624 BO.2,,7,2,252.0,356.0,70.79,1,2,partial_instock_split,true
2026-04-02T14:10:29+00:00,gid://shopify/DraftOrder/1502971658606,#D15469,NC5843786  BO,gid://shopify/DraftOrder/DRY_RUN,,NC5843786  BO.2,,9,1,178.0,204.0,87.25,1,2,partial_instock_split,true
2026-04-02T14:10:29+00:00,gid://shopify/DraftOrder/1502972248430,#D15470,cs2446652 BO,gid://shopify/DraftOrder/DRY_RUN,,cs2446652 BO.2,2026-03-10,9,2,178.0,230.0,77.39,1,2,partial_instock_split,true
2026-04-02T14:10:29+00:00,gid://shopify/DraftOrder/1502991548782,#D15485,MM7778954 BO,gid://shopify/DraftOrder/DRY_RUN,,MM7778954 BO.2,,9,1,330.0,356.0,92.70,1,2,partial_instock_split,true
2026-04-02T14:10:29+00:00,gid://shopify/DraftOrder/1503346753902,#D15534,1341 BO,gid://shopify/DraftOrder/DRY_RUN,,1341 BO.2,2026-02-10,10,1,204.0,230.0,88.70,1,2,partial_instock_split,true
2026-04-02T14:10:29+00:00,gid://shopify/DraftOrder/1503788499310,#D15550,CF9264084 BO,gid://shopify/DraftOrder/DRY_RUN,,CF9264084 BO.2,2026-02-28,9,1,178.0,204.0,87.25,1,2,partial_instock_split,true
2026-04-02T14:10:29+00:00,gid://shopify/DraftOrder/1503919210862,#D15604,JG7446832 BO,gid://shopify/DraftOrder/DRY_RUN,,JG7446832 BO.2,2026-02-03,9,1,178.0,204.0,87.25,1,2,partial_instock_split,true
2026-04-02T14:10:29+00:00,gid://shopify/DraftOrder/1503939559790,#D15639,JK1354448 BO,gid://shopify/DraftOrder/DRY_RUN,,JK1354448 BO.2,2026-02-19,4,1,504.0,660.0,76.36,1,2,partial_instock_split,true
2026-04-02T14:10:29+00:00,gid://shopify/DraftOrder/1503950831982,#D15650,298LFN30236VB BO,gid://shopify/DraftOrder/DRY_RUN,,298LFN30236VB BO.2,2026-03-02,9,2,204.0,282.0,72.34,1,2,partial_instock_split,true
2026-04-02T14:10:29+00:00,gid://shopify/DraftOrder/1504351584622,#D15695,VC7593614 BO,gid://shopify/DraftOrder/DRY_RUN,,VC7593614 BO.2,,9,1,178.0,204.0,87.25,1,2,partial_instock_split,true
2026-04-02T14:10:29+00:00,gid://shopify/DraftOrder/1504434291054,#D15736,DGCAMEX26LIF BO,gid://shopify/DraftOrder/DRY_RUN,,DGCAMEX26LIF BO.2,,9,1,178.0,204.0,87.25,1,2,partial_instock_split,true
2026-04-02T14:10:29+00:00,gid://shopify/DraftOrder/1504436879726,#D15738,DG7106135 BO,gid://shopify/DraftOrder/DRY_RUN,,DG7106135 BO.2,,9,1,178.0,204.0,87.25,1,2,partial_instock_split,true
2026-04-02T14:10:29+00:00,gid://shopify/DraftOrder/1504438845806,#D15742,DG6057279 BO,gid://shopify/DraftOrder/DRY_RUN,,DG6057279 BO.2,,9,1,178.0,204.0,87.25,1,2,partial_instock_split,true
2026-04-02T14:10:29+00:00,gid://shopify/DraftOrder/1504560284014,#D15913,LB5607286 BO MINI,gid://shopify/DraftOrder/DRY_RUN,,LB5607286 BO MINI-BO,,9,1,178.0,204.0,87.25,0,1,partial_instock_split,true
2026-04-02T14:10:29+00:00,gid://shopify/DraftOrder/1504561922414,#D15917,DG9921726 BO,gid://shopify/DraftOrder/DRY_RUN,,DG9921726 BO.2,,9,1,178.0,204.0,87.25,1,2,partial_instock_split,true
2026-04-02T14:10:29+00:00,gid://shopify/DraftOrder/1504563102062,#D15918,DG5917216 BO MINI & FLART,gid://shopify/DraftOrder/DRY_RUN,,DG5917216 BO MINI & FLART-BO,,9,1,178.0,204.0,87.25,0,1,partial_instock_split,true
2026-04-02T14:10:29+00:00,gid://shopify/DraftOrder/1504563921262,#D15919,DG9238460 BO,gid://shopify/DraftOrder/DRY_RUN,,DG9238460 BO.2,,9,1,178.0,204.0,87.25,1,2,partial_instock_split,true
2026-04-02T14:10:29+00:00,gid://shopify/DraftOrder/1504565100910,#D15920,DG4549757 BO,gid://shopify/DraftOrder/DRY_RUN,,DG4549757 BO.2,,9,1,178.0,204.0,87.25,1,2,partial_instock_split,true
2026-04-02T14:10:29+00:00,gid://shopify/DraftOrder/1504565526894,#D15921,DG7911964 BO,gid://shopify/DraftOrder/DRY_RUN,,DG7911964 BO.2,,9,1,178.0,204.0,87.25,1,2,partial_instock_split,true
2026-04-02T14:10:29+00:00,gid://shopify/DraftOrder/1504566378862,#D15922,DG4493290 BO,gid://shopify/DraftOrder/DRY_RUN,,DG4493290 BO.2,,9,1,178.0,204.0,87.25,1,2,partial_instock_split,true
2026-04-02T14:10:29+00:00,gid://shopify/DraftOrder/1504567132526,#D15923,DG3591499 BO,gid://shopify/DraftOrder/DRY_RUN,,DG3591499 BO.2,,9,1,178.0,204.0,87.25,1,2,partial_instock_split,true
2026-04-02T14:10:29+00:00,gid://shopify/DraftOrder/1504677953902,#D15940,mini bo & foodie,gid://shopify/DraftOrder/DRY_RUN,,mini bo & foodie-BO,,7,1,126.0,152.0,82.89,0,1,partial_instock_split,true
2026-04-02T14:10:29+00:00,gid://shopify/DraftOrder/1504702005614,#D15953,MINI foody,gid://shopify/DraftOrder/DRY_RUN,,MINI foody-BO,,7,1,126.0,152.0,82.89,0,1,partial_instock_split,true
2026-04-02T14:10:29+00:00,gid://shopify/DraftOrder/1504724648302,#D15965,PK1425996 BO,gid://shopify/DraftOrder/DRY_RUN,,PK1425996 BO.2,,9,1,178.0,204.0,87.25,1,2,partial_instock_split,true
2026-04-02T14:10:29+00:00,gid://shopify/DraftOrder/1505204601198,#D16218,GP3208033 - BO1,gid://shopify/DraftOrder/DRY_RUN,,GP3208033 - BO1.2,,8,1,204.0,230.0,88.70,1,2,partial_instock_split,true
2026-04-02T14:10:29+00:00,gid://shopify/DraftOrder/1505219674478,#D16286,MM1316757 - BO1,gid://shopify/DraftOrder/DRY_RUN,,MM1316757 - BO1.2,,10,1,204.0,230.0,88.70,1,2,partial_instock_split,true
2026-04-02T14:10:29+00:00,gid://shopify/DraftOrder/1505223213422,#D16297,AB3853648 - BO1,gid://shopify/DraftOrder/DRY_RUN,,AB3853648 - BO1.2,,8,1,178.0,230.0,77.39,1,2,partial_instock_split,true
2026-04-02T14:10:29+00:00,gid://shopify/DraftOrder/1505253753198,#D16450,JC7207786 - BO1,gid://shopify/DraftOrder/DRY_RUN,,JC7207786 - BO1.2,,7,1,126.0,152.0,82.89,1,2,partial_instock_split,true
2026-04-02T14:10:29+00:00,gid://shopify/DraftOrder/1505254408558,#D16463,RJ17012666740 - BO1,gid://shopify/DraftOrder/DRY_RUN,,RJ17012666740 - BO1.2,,8,2,152.0,256.0,59.38,1,2,partial_instock_split,true
2026-04-02T14:10:29+00:00,gid://shopify/DraftOrder/1505255227758,#D16482,OM9050092 - BO1,gid://shopify/DraftOrder/DRY_RUN,,OM9050092 - BO1.2,,8,1,152.0,178.0,85.39,1,2,partial_instock_split,true
2026-04-02T14:10:29+00:00,gid://shopify/DraftOrder/1505256112494,#D16499,OM3335011 - BO1,gid://shopify/DraftOrder/DRY_RUN,,OM3335011 - BO1.2,,8,1,152.0,178.0,85.39,1,2,partial_instock_split,true
2026-04-02T14:10:29+00:00,gid://shopify/DraftOrder/1505287831918,#D16739,SH7599419 - BO1,gid://shopify/DraftOrder/DRY_RUN,,SH7599419 - BO1.2,,11,1,486.0,538.0,90.33,1,2,partial_instock_split,true
2026-04-02T14:10:29+00:00,gid://shopify/DraftOrder/1505288323438,#D16750,SH1727352 - BO1,gid://shopify/DraftOrder/DRY_RUN,,SH1727352 - BO1.2,,11,1,408.0,434.0,94.01,1,2,partial_instock_split,true
2026-04-02T14:10:29+00:00,gid://shopify/DraftOrder/1505291796846,#D16831,5035458-CL - BO1,gid://shopify/DraftOrder/DRY_RUN,,5035458-CL - BO1.2,,7,1,178.0,230.0,77.39,1,2,partial_instock_split,true
2026-04-02T14:10:29+00:00,gid://shopify/DraftOrder/1505294844270,#D16910,CANDLE/ MINI / FLOW BO - BO1,gid://shopify/DraftOrder/DRY_RUN,,CANDLE/ MINI / FLOW BO - BO1.2,,11,1,382.0,434.0,88.02,1,2,partial_instock_split,true
2026-04-02T14:10:29+00:00,gid://shopify/DraftOrder/1505302577518,#D17083,8225 - BO1,gid://shopify/DraftOrder/DRY_RUN,,8225 - BO1.2,,11,1,664.0,742.0,89.49,1,2,partial_instock_split,true
2026-04-02T14:10:29+00:00,gid://shopify/DraftOrder/1505303331182,#D17097,12926DE - BO1,gid://shopify/DraftOrder/DRY_RUN,,12926DE - BO1.2,,12,3,282.0,450.0,62.67,1,2,partial_instock_split,true
2026-04-02T14:10:29+00:00,gid://shopify/DraftOrder/1505304215918,#D17115,BW012126 - BO1,gid://shopify/DraftOrder/DRY_RUN,,BW012126 - BO1.2,,4,2,156.0,208.0,75.00,1,2,partial_instock_split,true
2026-04-02T14:10:29+00:00,gid://shopify/DraftOrder/1505308770670,#D17219,01.28.26 BO - BO1,gid://shopify/DraftOrder/DRY_RUN,,01.28.26 BO - BO1.2,,9,1,178.0,204.0,87.25,1,2,partial_instock_split,true
2026-04-02T14:10:29+00:00,gid://shopify/DraftOrder/1505309426030,#D17233,LS21150-BO1,gid://shopify/DraftOrder/DRY_RUN,,LS21150-BO1.2,,12,1,434.0,460.0,94.35,1,2,partial_instock_split,true
2026-04-02T14:10:29+00:00,gid://shopify/DraftOrder/1505493877102,#D17350,6198- BO1,gid://shopify/DraftOrder/DRY_RUN,,6198- BO1.2,,7,1,126.0,152.0,82.89,1,2,partial_instock_split,true
2026-04-02T14:10:29+00:00,gid://shopify/DraftOrder/1505494040942,#D17354,DG3122039 - BO1,gid://shopify/DraftOrder/DRY_RUN,,DG3122039 - BO1.2,,9,1,178.0,204.0,87.25,1,2,partial_instock_split,true
2026-04-02T14:10:29+00:00,gid://shopify/DraftOrder/1505494073710,#D17355,DG9484699 - BO1,gid://shopify/DraftOrder/DRY_RUN,,DG9484699 - BO1.2,,9,1,178.0,204.0,87.25,1,2,partial_instock_split,true
2026-04-02T14:10:29+00:00,gid://shopify/DraftOrder/1505494204782,#D17357,DG6847813 - BO1,gid://shopify/DraftOrder/DRY_RUN,,DG6847813 - BO1.2,,9,1,178.0,204.0,87.25,1,2,partial_instock_split,true
2026-04-02T14:10:29+00:00,gid://shopify/DraftOrder/1505494401390,#D17359,BE2726905 - BO1,gid://shopify/DraftOrder/DRY_RUN,,BE2726905 - BO1.2,,9,1,304.0,330.0,92.12,1,2,partial_instock_split,true
2026-04-02T14:10:29+00:00,gid://shopify/DraftOrder/1505494827374,#D17370,62-260302 - BO1,gid://shopify/DraftOrder/DRY_RUN,,62-260302 - BO1.2,,8,1,1410.0,1800.0,78.33,1,2,partial_instock_split,true
2026-04-02T14:10:29+00:00,gid://shopify/DraftOrder/1505494925678,#D17373,DG7688618 - BO1,gid://shopify/DraftOrder/DRY_RUN,,DG7688618 - BO1.2,,9,1,178.0,204.0,87.25,1,2,partial_instock_split,true
2026-04-02T14:10:29+00:00,gid://shopify/DraftOrder/1505494991214,#D17375,DG3727061 - BO1,gid://shopify/DraftOrder/DRY_RUN,,DG3727061 - BO1.2,,9,1,178.0,204.0,87.25,1,2,partial_instock_split,true
2026-04-02T14:10:29+00:00,gid://shopify/DraftOrder/1505496007022,#D17398,BACKORDER-1,gid://shopify/DraftOrder/DRY_RUN,,BACKORDER-1-BO,,4,2,104.0,156.0,66.67,0,1,partial_instock_split,true
2026-04-02T14:10:29+00:00,gid://shopify/DraftOrder/1505496891758,#D17423,VB7583994BF - BO1,gid://shopify/DraftOrder/DRY_RUN,,VB7583994BF - BO1.2,,9,1,282.0,360.0,78.33,1,2,partial_instock_split,true
2026-04-02T14:10:29+00:00,gid://shopify/DraftOrder/1505504133486,#D17444,VB7583994HP - BO1,gid://shopify/DraftOrder/DRY_RUN,,VB7583994HP - BO1.2,,9,1,282.0,360.0,78.33,1,2,partial_instock_split,true
2026-04-02T14:10:29+00:00,gid://shopify/DraftOrder/1505504264558,#D17446,VB7583994CDA - BO1,gid://shopify/DraftOrder/DRY_RUN,,VB7583994CDA - BO1.2,,9,1,282.0,360.0,78.33,1,2,partial_instock_split,true
2026-04-02T14:10:29+00:00,gid://shopify/DraftOrder/1505504362862,#D17448,VB7583994WF - BO1,gid://shopify/DraftOrder/DRY_RUN,,VB7583994WF - BO1.2,,9,1,282.0,360.0,78.33,1,2,partial_instock_split,true
2026-04-02T14:10:29+00:00,gid://shopify/DraftOrder/1505525301614,#D17554,MM5141108 - BO1,gid://shopify/DraftOrder/DRY_RUN,,MM5141108 - BO1.2,,9,1,204.0,230.0,88.70,1,2,partial_instock_split,true
2026-04-02T14:10:29+00:00,gid://shopify/DraftOrder/1505584939374,#D17579,MM7827808 - BO1,gid://shopify/DraftOrder/DRY_RUN,,MM7827808 - BO1.2,,9,2,178.0,230.0,77.39,1,2,partial_instock_split,true
2026-04-02T14:10:29+00:00,gid://shopify/DraftOrder/1505609777518,#D17590,DS8593925 - BO1,gid://shopify/DraftOrder/DRY_RUN,,DS8593925 - BO1.2,,7,1,378.0,430.0,87.91,1,2,partial_instock_split,true
2026-04-02T14:10:29+00:00,gid://shopify/DraftOrder/1505651163502,#D17619,VB7583994-01 - BO1,gid://shopify/DraftOrder/DRY_RUN,,VB7583994-01 - BO1.2,,9,2,230.0,477.0,48.22,1,2,partial_instock_split,true
2026-04-02T14:10:29+00:00,gid://shopify/DraftOrder/1505681277294,#D17638,DS5787895 - BO1,gid://shopify/DraftOrder/DRY_RUN,,DS5787895 - BO1.2,,10,1,204.0,230.0,88.70,1,2,partial_instock_split,true
2026-04-02T14:10:29+00:00,gid://shopify/DraftOrder/1505855963502,#D17729,MM4500651 - BO1,gid://shopify/DraftOrder/DRY_RUN,,MM4500651 - BO1.2,,9,1,178.0,204.0,87.25,1,2,partial_instock_split,true
2026-04-02T14:10:30+00:00,gid://shopify/DraftOrder/1506308817262,#D17968,LL031226CY - BO1,gid://shopify/DraftOrder/DRY_RUN,,LL031226CY - BO1.2,,8,1,152.0,178.0,85.39,1,2,partial_instock_split,true
2026-04-02T14:10:30+00:00,gid://shopify/DraftOrder/1506308948334,#D17971,TP031626-3 - BO1,gid://shopify/DraftOrder/DRY_RUN,,TP031626-3 - BO1.2,,9,1,304.0,330.0,92.12,1,2,partial_instock_split,true
2026-04-02T14:10:30+00:00,gid://shopify/DraftOrder/1506462761326,#D18138,ALHG031626 - BO1,gid://shopify/DraftOrder/DRY_RUN,,ALHG031626 - BO1.2,,8,1,304.0,330.0,92.12,1,2,partial_instock_split,true
2026-04-02T14:10:30+00:00,gid://shopify/DraftOrder/1506462957934,#D18143,3143 - BO1,gid://shopify/DraftOrder/DRY_RUN,,3143 - BO1.2,,7,1,126.0,178.0,70.79,1,2,partial_instock_split,true
2026-04-02T14:10:30+00:00,gid://shopify/DraftOrder/1506525479278,#D18162,SF3930633Y - BO1,gid://shopify/DraftOrder/DRY_RUN,,SF3930633Y - BO1.2,,10,1,204.0,230.0,88.70,1,2,partial_instock_split,true
2026-04-02T14:10:30+00:00,gid://shopify/DraftOrder/1506721628526,#D18327,AB6566733 BO - BO1,gid://shopify/DraftOrder/DRY_RUN,,AB6566733 BO - BO1.2,,11,2,586.0,690.0,84.93,1,2,partial_instock_split,true
2026-04-02T14:10:30+00:00,gid://shopify/DraftOrder/1506735161710,#D18340,MH9446876 - BO1,gid://shopify/DraftOrder/DRY_RUN,,MH9446876 - BO1.2,,4,2,130.0,182.0,71.43,1,2,partial_instock_split,true
2026-04-02T14:10:30+00:00,gid://shopify/DraftOrder/1507022078318,#D18389,LL021726CY - BO1,gid://shopify/DraftOrder/DRY_RUN,,LL021726CY - BO1.2,,9,2,178.0,230.0,77.39,1,2,partial_instock_split,true
2026-04-02T14:10:30+00:00,gid://shopify/DraftOrder/1507506258286,#D18512,PRHG032326 - BO1,gid://shopify/DraftOrder/DRY_RUN,,PRHG032326 - BO1.2,,9,1,178.0,204.0,87.25,1,2,partial_instock_split,true
2026-04-02T14:10:30+00:00,gid://shopify/DraftOrder/1507543974254,#D18546,MM8576137 - BO1,gid://shopify/DraftOrder/DRY_RUN,,MM8576137 - BO1.2,2026-03-08,10,1,178.0,204.0,87.25,1,2,partial_instock_split,true
2026-04-02T14:10:30+00:00,gid://shopify/DraftOrder/1507653517678,#D18553,,gid://shopify/DraftOrder/DRY_RUN,,BO,,8,2,330.0,486.0,67.90,0,1,partial_instock_split,true
2026-04-02T14:10:30+00:00,gid://shopify/DraftOrder/1507812868462,#D18613,MM8295161 - BO1,gid://shopify/DraftOrder/DRY_RUN,,MM8295161 - BO1.2,2026-03-24,11,2,230.0,282.0,81.56,1,2,partial_instock_split,true
2026-04-02T14:10:30+00:00,gid://shopify/DraftOrder/1508015407470,#D18672,LG010926BB - BO1,gid://shopify/DraftOrder/DRY_RUN,,LG010926BB - BO1.2,,10,3,334.0,568.0,58.80,1,2,partial_instock_split,true
2026-04-02T14:10:30+00:00,gid://shopify/DraftOrder/1508015636846,#D18677,DO2038 - BO1,gid://shopify/DraftOrder/DRY_RUN,,DO2038 - BO1.2,2026-01-28,7,1,126.0,171.0,73.68,1,2,partial_instock_split,true
2026-04-02T14:10:30+00:00,gid://shopify/DraftOrder/1508015702382,#D18678,JM7132849 - BO1,gid://shopify/DraftOrder/DRY_RUN,,JM7132849 - BO1.2,2026-03-10,7,1,126.0,171.0,73.68,1,2,partial_instock_split,true
2026-04-02T14:10:30+00:00,gid://shopify/DraftOrder/1508128784750,#D18703,JK1564633 - BO1,gid://shopify/DraftOrder/DRY_RUN,,JK1564633 - BO1.2,,7,1,126.0,152.0,82.89,1,2,partial_instock_split,true
2026-04-02T14:10:30+00:00,gid://shopify/DraftOrder/1508129210734,#D18709,DG1130097 BO / CANDLES & MINI - BO1,gid://shopify/DraftOrder/DRY_RUN,,DG1130097 BO / CANDLES & MINI - BO1.2,,9,2,178.0,249.0,71.49,1,2,partial_instock_split,true
2026-04-02T14:10:30+00:00,gid://shopify/DraftOrder/1508129669486,#D18717,LL022826-SB - BO1,gid://shopify/DraftOrder/DRY_RUN,,LL022826-SB - BO1.2,2026-02-26,10,1,204.0,230.0,88.70,1,2,partial_instock_split,true
2026-04-02T14:10:30+00:00,gid://shopify/DraftOrder/1508169318766,#D18791,RJ6953781 BO - BO1,gid://shopify/DraftOrder/DRY_RUN,,RJ6953781 BO - BO1.2,,8,1,152.0,178.0,85.39,1,2,partial_instock_split,true
2026-04-02T14:10:30+00:00,gid://shopify/DraftOrder/1508190814574,#D18846,PJ4134956 - BO1,gid://shopify/DraftOrder/DRY_RUN,,PJ4134956 - BO1.2,2026-03-16,7,1,504.0,564.0,89.36,1,2,partial_instock_split,true
2026-04-02T14:10:30+00:00,gid://shopify/DraftOrder/1508228825454,#D18878,SB4392393 - BO1,gid://shopify/DraftOrder/DRY_RUN,,SB4392393 - BO1.2,2026-03-02,7,2,252.0,330.0,76.36,1,2,partial_instock_split,true
2026-04-02T14:10:30+00:00,gid://shopify/DraftOrder/1508238131566,#D18891,02.02.2026 Ship mostly complete - BO1,gid://shopify/DraftOrder/DRY_RUN,,02.02.2026 Ship mostly complete - BO1.2,,8,1,278.0,304.0,91.45,1,2,partial_instock_split,true
2026-04-02T14:10:30+00:00,gid://shopify/DraftOrder/1508366025070,#D18938,KS6976140 - BO1,gid://shopify/DraftOrder/DRY_RUN,,KS6976140 - BO1.2,,8,1,152.0,178.0,85.39,1,2,partial_instock_split,true
2026-04-02T14:10:30+00:00,gid://shopify/DraftOrder/1508470063470,#D19134,JC8574861 /MINI/ FLART/JOURNAL/ PENS - BO1,gid://shopify/DraftOrder/DRY_RUN,,JC8574861 /MINI/ FLART/JOURNAL/ PENS - BO1.2,,8,1,404.0,430.0,93.95,1,2,partial_instock_split,true
2026-04-02T14:10:30+00:00,gid://shopify/DraftOrder/1508470620526,#D19146,SHIP 4/1/26 - BO1,gid://shopify/DraftOrder/DRY_RUN,,SHIP 4/1/26 - BO1.2,,7,1,126.0,152.0,82.89,1,2,partial_instock_split,true
2026-04-02T14:10:30+00:00,gid://shopify/DraftOrder/1508470882670,#D19150,EF5176149 - BO1,gid://shopify/DraftOrder/DRY_RUN,,EF5176149 - BO1.2,,7,2,126.0,204.0,61.76,1,2,partial_instock_split,true
2026-04-02T14:10:30+00:00,gid://shopify/DraftOrder/1508551065966,#D19168,KC4429944 - BO1,gid://shopify/DraftOrder/DRY_RUN,,KC4429944 - BO1.2,2026-03-27,9,3,178.0,256.0,69.53,1,2,partial_instock_split,true
2026-04-02T14:10:30+00:00,gid://shopify/DraftOrder/1508846141806,#D19173,CF409 - BO1,gid://shopify/DraftOrder/DRY_RUN,,CF409 - BO1.2,2026-03-29,9,1,230.0,282.0,81.56,1,2,partial_instock_split,true
2026-04-02T14:10:30+00:00,gid://shopify/DraftOrder/1508948050286,#D19185,SE4531894 - BO1,gid://shopify/DraftOrder/DRY_RUN,,SE4531894 - BO1.2,2026-03-28,7,2,126.0,178.0,70.79,1,2,partial_instock_split,true
2026-04-02T14:10:30+00:00,gid://shopify/DraftOrder/1508948377966,#D19192,VF-6684175 - BO1,gid://shopify/DraftOrder/DRY_RUN,,VF-6684175 - BO1.2,2026-03-30,8,2,152.0,238.0,63.87,1,2,partial_instock_split,true
2026-04-02T14:10:30+00:00,gid://shopify/DraftOrder/1509118902638,#D19211,EBS26154,gid://shopify/DraftOrder/DRY_RUN,,EBS26154-BO,2026-03-30,8,1,1542.0,1698.0,90.81,0,1,partial_instock_split,true
2026-04-02T14:10:30+00:00,gid://shopify/DraftOrder/1509125914990,#D19217,AT8746216 - BO1,gid://shopify/DraftOrder/DRY_RUN,,AT8746216 - BO1.2,2026-03-30,6,1,252.0,369.0,68.29,1,2,partial_instock_split,true
2026-04-02T14:10:30+00:00,gid://shopify/DraftOrder/1509126111598,#D19220,LC5336406 - BO1,gid://shopify/DraftOrder/DRY_RUN,,LC5336406 - BO1.2,2026-03-29,8,2,152.0,204.0,74.51,1,2,partial_instock_split,true
2026-04-02T14:10:30+00:00,gid://shopify/DraftOrder/1509431738734,#D19305,ES3981350  BO,gid://shopify/DraftOrder/DRY_RUN,,ES3981350  BO.2,,7,3,126.0,230.0,54.78,1,2,partial_instock_split,true
2026-04-02T14:10:30+00:00,gid://shopify/DraftOrder/1509543936366,#D19737,SR6287754 - BO1,gid://shopify/DraftOrder/DRY_RUN,,SR6287754 - BO1.2,2026-03-31,7,1,126.0,152.0,82.89,1,2,partial_instock_split,true
2026-04-02T14:10:30+00:00,gid://shopify/DraftOrder/1509695029614,#D19796,40126-ll-mw - BO1,gid://shopify/DraftOrder/DRY_RUN,,40126-ll-mw - BO1.2,2026-04-01,8,3,152.0,282.0,53.90,1,2,partial_instock_split,true
2026-04-02T14:10:30+00:00,gid://shopify/DraftOrder/1509783568750,#D19867,KB8528092,gid://shopify/DraftOrder/DRY_RUN,,KB8528092-BO,2026-04-01,14,1,676.0,728.0,92.86,0,1,partial_instock_split,true
2026-04-02T15:14:16+00:00,gid://shopify/DraftOrder/1496911872366,#D12402,CB7570-SAN BO,gid://shopify/DraftOrder/DRY_RUN,,CB7570-SAN BO.2,2026-01-05,7,1,126.0,178.0,70.79,1,2,partial_instock_split,true
2026-04-02T15:14:16+00:00,gid://shopify/DraftOrder/1496911937902,#D12403,CB4407-MON BO,gid://shopify/DraftOrder/DRY_RUN,,CB4407-MON BO.2,2026-01-05,7,1,126.0,178.0,70.79,1,2,partial_instock_split,true
2026-04-02T15:14:16+00:00,gid://shopify/DraftOrder/1496911970670,#D12404,CB4751-MAL BO,gid://shopify/DraftOrder/DRY_RUN,,CB4751-MAL BO.2,2026-01-05,7,1,126.0,178.0,70.79,1,2,partial_instock_split,true
2026-04-02T15:14:16+00:00,gid://shopify/DraftOrder/1497364300142,#D12619,TH08012652446 BO,gid://shopify/DraftOrder/DRY_RUN,,TH08012652446 BO.2,2025-11-17,7,1,126.0,152.0,82.89,1,2,partial_instock_split,true
2026-04-02T15:14:16+00:00,gid://shopify/DraftOrder/1497607209326,#D12673,5714  BO,gid://shopify/DraftOrder/DRY_RUN,,5714  BO.2,,8,1,152.0,178.0,85.39,1,2,partial_instock_split,true
2026-04-02T15:14:16+00:00,gid://shopify/DraftOrder/1497607668078,#D12675,0012 BO,gid://shopify/DraftOrder/DRY_RUN,,0012 BO.2,,2,1,104.0,156.0,66.67,1,2,partial_instock_split,true
2026-04-02T15:14:16+00:00,gid://shopify/DraftOrder/1497738772846,#D12730,MM6199313  BO,gid://shopify/DraftOrder/DRY_RUN,,MM6199313  BO.2,,3,1,104.0,130.0,80.00,1,2,partial_instock_split,true
2026-04-02T15:14:16+00:00,gid://shopify/DraftOrder/1497973096814,#D12787,1180 BO,gid://shopify/DraftOrder/DRY_RUN,,1180 BO.2,2026-01-14,9,2,408.0,564.0,72.34,1,2,partial_instock_split,true
2026-04-02T15:14:16+00:00,gid://shopify/DraftOrder/1498110361966,#D12801,CF011526 BO,gid://shopify/DraftOrder/DRY_RUN,,CF011526 BO.2,2026-01-15,9,2,230.0,334.0,68.86,1,2,partial_instock_split,true
2026-04-02T15:14:16+00:00,gid://shopify/DraftOrder/1498207650158,#D12818,TTR BO,gid://shopify/DraftOrder/DRY_RUN,,TTR BO.2,,8,1,330.0,408.0,80.88,1,2,partial_instock_split,true
2026-04-02T15:14:16+00:00,gid://shopify/DraftOrder/1498382500206,#D12847,SR5983058   2/16 BO,gid://shopify/DraftOrder/DRY_RUN,,SR5983058   2/16 BO.2,2026-02-16,2,1,104.0,156.0,66.67,1,2,partial_instock_split,true
2026-04-02T15:14:16+00:00,gid://shopify/DraftOrder/1498433585518,#D12850,LL011525CY BO,gid://shopify/DraftOrder/DRY_RUN,,LL011525CY BO.2,2026-01-15,8,1,152.0,182.0,83.52,1,2,partial_instock_split,true
2026-04-02T15:14:16+00:00,gid://shopify/DraftOrder/1498615185774,#D12886,2407908SRG BO,gid://shopify/DraftOrder/DRY_RUN,,2407908SRG BO.2,2026-01-15,8,1,330.0,408.0,80.88,1,2,partial_instock_split,true
2026-04-02T15:14:16+00:00,gid://shopify/DraftOrder/1498615546222,#D12893,KS4236822 BO,gid://shopify/DraftOrder/DRY_RUN,,KS4236822 BO.2,2026-01-30,8,1,152.0,178.0,85.39,1,2,partial_instock_split,true
2026-04-02T15:14:16+00:00,gid://shopify/DraftOrder/1498639499630,#D12896,AB5013822 BO includes metallic and cottage,gid://shopify/DraftOrder/DRY_RUN,,AB5013822 BO includes metallic and cottage-BO,2026-01-19,9,1,204.0,256.0,79.69,0,1,partial_instock_split,true
2026-04-02T15:14:16+00:00,gid://shopify/DraftOrder/1498664370542,#D12927,MA1153949  BO,gid://shopify/DraftOrder/DRY_RUN,,MA1153949  BO.2,,9,1,230.0,282.0,81.56,1,2,partial_instock_split,true
2026-04-02T15:14:16+00:00,gid://shopify/DraftOrder/1498794328430,#D12993,CF366 BO,gid://shopify/DraftOrder/DRY_RUN,,CF366 BO.2,2026-01-20,9,1,178.0,204.0,87.25,1,2,partial_instock_split,true
2026-04-02T15:14:16+00:00,gid://shopify/DraftOrder/1498839253358,#D13004,TJ5669845 BO,gid://shopify/DraftOrder/DRY_RUN,,TJ5669845 BO.2,2026-01-21,8,1,304.0,356.0,85.39,1,2,partial_instock_split,true
2026-04-02T15:14:16+00:00,gid://shopify/DraftOrder/1498985693550,#D13084,VB9805227 BO,gid://shopify/DraftOrder/DRY_RUN,,VB9805227 BO.2,,9,1,178.0,204.0,87.25,1,2,partial_instock_split,true
2026-04-02T15:14:16+00:00,gid://shopify/DraftOrder/1499007517038,#D13100,CC7935359 BO,gid://shopify/DraftOrder/DRY_RUN,,CC7935359 BO.2,2026-03-16,9,1,178.0,204.0,87.25,1,2,partial_instock_split,true
2026-04-02T15:14:16+00:00,gid://shopify/DraftOrder/1499007648110,#D13103,MA8409579 BO,gid://shopify/DraftOrder/DRY_RUN,,MA8409579 BO.2,2026-01-22,8,1,152.0,182.0,83.52,1,2,partial_instock_split,true
2026-04-02T15:14:16+00:00,gid://shopify/DraftOrder/1499100381550,#D13141,indigo BO,gid://shopify/DraftOrder/DRY_RUN,,indigo BO.2,,8,1,705.0,861.0,81.88,1,2,partial_instock_split,true
2026-04-02T15:14:16+00:00,gid://shopify/DraftOrder/1499247903086,#D13210,KS6301114 BO,gid://shopify/DraftOrder/DRY_RUN,,KS6301114 BO.2,2026-01-20,10,1,408.0,486.0,83.95,1,2,partial_instock_split,true
2026-04-02T15:14:16+00:00,gid://shopify/DraftOrder/1499439890798,#D13281,9121035-BF tracing,gid://shopify/DraftOrder/DRY_RUN,,9121035-BF tracing-BO,2026-01-29,9,1,178.0,204.0,87.25,0,1,partial_instock_split,true
2026-04-02T15:14:16+00:00,gid://shopify/DraftOrder/1499491271022,#D13301,MM2754842 BO,gid://shopify/DraftOrder/DRY_RUN,,MM2754842 BO.2,2026-01-26,7,1,252.0,278.0,90.65,1,2,partial_instock_split,true
2026-04-02T15:14:16+00:00,gid://shopify/DraftOrder/1499539046766,#D13326,MA3053130 Tracing BO,gid://shopify/DraftOrder/DRY_RUN,,MA3053130 Tracing BO.2,2026-01-26,7,2,126.0,178.0,70.79,1,2,partial_instock_split,true
2026-04-02T15:14:16+00:00,gid://shopify/DraftOrder/1499601600878,#D13434,MB5026614 BO,gid://shopify/DraftOrder/DRY_RUN,,MB5026614 BO.2,,9,1,178.0,204.0,87.25,1,2,partial_instock_split,true
2026-04-02T15:14:16+00:00,gid://shopify/DraftOrder/1499601830254,#D13437,VB4931108 BO,gid://shopify/DraftOrder/DRY_RUN,,VB4931108 BO.2,,9,1,178.0,204.0,87.25,1,2,partial_instock_split,true
2026-04-02T15:14:16+00:00,gid://shopify/DraftOrder/1499716649326,#D13475,MM6902237 BO,gid://shopify/DraftOrder/DRY_RUN,,MM6902237 BO.2,2026-01-28,8,1,178.0,230.0,77.39,1,2,partial_instock_split,true
2026-04-02T15:14:16+00:00,gid://shopify/DraftOrder/1500255813998,#D13888,RG2092390 BO,gid://shopify/DraftOrder/DRY_RUN,,RG2092390 BO.2,2026-01-26,9,1,178.0,204.0,87.25,1,2,partial_instock_split,true
2026-04-02T15:14:16+00:00,gid://shopify/DraftOrder/1500408021358,#D13918,MM8633892 BO,gid://shopify/DraftOrder/DRY_RUN,,MM8633892 BO.2,2026-01-25,9,1,178.0,204.0,87.25,1,2,partial_instock_split,true
2026-04-02T15:14:16+00:00,gid://shopify/DraftOrder/1500461760878,#D13953,RG1331099 BO,gid://shopify/DraftOrder/DRY_RUN,,RG1331099 BO.2,,9,1,204.0,230.0,88.70,1,2,partial_instock_split,true
2026-04-02T15:14:16+00:00,gid://shopify/DraftOrder/1500504654190,#D13970,HB5059241 BO,gid://shopify/DraftOrder/DRY_RUN,,HB5059241 BO.2,,9,1,304.0,330.0,92.12,1,2,partial_instock_split,true
2026-04-02T15:14:16+00:00,gid://shopify/DraftOrder/1500857401710,#D14219,LFL-021626 BO,gid://shopify/DraftOrder/DRY_RUN,,LFL-021626 BO.2,2026-02-16,8,2,582.0,764.0,76.18,1,2,partial_instock_split,true
2026-04-02T15:14:16+00:00,gid://shopify/DraftOrder/1502053630318,#D14735,Toy Fair '26 BO,gid://shopify/DraftOrder/DRY_RUN,,Toy Fair '26 BO.2,,8,1,152.0,178.0,85.39,1,2,partial_instock_split,true
2026-04-02T15:14:16+00:00,gid://shopify/DraftOrder/1502092296558,#D14758,Toy Fair BO,gid://shopify/DraftOrder/DRY_RUN,,Toy Fair BO.2,,11,1,638.0,716.0,89.11,1,2,partial_instock_split,true
2026-04-02T15:14:16+00:00,gid://shopify/DraftOrder/1502220747118,#D14921,#PK8433835 BO,gid://shopify/DraftOrder/DRY_RUN,,#PK8433835 BO.2,,9,1,178.0,204.0,87.25,1,2,partial_instock_split,true
2026-04-02T15:14:16+00:00,gid://shopify/DraftOrder/1502597874030,#D15036,LL226  BO,gid://shopify/DraftOrder/DRY_RUN,,LL226  BO.2,,10,1,1458.0,1692.0,86.17,1,2,partial_instock_split,true
2026-04-02T15:14:16+00:00,gid://shopify/DraftOrder/1502760632686,#D15176,CC2178818 BO,gid://shopify/DraftOrder/DRY_RUN,,CC2178818 BO.2,,10,1,204.0,249.0,81.93,1,2,partial_instock_split,true
2026-04-02T15:14:16+00:00,gid://shopify/DraftOrder/1502763516270,#D15185,SP9905140 BO,gid://shopify/DraftOrder/DRY_RUN,,SP9905140 BO.2,,9,1,178.0,204.0,87.25,1,2,partial_instock_split,true
2026-04-02T15:14:16+00:00,gid://shopify/DraftOrder/1502900289902,#D15418,SP6062886 BO,gid://shopify/DraftOrder/DRY_RUN,,SP6062886 BO.2,,10,1,204.0,230.0,88.70,1,2,partial_instock_split,true
2026-04-02T15:14:16+00:00,gid://shopify/DraftOrder/1502900453742,#D15419,KB1491624 BO,gid://shopify/DraftOrder/DRY_RUN,,KB1491624 BO.2,,7,2,252.0,356.0,70.79,1,2,partial_instock_split,true
2026-04-02T15:14:16+00:00,gid://shopify/DraftOrder/1502971658606,#D15469,NC5843786  BO,gid://shopify/DraftOrder/DRY_RUN,,NC5843786  BO.2,,9,1,178.0,204.0,87.25,1,2,partial_instock_split,true
2026-04-02T15:14:16+00:00,gid://shopify/DraftOrder/1502972248430,#D15470,cs2446652 BO,gid://shopify/DraftOrder/DRY_RUN,,cs2446652 BO.2,2026-03-10,9,2,178.0,230.0,77.39,1,2,partial_instock_split,true
2026-04-02T15:14:16+00:00,gid://shopify/DraftOrder/1502991548782,#D15485,MM7778954 BO,gid://shopify/DraftOrder/DRY_RUN,,MM7778954 BO.2,,9,1,330.0,356.0,92.70,1,2,partial_instock_split,true
2026-04-02T15:14:16+00:00,gid://shopify/DraftOrder/1503346753902,#D15534,1341 BO,gid://shopify/DraftOrder/DRY_RUN,,1341 BO.2,2026-02-10,10,1,204.0,230.0,88.70,1,2,partial_instock_split,true
2026-04-02T15:14:16+00:00,gid://shopify/DraftOrder/1503788499310,#D15550,CF9264084 BO,gid://shopify/DraftOrder/DRY_RUN,,CF9264084 BO.2,2026-02-28,9,1,178.0,204.0,87.25,1,2,partial_instock_split,true
2026-04-02T15:14:16+00:00,gid://shopify/DraftOrder/1503919210862,#D15604,JG7446832 BO,gid://shopify/DraftOrder/DRY_RUN,,JG7446832 BO.2,2026-02-03,9,1,178.0,204.0,87.25,1,2,partial_instock_split,true
2026-04-02T15:14:16+00:00,gid://shopify/DraftOrder/1503939559790,#D15639,JK1354448 BO,gid://shopify/DraftOrder/DRY_RUN,,JK1354448 BO.2,2026-02-19,4,1,504.0,660.0,76.36,1,2,partial_instock_split,true
2026-04-02T15:14:16+00:00,gid://shopify/DraftOrder/1503950831982,#D15650,298LFN30236VB BO,gid://shopify/DraftOrder/DRY_RUN,,298LFN30236VB BO.2,2026-03-02,9,2,204.0,282.0,72.34,1,2,partial_instock_split,true
2026-04-02T15:14:16+00:00,gid://shopify/DraftOrder/1504351584622,#D15695,VC7593614 BO,gid://shopify/DraftOrder/DRY_RUN,,VC7593614 BO.2,,9,1,178.0,204.0,87.25,1,2,partial_instock_split,true
2026-04-02T15:14:16+00:00,gid://shopify/DraftOrder/1504434291054,#D15736,DGCAMEX26LIF BO,gid://shopify/DraftOrder/DRY_RUN,,DGCAMEX26LIF BO.2,,9,1,178.0,204.0,87.25,1,2,partial_instock_split,true
2026-04-02T15:14:16+00:00,gid://shopify/DraftOrder/1504436879726,#D15738,DG7106135 BO,gid://shopify/DraftOrder/DRY_RUN,,DG7106135 BO.2,,9,1,178.0,204.0,87.25,1,2,partial_instock_split,true
2026-04-02T15:14:16+00:00,gid://shopify/DraftOrder/1504438845806,#D15742,DG6057279 BO,gid://shopify/DraftOrder/DRY_RUN,,DG6057279 BO.2,,9,1,178.0,204.0,87.25,1,2,partial_instock_split,true
2026-04-02T15:14:16+00:00,gid://shopify/DraftOrder/1504560284014,#D15913,LB5607286 BO MINI,gid://shopify/DraftOrder/DRY_RUN,,LB5607286 BO MINI-BO,,9,1,178.0,204.0,87.25,0,1,partial_instock_split,true
2026-04-02T15:14:16+00:00,gid://shopify/DraftOrder/1504561922414,#D15917,DG9921726 BO,gid://shopify/DraftOrder/DRY_RUN,,DG9921726 BO.2,,9,1,178.0,204.0,87.25,1,2,partial_instock_split,true
2026-04-02T15:14:16+00:00,gid://shopify/DraftOrder/1504563102062,#D15918,DG5917216 BO MINI & FLART,gid://shopify/DraftOrder/DRY_RUN,,DG5917216 BO MINI & FLART-BO,,9,1,178.0,204.0,87.25,0,1,partial_instock_split,true
2026-04-02T15:14:16+00:00,gid://shopify/DraftOrder/1504563921262,#D15919,DG9238460 BO,gid://shopify/DraftOrder/DRY_RUN,,DG9238460 BO.2,,9,1,178.0,204.0,87.25,1,2,partial_instock_split,true
2026-04-02T15:14:16+00:00,gid://shopify/DraftOrder/1504565100910,#D15920,DG4549757 BO,gid://shopify/DraftOrder/DRY_RUN,,DG4549757 BO.2,,9,1,178.0,204.0,87.25,1,2,partial_instock_split,true
2026-04-02T15:14:16+00:00,gid://shopify/DraftOrder/1504565526894,#D15921,DG7911964 BO,gid://shopify/DraftOrder/DRY_RUN,,DG7911964 BO.2,,9,1,178.0,204.0,87.25,1,2,partial_instock_split,true
2026-04-02T15:14:16+00:00,gid://shopify/DraftOrder/1504566378862,#D15922,DG4493290 BO,gid://shopify/DraftOrder/DRY_RUN,,DG4493290 BO.2,,9,1,178.0,204.0,87.25,1,2,partial_instock_split,true
2026-04-02T15:14:16+00:00,gid://shopify/DraftOrder/1504567132526,#D15923,DG3591499 BO,gid://shopify/DraftOrder/DRY_RUN,,DG3591499 BO.2,,9,1,178.0,204.0,87.25,1,2,partial_instock_split,true
2026-04-02T15:14:16+00:00,gid://shopify/DraftOrder/1504677953902,#D15940,mini bo & foodie,gid://shopify/DraftOrder/DRY_RUN,,mini bo & foodie-BO,,7,1,126.0,152.0,82.89,0,1,partial_instock_split,true
2026-04-02T15:14:16+00:00,gid://shopify/DraftOrder/1504702005614,#D15953,MINI foody,gid://shopify/DraftOrder/DRY_RUN,,MINI foody-BO,,7,1,126.0,152.0,82.89,0,1,partial_instock_split,true
2026-04-02T15:14:16+00:00,gid://shopify/DraftOrder/1504724648302,#D15965,PK1425996 BO,gid://shopify/DraftOrder/DRY_RUN,,PK1425996 BO.2,,9,1,178.0,204.0,87.25,1,2,partial_instock_split,true
2026-04-02T15:14:16+00:00,gid://shopify/DraftOrder/1505204601198,#D16218,GP3208033 - BO1,gid://shopify/DraftOrder/DRY_RUN,,GP3208033 - BO1.2,,8,1,204.0,230.0,88.70,1,2,partial_instock_split,true
2026-04-02T15:14:16+00:00,gid://shopify/DraftOrder/1505219674478,#D16286,MM1316757 - BO1,gid://shopify/DraftOrder/DRY_RUN,,MM1316757 - BO1.2,,10,1,204.0,230.0,88.70,1,2,partial_instock_split,true
2026-04-02T15:14:16+00:00,gid://shopify/DraftOrder/1505223213422,#D16297,AB3853648 - BO1,gid://shopify/DraftOrder/DRY_RUN,,AB3853648 - BO1.2,,8,1,178.0,230.0,77.39,1,2,partial_instock_split,true
2026-04-02T15:14:16+00:00,gid://shopify/DraftOrder/1505253753198,#D16450,JC7207786 - BO1,gid://shopify/DraftOrder/DRY_RUN,,JC7207786 - BO1.2,,7,1,126.0,152.0,82.89,1,2,partial_instock_split,true
2026-04-02T15:14:16+00:00,gid://shopify/DraftOrder/1505254408558,#D16463,RJ17012666740 - BO1,gid://shopify/DraftOrder/DRY_RUN,,RJ17012666740 - BO1.2,,8,2,152.0,256.0,59.38,1,2,partial_instock_split,true
2026-04-02T15:14:16+00:00,gid://shopify/DraftOrder/1505255227758,#D16482,OM9050092 - BO1,gid://shopify/DraftOrder/DRY_RUN,,OM9050092 - BO1.2,,8,1,152.0,178.0,85.39,1,2,partial_instock_split,true
2026-04-02T15:14:16+00:00,gid://shopify/DraftOrder/1505256112494,#D16499,OM3335011 - BO1,gid://shopify/DraftOrder/DRY_RUN,,OM3335011 - BO1.2,,8,1,152.0,178.0,85.39,1,2,partial_instock_split,true
2026-04-02T15:14:16+00:00,gid://shopify/DraftOrder/1505287831918,#D16739,SH7599419 - BO1,gid://shopify/DraftOrder/DRY_RUN,,SH7599419 - BO1.2,,11,1,486.0,538.0,90.33,1,2,partial_instock_split,true
2026-04-02T15:14:16+00:00,gid://shopify/DraftOrder/1505288323438,#D16750,SH1727352 - BO1,gid://shopify/DraftOrder/DRY_RUN,,SH1727352 - BO1.2,,11,1,408.0,434.0,94.01,1,2,partial_instock_split,true
2026-04-02T15:14:16+00:00,gid://shopify/DraftOrder/1505291796846,#D16831,5035458-CL - BO1,gid://shopify/DraftOrder/DRY_RUN,,5035458-CL - BO1.2,,7,1,178.0,230.0,77.39,1,2,partial_instock_split,true
2026-04-02T15:14:16+00:00,gid://shopify/DraftOrder/1505294844270,#D16910,CANDLE/ MINI / FLOW BO - BO1,gid://shopify/DraftOrder/DRY_RUN,,CANDLE/ MINI / FLOW BO - BO1.2,,11,1,382.0,434.0,88.02,1,2,partial_instock_split,true
2026-04-02T15:14:16+00:00,gid://shopify/DraftOrder/1505302577518,#D17083,8225 - BO1,gid://shopify/DraftOrder/DRY_RUN,,8225 - BO1.2,,11,1,664.0,742.0,89.49,1,2,partial_instock_split,true
2026-04-02T15:14:16+00:00,gid://shopify/DraftOrder/1505303331182,#D17097,12926DE - BO1,gid://shopify/DraftOrder/DRY_RUN,,12926DE - BO1.2,,12,3,282.0,450.0,62.67,1,2,partial_instock_split,true
2026-04-02T15:14:16+00:00,gid://shopify/DraftOrder/1505304215918,#D17115,BW012126 - BO1,gid://shopify/DraftOrder/DRY_RUN,,BW012126 - BO1.2,,4,2,156.0,208.0,75.00,1,2,partial_instock_split,true
2026-04-02T15:14:16+00:00,gid://shopify/DraftOrder/1505308770670,#D17219,01.28.26 BO - BO1,gid://shopify/DraftOrder/DRY_RUN,,01.28.26 BO - BO1.2,,9,1,178.0,204.0,87.25,1,2,partial_instock_split,true
2026-04-02T15:14:16+00:00,gid://shopify/DraftOrder/1505309426030,#D17233,LS21150-BO1,gid://shopify/DraftOrder/DRY_RUN,,LS21150-BO1.2,,12,1,434.0,460.0,94.35,1,2,partial_instock_split,true
2026-04-02T15:14:16+00:00,gid://shopify/DraftOrder/1505493877102,#D17350,6198- BO1,gid://shopify/DraftOrder/DRY_RUN,,6198- BO1.2,,7,1,126.0,152.0,82.89,1,2,partial_instock_split,true
2026-04-02T15:14:16+00:00,gid://shopify/DraftOrder/1505494040942,#D17354,DG3122039 - BO1,gid://shopify/DraftOrder/DRY_RUN,,DG3122039 - BO1.2,,9,1,178.0,204.0,87.25,1,2,partial_instock_split,true
2026-04-02T15:14:16+00:00,gid://shopify/DraftOrder/1505494073710,#D17355,DG9484699 - BO1,gid://shopify/DraftOrder/DRY_RUN,,DG9484699 - BO1.2,,9,1,178.0,204.0,87.25,1,2,partial_instock_split,true
2026-04-02T15:14:16+00:00,gid://shopify/DraftOrder/1505494204782,#D17357,DG6847813 - BO1,gid://shopify/DraftOrder/DRY_RUN,,DG6847813 - BO1.2,,9,1,178.0,204.0,87.25,1,2,partial_instock_split,true
2026-04-02T15:14:16+00:00,gid://shopify/DraftOrder/1505494401390,#D17359,BE2726905 - BO1,gid://shopify/DraftOrder/DRY_RUN,,BE2726905 - BO1.2,,9,1,304.0,330.0,92.12,1,2,partial_instock_split,true
2026-04-02T15:14:16+00:00,gid://shopify/DraftOrder/1505494827374,#D17370,62-260302 - BO1,gid://shopify/DraftOrder/DRY_RUN,,62-260302 - BO1.2,,8,1,1410.0,1800.0,78.33,1,2,partial_instock_split,true
2026-04-02T15:14:16+00:00,gid://shopify/DraftOrder/1505494925678,#D17373,DG7688618 - BO1,gid://shopify/DraftOrder/DRY_RUN,,DG7688618 - BO1.2,,9,1,178.0,204.0,87.25,1,2,partial_instock_split,true
2026-04-02T15:14:16+00:00,gid://shopify/DraftOrder/1505494991214,#D17375,DG3727061 - BO1,gid://shopify/DraftOrder/DRY_RUN,,DG3727061 - BO1.2,,9,1,178.0,204.0,87.25,1,2,partial_instock_split,true
2026-04-02T15:14:16+00:00,gid://shopify/DraftOrder/1505496007022,#D17398,BACKORDER-1,gid://shopify/DraftOrder/DRY_RUN,,BACKORDER-1-BO,,4,2,104.0,156.0,66.67,0,1,partial_instock_split,true
2026-04-02T15:14:16+00:00,gid://shopify/DraftOrder/1505496891758,#D17423,VB7583994BF - BO1,gid://shopify/DraftOrder/DRY_RUN,,VB7583994BF - BO1.2,,9,1,282.0,360.0,78.33,1,2,partial_instock_split,true
2026-04-02T15:14:16+00:00,gid://shopify/DraftOrder/1505504133486,#D17444,VB7583994HP - BO1,gid://shopify/DraftOrder/DRY_RUN,,VB7583994HP - BO1.2,,9,1,282.0,360.0,78.33,1,2,partial_instock_split,true
2026-04-02T15:14:16+00:00,gid://shopify/DraftOrder/1505504264558,#D17446,VB7583994CDA - BO1,gid://shopify/DraftOrder/DRY_RUN,,VB7583994CDA - BO1.2,,9,1,282.0,360.0,78.33,1,2,partial_instock_split,true
2026-04-02T15:14:16+00:00,gid://shopify/DraftOrder/1505504362862,#D17448,VB7583994WF - BO1,gid://shopify/DraftOrder/DRY_RUN,,VB7583994WF - BO1.2,,9,1,282.0,360.0,78.33,1,2,partial_instock_split,true
2026-04-02T15:14:16+00:00,gid://shopify/DraftOrder/1505525301614,#D17554,MM5141108 - BO1,gid://shopify/DraftOrder/DRY_RUN,,MM5141108 - BO1.2,,9,1,204.0,230.0,88.70,1,2,partial_instock_split,true
2026-04-02T15:14:16+00:00,gid://shopify/DraftOrder/1505584939374,#D17579,MM7827808 - BO1,gid://shopify/DraftOrder/DRY_RUN,,MM7827808 - BO1.2,,9,2,178.0,230.0,77.39,1,2,partial_instock_split,true
2026-04-02T15:14:16+00:00,gid://shopify/DraftOrder/1505609777518,#D17590,DS8593925 - BO1,gid://shopify/DraftOrder/DRY_RUN,,DS8593925 - BO1.2,,7,1,378.0,430.0,87.91,1,2,partial_instock_split,true
2026-04-02T15:14:16+00:00,gid://shopify/DraftOrder/1505651163502,#D17619,VB7583994-01 - BO1,gid://shopify/DraftOrder/DRY_RUN,,VB7583994-01 - BO1.2,,9,2,230.0,477.0,48.22,1,2,partial_instock_split,true
2026-04-02T15:14:16+00:00,gid://shopify/DraftOrder/1505681277294,#D17638,DS5787895 - BO1,gid://shopify/DraftOrder/DRY_RUN,,DS5787895 - BO1.2,,10,1,204.0,230.0,88.70,1,2,partial_instock_split,true
2026-04-02T15:14:16+00:00,gid://shopify/DraftOrder/1505855963502,#D17729,MM4500651 - BO1,gid://shopify/DraftOrder/DRY_RUN,,MM4500651 - BO1.2,,9,1,178.0,204.0,87.25,1,2,partial_instock_split,true
2026-04-02T15:14:16+00:00,gid://shopify/DraftOrder/1506308817262,#D17968,LL031226CY - BO1,gid://shopify/DraftOrder/DRY_RUN,,LL031226CY - BO1.2,,8,1,152.0,178.0,85.39,1,2,partial_instock_split,true
2026-04-02T15:14:16+00:00,gid://shopify/DraftOrder/1506308948334,#D17971,TP031626-3 - BO1,gid://shopify/DraftOrder/DRY_RUN,,TP031626-3 - BO1.2,,9,1,304.0,330.0,92.12,1,2,partial_instock_split,true
2026-04-02T15:14:16+00:00,gid://shopify/DraftOrder/1506462761326,#D18138,ALHG031626 - BO1,gid://shopify/DraftOrder/DRY_RUN,,ALHG031626 - BO1.2,,8,1,304.0,330.0,92.12,1,2,partial_instock_split,true
2026-04-02T15:14:16+00:00,gid://shopify/DraftOrder/1506462957934,#D18143,3143 - BO1,gid://shopify/DraftOrder/DRY_RUN,,3143 - BO1.2,,7,1,126.0,178.0,70.79,1,2,partial_instock_split,true
2026-04-02T15:14:16+00:00,gid://shopify/DraftOrder/1506525479278,#D18162,SF3930633Y - BO1,gid://shopify/DraftOrder/DRY_RUN,,SF3930633Y - BO1.2,,10,1,204.0,230.0,88.70,1,2,partial_instock_split,true
2026-04-02T15:14:16+00:00,gid://shopify/DraftOrder/1506721628526,#D18327,AB6566733 BO - BO1,gid://shopify/DraftOrder/DRY_RUN,,AB6566733 BO - BO1.2,,11,2,586.0,690.0,84.93,1,2,partial_instock_split,true
2026-04-02T15:14:16+00:00,gid://shopify/DraftOrder/1506735161710,#D18340,MH9446876 - BO1,gid://shopify/DraftOrder/DRY_RUN,,MH9446876 - BO1.2,,4,2,130.0,182.0,71.43,1,2,partial_instock_split,true
2026-04-02T15:14:16+00:00,gid://shopify/DraftOrder/1507022078318,#D18389,LL021726CY - BO1,gid://shopify/DraftOrder/DRY_RUN,,LL021726CY - BO1.2,,9,2,178.0,230.0,77.39,1,2,partial_instock_split,true
2026-04-02T15:14:16+00:00,gid://shopify/DraftOrder/1507506258286,#D18512,PRHG032326 - BO1,gid://shopify/DraftOrder/DRY_RUN,,PRHG032326 - BO1.2,,9,1,178.0,204.0,87.25,1,2,partial_instock_split,true
2026-04-02T15:14:16+00:00,gid://shopify/DraftOrder/1507653517678,#D18553,,gid://shopify/DraftOrder/DRY_RUN,,BO,,8,2,330.0,486.0,67.90,0,1,partial_instock_split,true
2026-04-02T15:14:16+00:00,gid://shopify/DraftOrder/1507812868462,#D18613,MM8295161 - BO1,gid://shopify/DraftOrder/DRY_RUN,,MM8295161 - BO1.2,2026-03-24,11,2,230.0,282.0,81.56,1,2,partial_instock_split,true
2026-04-02T15:14:16+00:00,gid://shopify/DraftOrder/1508015407470,#D18672,LG010926BB - BO1,gid://shopify/DraftOrder/DRY_RUN,,LG010926BB - BO1.2,,10,3,334.0,568.0,58.80,1,2,partial_instock_split,true
2026-04-02T15:14:16+00:00,gid://shopify/DraftOrder/1508015636846,#D18677,DO2038 - BO1,gid://shopify/DraftOrder/DRY_RUN,,DO2038 - BO1.2,2026-01-28,7,1,126.0,171.0,73.68,1,2,partial_instock_split,true
2026-04-02T15:14:16+00:00,gid://shopify/DraftOrder/1508015702382,#D18678,JM7132849 - BO1,gid://shopify/DraftOrder/DRY_RUN,,JM7132849 - BO1.2,2026-03-10,7,1,126.0,171.0,73.68,1,2,partial_instock_split,true
2026-04-02T15:14:17+00:00,gid://shopify/DraftOrder/1508128784750,#D18703,JK1564633 - BO1,gid://shopify/DraftOrder/DRY_RUN,,JK1564633 - BO1.2,,7,1,126.0,152.0,82.89,1,2,partial_instock_split,true
2026-04-02T15:14:17+00:00,gid://shopify/DraftOrder/1508129210734,#D18709,DG1130097 BO / CANDLES & MINI - BO1,gid://shopify/DraftOrder/DRY_RUN,,DG1130097 BO / CANDLES & MINI - BO1.2,,9,2,178.0,249.0,71.49,1,2,partial_instock_split,true
2026-04-02T15:14:17+00:00,gid://shopify/DraftOrder/1508129669486,#D18717,LL022826-SB - BO1,gid://shopify/DraftOrder/DRY_RUN,,LL022826-SB - BO1.2,2026-02-26,10,1,204.0,230.0,88.70,1,2,partial_instock_split,true
2026-04-02T15:14:17+00:00,gid://shopify/DraftOrder/1508169318766,#D18791,RJ6953781 BO - BO1,gid://shopify/DraftOrder/DRY_RUN,,RJ6953781 BO - BO1.2,,8,1,152.0,178.0,85.39,1,2,partial_instock_split,true
2026-04-02T15:14:17+00:00,gid://shopify/DraftOrder/1508190814574,#D18846,PJ4134956 - BO1,gid://shopify/DraftOrder/DRY_RUN,,PJ4134956 - BO1.2,2026-03-16,7,1,504.0,564.0,89.36,1,2,partial_instock_split,true
2026-04-02T15:14:17+00:00,gid://shopify/DraftOrder/1508228825454,#D18878,SB4392393 - BO1,gid://shopify/DraftOrder/DRY_RUN,,SB4392393 - BO1.2,2026-03-02,7,2,252.0,330.0,76.36,1,2,partial_instock_split,true
2026-04-02T15:14:17+00:00,gid://shopify/DraftOrder/1508238131566,#D18891,02.02.2026 Ship mostly complete - BO1,gid://shopify/DraftOrder/DRY_RUN,,02.02.2026 Ship mostly complete - BO1.2,,8,1,278.0,304.0,91.45,1,2,partial_instock_split,true
2026-04-02T15:14:17+00:00,gid://shopify/DraftOrder/1508366025070,#D18938,KS6976140 - BO1,gid://shopify/DraftOrder/DRY_RUN,,KS6976140 - BO1.2,,8,1,152.0,178.0,85.39,1,2,partial_instock_split,true
2026-04-02T15:14:17+00:00,gid://shopify/DraftOrder/1508470063470,#D19134,JC8574861 /MINI/ FLART/JOURNAL/ PENS - BO1,gid://shopify/DraftOrder/DRY_RUN,,JC8574861 /MINI/ FLART/JOURNAL/ PENS - BO1.2,,8,1,404.0,430.0,93.95,1,2,partial_instock_split,true
2026-04-02T15:14:17+00:00,gid://shopify/DraftOrder/1508470620526,#D19146,SHIP 4/1/26 - BO1,gid://shopify/DraftOrder/DRY_RUN,,SHIP 4/1/26 - BO1.2,,7,1,126.0,152.0,82.89,1,2,partial_instock_split,true
2026-04-02T15:14:17+00:00,gid://shopify/DraftOrder/1508470882670,#D19150,EF5176149 - BO1,gid://shopify/DraftOrder/DRY_RUN,,EF5176149 - BO1.2,,7,2,126.0,204.0,61.76,1,2,partial_instock_split,true
2026-04-02T15:14:17+00:00,gid://shopify/DraftOrder/1508551065966,#D19168,KC4429944 - BO1,gid://shopify/DraftOrder/DRY_RUN,,KC4429944 - BO1.2,2026-03-27,9,3,178.0,256.0,69.53,1,2,partial_instock_split,true
2026-04-02T15:14:17+00:00,gid://shopify/DraftOrder/1508846141806,#D19173,CF409 - BO1,gid://shopify/DraftOrder/DRY_RUN,,CF409 - BO1.2,2026-03-29,9,1,230.0,282.0,81.56,1,2,partial_instock_split,true
2026-04-02T15:14:17+00:00,gid://shopify/DraftOrder/1508948050286,#D19185,SE4531894 - BO1,gid://shopify/DraftOrder/DRY_RUN,,SE4531894 - BO1.2,2026-03-28,7,2,126.0,178.0,70.79,1,2,partial_instock_split,true
2026-04-02T15:14:17+00:00,gid://shopify/DraftOrder/1508948377966,#D19192,VF-6684175 - BO1,gid://shopify/DraftOrder/DRY_RUN,,VF-6684175 - BO1.2,2026-03-30,8,2,152.0,238.0,63.87,1,2,partial_instock_split,true
2026-04-02T15:14:17+00:00,gid://shopify/DraftOrder/1509118902638,#D19211,EBS26154,gid://shopify/DraftOrder/DRY_RUN,,EBS26154-BO,2026-03-30,8,1,1542.0,1698.0,90.81,0,1,partial_instock_split,true
2026-04-02T15:14:17+00:00,gid://shopify/DraftOrder/1509125914990,#D19217,AT8746216 - BO1,gid://shopify/DraftOrder/DRY_RUN,,AT8746216 - BO1.2,2026-03-30,6,1,252.0,369.0,68.29,1,2,partial_instock_split,true
2026-04-02T15:14:17+00:00,gid://shopify/DraftOrder/1509126111598,#D19220,LC5336406 - BO1,gid://shopify/DraftOrder/DRY_RUN,,LC5336406 - BO1.2,2026-03-29,8,2,152.0,204.0,74.51,1,2,partial_instock_split,true
2026-04-02T15:14:17+00:00,gid://shopify/DraftOrder/1509431738734,#D19305,ES3981350  BO,gid://shopify/DraftOrder/DRY_RUN,,ES3981350  BO.2,,7,3,126.0,230.0,54.78,1,2,partial_instock_split,true
2026-04-02T15:14:17+00:00,gid://shopify/DraftOrder/1509543936366,#D19737,SR6287754 - BO1,gid://shopify/DraftOrder/DRY_RUN,,SR6287754 - BO1.2,2026-03-31,7,1,126.0,152.0,82.89,1,2,partial_instock_split,true
2026-04-02T15:14:17+00:00,gid://shopify/DraftOrder/1509695029614,#D19796,40126-ll-mw - BO1,gid://shopify/DraftOrder/DRY_RUN,,40126-ll-mw - BO1.2,2026-04-01,8,3,152.0,282.0,53.90,1,2,partial_instock_split,true
2026-04-02T15:14:17+00:00,gid://shopify/DraftOrder/1509783568750,#D19867,KB8528092,gid://shopify/DraftOrder/DRY_RUN,,KB8528092-BO,2026-04-01,14,1,676.0,728.0,92.86,0,1,partial_instock_split,true
2026-04-02T15:14:17+00:00,gid://shopify/DraftOrder/1509944000878,#D19878,MM8576137 - BO1,gid://shopify/DraftOrder/DRY_RUN,,MM8576137 - BO1.2,2026-03-08,7,1,126.0,152.0,82.89,1,2,partial_instock_split,true
2026-04-02T15:44:18+00:00,gid://shopify/DraftOrder/1496911872366,#D12402,CB7570-SAN BO,gid://shopify/DraftOrder/1509952389486,#D19882,CB7570-SAN BO.2,2026-01-05,7,1,126.0,178.0,70.79,1,2,partial_instock_split,false
2026-04-02T15:44:23+00:00,gid://shopify/DraftOrder/1496911937902,#D12403,CB4407-MON BO,gid://shopify/DraftOrder/1509952455022,#D19883,CB4407-MON BO.2,2026-01-05,7,1,126.0,178.0,70.79,1,2,partial_instock_split,false
2026-04-02T15:44:28+00:00,gid://shopify/DraftOrder/1496911970670,#D12404,CB4751-MAL BO,gid://shopify/DraftOrder/1509952520558,#D19884,CB4751-MAL BO.2,2026-01-05,7,1,126.0,178.0,70.79,1,2,partial_instock_split,false
2026-04-02T15:44:41+00:00,gid://shopify/DraftOrder/1497364300142,#D12619,TH08012652446 BO,gid://shopify/DraftOrder/1509952586094,#D19885,TH08012652446 BO.2,2025-11-17,7,1,126.0,152.0,82.89,1,2,partial_instock_split,false
2026-04-02T15:44:48+00:00,gid://shopify/DraftOrder/1497607209326,#D12673,5714  BO,gid://shopify/DraftOrder/1509952684398,#D19886,5714  BO.2,,8,1,152.0,178.0,85.39,1,2,partial_instock_split,false
2026-04-02T15:44:53+00:00,gid://shopify/DraftOrder/1497607668078,#D12675,0012 BO,gid://shopify/DraftOrder/1509952782702,#D19887,0012 BO.2,,2,1,104.0,156.0,66.67,1,2,partial_instock_split,false
2026-04-02T15:45:09+00:00,gid://shopify/DraftOrder/1497738772846,#D12730,MM6199313  BO,gid://shopify/DraftOrder/1509952881006,#D19888,MM6199313  BO.2,,3,1,104.0,130.0,80.00,1,2,partial_instock_split,false
2026-04-02T15:45:29+00:00,gid://shopify/DraftOrder/1497973096814,#D12787,1180 BO,gid://shopify/DraftOrder/1509953110382,#D19889,1180 BO.2,2026-01-14,9,2,408.0,564.0,72.34,1,2,partial_instock_split,false
2026-04-02T15:45:35+00:00,gid://shopify/DraftOrder/1498110361966,#D12801,CF011526 BO,gid://shopify/DraftOrder/1509953143150,#D19890,CF011526 BO.2,2026-01-15,9,2,230.0,334.0,68.86,1,2,partial_instock_split,false
2026-04-02T15:45:43+00:00,gid://shopify/DraftOrder/1498207650158,#D12818,TTR BO,gid://shopify/DraftOrder/1509953208686,#D19891,TTR BO.2,,8,1,330.0,408.0,80.88,1,2,partial_instock_split,false
2026-04-02T15:45:50+00:00,gid://shopify/DraftOrder/1498382500206,#D12847,SR5983058   2/16 BO,gid://shopify/DraftOrder/1509953241454,#D19892,SR5983058   2/16 BO.2,2026-02-16,2,1,104.0,156.0,66.67,1,2,partial_instock_split,false
2026-04-02T15:45:55+00:00,gid://shopify/DraftOrder/1498433585518,#D12850,LL011525CY BO,gid://shopify/DraftOrder/1509953306990,#D19893,LL011525CY BO.2,2026-01-15,8,1,152.0,182.0,83.52,1,2,partial_instock_split,false
2026-04-02T15:46:00+00:00,gid://shopify/DraftOrder/1498615185774,#D12886,2407908SRG BO,gid://shopify/DraftOrder/1509953339758,#D19894,2407908SRG BO.2,2026-01-15,8,1,330.0,408.0,80.88,1,2,partial_instock_split,false
2026-04-02T15:46:05+00:00,gid://shopify/DraftOrder/1498615546222,#D12893,KS4236822 BO,gid://shopify/DraftOrder/1509953405294,#D19895,KS4236822 BO.2,2026-01-30,8,1,152.0,178.0,85.39,1,2,partial_instock_split,false
2026-04-02T15:46:11+00:00,gid://shopify/DraftOrder/1498639499630,#D12896,AB5013822 BO includes metallic and cottage,gid://shopify/DraftOrder/1509953503598,#D19896,AB5013822 BO includes metallic and cottage-BO,2026-01-19,9,1,204.0,256.0,79.69,0,1,partial_instock_split,false
2026-04-02T15:46:22+00:00,gid://shopify/DraftOrder/1498664370542,#D12927,MA1153949  BO,gid://shopify/DraftOrder/1509953569134,#D19897,MA1153949  BO.2,,9,1,230.0,282.0,81.56,1,2,partial_instock_split,false
2026-04-02T15:46:29+00:00,gid://shopify/DraftOrder/1498794328430,#D12993,CF366 BO,gid://shopify/DraftOrder/1509953601902,#D19898,CF366 BO.2,2026-01-20,9,1,178.0,204.0,87.25,1,2,partial_instock_split,false
2026-04-02T15:46:34+00:00,gid://shopify/DraftOrder/1498839253358,#D13004,TJ5669845 BO,gid://shopify/DraftOrder/1509953700206,#D19899,TJ5669845 BO.2,2026-01-21,8,1,304.0,356.0,85.39,1,2,partial_instock_split,false
2026-04-02T15:46:43+00:00,gid://shopify/DraftOrder/1498985693550,#D13084,VB9805227 BO,gid://shopify/DraftOrder/1509953765742,#D19900,VB9805227 BO.2,,9,1,178.0,204.0,87.25,1,2,partial_instock_split,false
2026-04-02T15:46:49+00:00,gid://shopify/DraftOrder/1499007517038,#D13100,CC7935359 BO,gid://shopify/DraftOrder/1509953798510,#D19901,CC7935359 BO.2,2026-03-16,9,1,178.0,204.0,87.25,1,2,partial_instock_split,false
2026-04-02T15:46:53+00:00,gid://shopify/DraftOrder/1499007648110,#D13103,MA8409579 BO,gid://shopify/DraftOrder/1509953831278,#D19902,MA8409579 BO.2,2026-01-22,8,1,152.0,182.0,83.52,1,2,partial_instock_split,false
2026-04-02T15:47:00+00:00,gid://shopify/DraftOrder/1499100381550,#D13141,indigo BO,gid://shopify/DraftOrder/1509953864046,#D19903,indigo BO.2,,8,1,705.0,861.0,81.88,1,2,partial_instock_split,false
2026-04-02T15:47:08+00:00,gid://shopify/DraftOrder/1499247903086,#D13210,KS6301114 BO,gid://shopify/DraftOrder/1509953896814,#D19904,KS6301114 BO.2,2026-01-20,10,1,408.0,486.0,83.95,1,2,partial_instock_split,false
2026-04-02T15:47:19+00:00,gid://shopify/DraftOrder/1499439890798,#D13281,9121035-BF tracing,gid://shopify/DraftOrder/1509954093422,#D19905,9121035-BF tracing-BO,2026-01-29,9,1,178.0,204.0,87.25,0,1,partial_instock_split,false
2026-04-02T15:47:26+00:00,gid://shopify/DraftOrder/1499491271022,#D13301,MM2754842 BO,gid://shopify/DraftOrder/1509954191726,#D19906,MM2754842 BO.2,2026-01-26,7,1,252.0,278.0,90.65,1,2,partial_instock_split,false
2026-04-02T15:47:31+00:00,gid://shopify/DraftOrder/1499539046766,#D13326,MA3053130 Tracing BO,gid://shopify/DraftOrder/1509954257262,#D19907,MA3053130 Tracing BO.2,2026-01-26,7,2,126.0,178.0,70.79,1,2,partial_instock_split,false
2026-04-02T15:47:37+00:00,gid://shopify/DraftOrder/1499601600878,#D13434,MB5026614 BO,gid://shopify/DraftOrder/1509954322798,#D19908,MB5026614 BO.2,,9,1,178.0,204.0,87.25,1,2,partial_instock_split,false
2026-04-02T15:47:42+00:00,gid://shopify/DraftOrder/1499601830254,#D13437,VB4931108 BO,gid://shopify/DraftOrder/1509954421102,#D19909,VB4931108 BO.2,,9,1,178.0,204.0,87.25,1,2,partial_instock_split,false
2026-04-02T15:47:47+00:00,gid://shopify/DraftOrder/1499716649326,#D13475,MM6902237 BO,gid://shopify/DraftOrder/1509954486638,#D19911,MM6902237 BO.2,2026-01-28,8,1,178.0,230.0,77.39,1,2,partial_instock_split,false
2026-04-02T15:47:53+00:00,gid://shopify/DraftOrder/1500255813998,#D13888,RG2092390 BO,gid://shopify/DraftOrder/1509954519406,#D19912,RG2092390 BO.2,2026-01-26,9,1,178.0,204.0,87.25,1,2,partial_instock_split,false
2026-04-02T15:48:00+00:00,gid://shopify/DraftOrder/1500408021358,#D13918,MM8633892 BO,gid://shopify/DraftOrder/1509954584942,#D19913,MM8633892 BO.2,2026-01-25,9,1,178.0,204.0,87.25,1,2,partial_instock_split,false
2026-04-02T15:48:07+00:00,gid://shopify/DraftOrder/1500461760878,#D13953,RG1331099 BO,gid://shopify/DraftOrder/1509954945390,#D19914,RG1331099 BO.2,,9,1,204.0,230.0,88.70,1,2,partial_instock_split,false
2026-04-02T15:48:12+00:00,gid://shopify/DraftOrder/1500504654190,#D13970,HB5059241 BO,gid://shopify/DraftOrder/1509954978158,#D19915,HB5059241 BO.2,,9,1,304.0,330.0,92.12,1,2,partial_instock_split,false
2026-04-02T15:48:34+00:00,gid://shopify/DraftOrder/1500857401710,#D14219,LFL-021626 BO,gid://shopify/DraftOrder/1509955109230,#D19916,LFL-021626 BO.2,2026-02-16,8,2,582.0,764.0,76.18,1,2,partial_instock_split,false
2026-04-02T15:48:52+00:00,gid://shopify/DraftOrder/1502053630318,#D14735,Toy Fair '26 BO,gid://shopify/DraftOrder/1509955174766,#D19917,Toy Fair '26 BO.2,,8,1,152.0,178.0,85.39,1,2,partial_instock_split,false
2026-04-02T15:49:20+00:00,gid://shopify/DraftOrder/1502092296558,#D14758,Toy Fair BO,gid://shopify/DraftOrder/1509955240302,#D19918,Toy Fair BO.2,,11,1,638.0,716.0,89.11,1,2,partial_instock_split,false
2026-04-02T15:49:34+00:00,gid://shopify/DraftOrder/1502220747118,#D14921,#PK8433835 BO,gid://shopify/DraftOrder/1509955305838,#D19919,#PK8433835 BO.2,,9,1,178.0,204.0,87.25,1,2,partial_instock_split,false
2026-04-02T15:49:50+00:00,gid://shopify/DraftOrder/1502597874030,#D15036,LL226  BO,gid://shopify/DraftOrder/1509955404142,#D19920,LL226  BO.2,,10,1,1458.0,1692.0,86.17,1,2,partial_instock_split,false
2026-04-02T15:50:12+00:00,gid://shopify/DraftOrder/1502760632686,#D15176,CC2178818 BO,gid://shopify/DraftOrder/1509955535214,#D19921,CC2178818 BO.2,,10,1,204.0,249.0,81.93,1,2,partial_instock_split,false
2026-04-02T15:50:20+00:00,gid://shopify/DraftOrder/1502763516270,#D15185,SP9905140 BO,gid://shopify/DraftOrder/1509955600750,#D19922,SP9905140 BO.2,,9,1,178.0,204.0,87.25,1,2,partial_instock_split,false
2026-04-02T15:50:46+00:00,gid://shopify/DraftOrder/1502900289902,#D15418,SP6062886 BO,gid://shopify/DraftOrder/1509955797358,#D19923,SP6062886 BO.2,,10,1,204.0,230.0,88.70,1,2,partial_instock_split,false
2026-04-02T15:50:50+00:00,gid://shopify/DraftOrder/1502900453742,#D15419,KB1491624 BO,gid://shopify/DraftOrder/1509955862894,#D19924,KB1491624 BO.2,,7,2,252.0,356.0,70.79,1,2,partial_instock_split,false
2026-04-02T15:51:00+00:00,gid://shopify/DraftOrder/1502971658606,#D15469,NC5843786  BO,gid://shopify/DraftOrder/1509955961198,#D19925,NC5843786  BO.2,,9,1,178.0,204.0,87.25,1,2,partial_instock_split,false
2026-04-02T15:51:06+00:00,gid://shopify/DraftOrder/1502972248430,#D15470,cs2446652 BO,gid://shopify/DraftOrder/1509955993966,#D19926,cs2446652 BO.2,2026-03-10,9,2,178.0,230.0,77.39,1,2,partial_instock_split,false
2026-04-02T15:51:14+00:00,gid://shopify/DraftOrder/1502991548782,#D15485,MM7778954 BO,gid://shopify/DraftOrder/1509956092270,#D19927,MM7778954 BO.2,,9,1,330.0,356.0,92.70,1,2,partial_instock_split,false
2026-04-02T15:51:25+00:00,gid://shopify/DraftOrder/1503346753902,#D15534,1341 BO,gid://shopify/DraftOrder/1509956223342,#D19928,1341 BO.2,2026-02-10,10,1,204.0,230.0,88.70,1,2,partial_instock_split,false
2026-04-02T15:51:30+00:00,gid://shopify/DraftOrder/1503788499310,#D15550,CF9264084 BO,gid://shopify/DraftOrder/1509956256110,#D19929,CF9264084 BO.2,2026-02-28,9,1,178.0,204.0,87.25,1,2,partial_instock_split,false
2026-04-02T15:51:37+00:00,gid://shopify/DraftOrder/1503919210862,#D15604,JG7446832 BO,gid://shopify/DraftOrder/1509956288878,#D19930,JG7446832 BO.2,2026-02-03,9,1,178.0,204.0,87.25,1,2,partial_instock_split,false
2026-04-02T15:51:49+00:00,gid://shopify/DraftOrder/1503939559790,#D15639,JK1354448 BO,gid://shopify/DraftOrder/1509956354414,#D19931,JK1354448 BO.2,2026-02-19,4,1,504.0,660.0,76.36,1,2,partial_instock_split,false
2026-04-02T15:51:58+00:00,gid://shopify/DraftOrder/1503950831982,#D15650,298LFN30236VB BO,gid://shopify/DraftOrder/1509956387182,#D19932,298LFN30236VB BO.2,2026-03-02,9,2,204.0,282.0,72.34,1,2,partial_instock_split,false
2026-04-02T15:52:03+00:00,gid://shopify/DraftOrder/1504351584622,#D15695,VC7593614 BO,gid://shopify/DraftOrder/1509956452718,#D19933,VC7593614 BO.2,,9,1,178.0,204.0,87.25,1,2,partial_instock_split,false
2026-04-02T15:52:23+00:00,gid://shopify/DraftOrder/1504434291054,#D15736,DGCAMEX26LIF BO,gid://shopify/DraftOrder/1509956551022,#D19934,DGCAMEX26LIF BO.2,,9,1,178.0,204.0,87.25,1,2,partial_instock_split,false
2026-04-02T15:52:28+00:00,gid://shopify/DraftOrder/1504436879726,#D15738,DG7106135 BO,gid://shopify/DraftOrder/1509956583790,#D19935,DG7106135 BO.2,,9,1,178.0,204.0,87.25,1,2,partial_instock_split,false
2026-04-02T15:52:33+00:00,gid://shopify/DraftOrder/1504438845806,#D15742,DG6057279 BO,gid://shopify/DraftOrder/1509956649326,#D19936,DG6057279 BO.2,,9,1,178.0,204.0,87.25,1,2,partial_instock_split,false
2026-04-02T15:52:57+00:00,gid://shopify/DraftOrder/1504560284014,#D15913,LB5607286 BO MINI,gid://shopify/DraftOrder/1509956747630,#D19937,LB5607286 BO MINI-BO,,9,1,178.0,204.0,87.25,0,1,partial_instock_split,false
2026-04-02T15:53:07+00:00,gid://shopify/DraftOrder/1504561922414,#D15917,DG9921726 BO,gid://shopify/DraftOrder/1509956813166,#D19938,DG9921726 BO.2,,9,1,178.0,204.0,87.25,1,2,partial_instock_split,false
2026-04-02T15:53:12+00:00,gid://shopify/DraftOrder/1504563102062,#D15918,DG5917216 BO MINI & FLART,gid://shopify/DraftOrder/1509956845934,#D19939,DG5917216 BO MINI & FLART-BO,,9,1,178.0,204.0,87.25,0,1,partial_instock_split,false
2026-04-02T15:53:18+00:00,gid://shopify/DraftOrder/1504563921262,#D15919,DG9238460 BO,gid://shopify/DraftOrder/1509956878702,#D19940,DG9238460 BO.2,,9,1,178.0,204.0,87.25,1,2,partial_instock_split,false
2026-04-02T15:53:23+00:00,gid://shopify/DraftOrder/1504565100910,#D15920,DG4549757 BO,gid://shopify/DraftOrder/1509956911470,#D19941,DG4549757 BO.2,,9,1,178.0,204.0,87.25,1,2,partial_instock_split,false
2026-04-02T15:53:28+00:00,gid://shopify/DraftOrder/1504565526894,#D15921,DG7911964 BO,gid://shopify/DraftOrder/1509956944238,#D19942,DG7911964 BO.2,,9,1,178.0,204.0,87.25,1,2,partial_instock_split,false
2026-04-02T15:53:34+00:00,gid://shopify/DraftOrder/1504566378862,#D15922,DG4493290 BO,gid://shopify/DraftOrder/1509956977006,#D19943,DG4493290 BO.2,,9,1,178.0,204.0,87.25,1,2,partial_instock_split,false
2026-04-02T15:53:39+00:00,gid://shopify/DraftOrder/1504567132526,#D15923,DG3591499 BO,gid://shopify/DraftOrder/1509957009774,#D19944,DG3591499 BO.2,,9,1,178.0,204.0,87.25,1,2,partial_instock_split,false
2026-04-02T15:53:44+00:00,gid://shopify/DraftOrder/1504677953902,#D15940,mini bo & foodie,gid://shopify/DraftOrder/1509957075310,#D19945,mini bo & foodie-BO,,7,1,126.0,152.0,82.89,0,1,partial_instock_split,false
2026-04-02T15:53:49+00:00,gid://shopify/DraftOrder/1504702005614,#D15953,MINI foody,gid://shopify/DraftOrder/1509957108078,#D19946,MINI foody-BO,,7,1,126.0,152.0,82.89,0,1,partial_instock_split,false
2026-04-02T15:53:56+00:00,gid://shopify/DraftOrder/1504724648302,#D15965,PK1425996 BO,gid://shopify/DraftOrder/1509957206382,#D19947,PK1425996 BO.2,,9,1,178.0,204.0,87.25,1,2,partial_instock_split,false
2026-04-02T15:58:09+00:00,gid://shopify/DraftOrder/1505204601198,#D16218,GP3208033 - BO1,gid://shopify/DraftOrder/1509958254958,#D19952,GP3208033 - BO1.2,,8,1,204.0,230.0,88.70,1,2,partial_instock_split,false
2026-04-02T15:59:35+00:00,gid://shopify/DraftOrder/1505219674478,#D16286,MM1316757 - BO1,gid://shopify/DraftOrder/1509958779246,#D19953,MM1316757 - BO1.2,,10,1,204.0,230.0,88.70,1,2,partial_instock_split,false
2026-04-02T15:59:56+00:00,gid://shopify/DraftOrder/1505223213422,#D16297,AB3853648 - BO1,gid://shopify/DraftOrder/1509959008622,#D19954,AB3853648 - BO1.2,,8,1,178.0,230.0,77.39,1,2,partial_instock_split,false
2026-04-02T16:03:53+00:00,gid://shopify/DraftOrder/1505253753198,#D16450,JC7207786 - BO1,gid://shopify/DraftOrder/1509959762286,#D19957,JC7207786 - BO1.2,,7,1,126.0,152.0,82.89,1,2,partial_instock_split,false
2026-04-02T16:04:10+00:00,gid://shopify/DraftOrder/1505254408558,#D16463,RJ17012666740 - BO1,gid://shopify/DraftOrder/1509959860590,#D19958,RJ17012666740 - BO1.2,,8,2,152.0,256.0,59.38,1,2,partial_instock_split,false
2026-04-02T16:04:37+00:00,gid://shopify/DraftOrder/1505255227758,#D16482,OM9050092 - BO1,gid://shopify/DraftOrder/1509959893358,#D19959,OM9050092 - BO1.2,,8,1,152.0,178.0,85.39,1,2,partial_instock_split,false
2026-04-02T16:05:04+00:00,gid://shopify/DraftOrder/1505256112494,#D16499,OM3335011 - BO1,gid://shopify/DraftOrder/1509959991662,#D19960,OM3335011 - BO1.2,,8,1,152.0,178.0,85.39,1,2,partial_instock_split,false
2026-04-02T16:09:33+00:00,gid://shopify/DraftOrder/1505287831918,#D16739,SH7599419 - BO1,gid://shopify/DraftOrder/1509960974702,#D19962,SH7599419 - BO1.2,,11,1,486.0,538.0,90.33,1,2,partial_instock_split,false
2026-04-02T16:09:50+00:00,gid://shopify/DraftOrder/1505288323438,#D16750,SH1727352 - BO1,gid://shopify/DraftOrder/1509961073006,#D19963,SH1727352 - BO1.2,,11,1,408.0,434.0,94.01,1,2,partial_instock_split,false
2026-04-02T16:11:40+00:00,gid://shopify/DraftOrder/1505291796846,#D16831,5035458-CL - BO1,gid://shopify/DraftOrder/1509961531758,#D19964,5035458-CL - BO1.2,,7,1,178.0,230.0,77.39,1,2,partial_instock_split,false
2026-04-02T16:13:26+00:00,gid://shopify/DraftOrder/1505294844270,#D16910,CANDLE/ MINI / FLOW BO - BO1,gid://shopify/DraftOrder/1509961859438,#D19965,CANDLE/ MINI / FLOW BO - BO1.2,,11,1,382.0,434.0,88.02,1,2,partial_instock_split,false
2026-04-02T16:16:39+00:00,gid://shopify/DraftOrder/1505302577518,#D17083,8225 - BO1,gid://shopify/DraftOrder/1509962449262,#D19966,8225 - BO1.2,,11,1,664.0,742.0,89.49,1,2,partial_instock_split,false
2026-04-02T16:17:06+00:00,gid://shopify/DraftOrder/1505303331182,#D17097,12926DE - BO1,gid://shopify/DraftOrder/1509962514798,#D19967,12926DE - BO1.2,,12,3,282.0,450.0,62.67,1,2,partial_instock_split,false
2026-04-02T16:17:39+00:00,gid://shopify/DraftOrder/1505304215918,#D17115,BW012126 - BO1,gid://shopify/DraftOrder/1509962580334,#D19968,BW012126 - BO1.2,,4,2,156.0,208.0,75.00,1,2,partial_instock_split,false
2026-04-02T16:20:13+00:00,gid://shopify/DraftOrder/1505308770670,#D17219,01.28.26 BO - BO1,gid://shopify/DraftOrder/1509962908014,#D19969,01.28.26 BO - BO1.2,,9,1,178.0,204.0,87.25,1,2,partial_instock_split,false
2026-04-02T16:20:33+00:00,gid://shopify/DraftOrder/1505309426030,#D17233,LS21150-BO1,gid://shopify/DraftOrder/1509962973550,#D19970,LS21150-BO1.2,,12,1,434.0,460.0,94.35,1,2,partial_instock_split,false
2026-04-02T16:21:54+00:00,gid://shopify/DraftOrder/1505493877102,#D17350,6198- BO1,gid://shopify/DraftOrder/1509963399534,#D19971,6198- BO1.2,,7,1,126.0,152.0,82.89,1,2,partial_instock_split,false
2026-04-02T16:22:02+00:00,gid://shopify/DraftOrder/1505494040942,#D17354,DG3122039 - BO1,gid://shopify/DraftOrder/1509963432302,#D19972,DG3122039 - BO1.2,,9,1,178.0,204.0,87.25,1,2,partial_instock_split,false
2026-04-02T16:22:08+00:00,gid://shopify/DraftOrder/1505494073710,#D17355,DG9484699 - BO1,gid://shopify/DraftOrder/1509963465070,#D19973,DG9484699 - BO1.2,,9,1,178.0,204.0,87.25,1,2,partial_instock_split,false
2026-04-02T16:22:13+00:00,gid://shopify/DraftOrder/1505494204782,#D17357,DG6847813 - BO1,gid://shopify/DraftOrder/1509963497838,#D19974,DG6847813 - BO1.2,,9,1,178.0,204.0,87.25,1,2,partial_instock_split,false
2026-04-02T16:22:18+00:00,gid://shopify/DraftOrder/1505494401390,#D17359,BE2726905 - BO1,gid://shopify/DraftOrder/1509963530606,#D19975,BE2726905 - BO1.2,,9,1,304.0,330.0,92.12,1,2,partial_instock_split,false
2026-04-02T16:22:38+00:00,gid://shopify/DraftOrder/1505494827374,#D17370,62-260302 - BO1,gid://shopify/DraftOrder/1509963694446,#D19976,62-260302 - BO1.2,,8,1,1410.0,1800.0,78.33,1,2,partial_instock_split,false
2026-04-02T16:22:48+00:00,gid://shopify/DraftOrder/1505494925678,#D17373,DG7688618 - BO1,gid://shopify/DraftOrder/1509963727214,#D19977,DG7688618 - BO1.2,,9,1,178.0,204.0,87.25,1,2,partial_instock_split,false
2026-04-02T16:22:54+00:00,gid://shopify/DraftOrder/1505494991214,#D17375,DG3727061 - BO1,gid://shopify/DraftOrder/1509963759982,#D19978,DG3727061 - BO1.2,,9,1,178.0,204.0,87.25,1,2,partial_instock_split,false
2026-04-02T16:23:34+00:00,gid://shopify/DraftOrder/1505496007022,#D17398,BACKORDER-1,gid://shopify/DraftOrder/1509965201774,#D19979,BACKORDER-1-BO,,4,2,104.0,156.0,66.67,0,1,partial_instock_split,false
2026-04-02T16:24:09+00:00,gid://shopify/DraftOrder/1505496891758,#D17423,VB7583994BF - BO1,gid://shopify/DraftOrder/1509965332846,#D19980,VB7583994BF - BO1.2,,9,1,282.0,360.0,78.33,1,2,partial_instock_split,false
2026-04-02T16:24:43+00:00,gid://shopify/DraftOrder/1505504133486,#D17444,VB7583994HP - BO1,gid://shopify/DraftOrder/1509965463918,#D19981,VB7583994HP - BO1.2,,9,1,282.0,360.0,78.33,1,2,partial_instock_split,false
2026-04-02T16:24:50+00:00,gid://shopify/DraftOrder/1505504264558,#D17446,VB7583994CDA - BO1,gid://shopify/DraftOrder/1509965496686,#D19982,VB7583994CDA - BO1.2,,9,1,282.0,360.0,78.33,1,2,partial_instock_split,false
2026-04-02T16:24:57+00:00,gid://shopify/DraftOrder/1505504362862,#D17448,VB7583994WF - BO1,gid://shopify/DraftOrder/1509965529454,#D19983,VB7583994WF - BO1.2,,9,1,282.0,360.0,78.33,1,2,partial_instock_split,false
2026-04-02T16:27:34+00:00,gid://shopify/DraftOrder/1505525301614,#D17554,MM5141108 - BO1,gid://shopify/DraftOrder/1509966053742,#D19984,MM5141108 - BO1.2,,9,1,204.0,230.0,88.70,1,2,partial_instock_split,false
2026-04-02T16:28:00+00:00,gid://shopify/DraftOrder/1505584939374,#D17579,MM7827808 - BO1,gid://shopify/DraftOrder/1509966086510,#D19985,MM7827808 - BO1.2,,9,2,178.0,230.0,77.39,1,2,partial_instock_split,false
2026-04-02T16:28:18+00:00,gid://shopify/DraftOrder/1505609777518,#D17590,DS8593925 - BO1,gid://shopify/DraftOrder/1509966184814,#D19986,DS8593925 - BO1.2,,7,1,378.0,430.0,87.91,1,2,partial_instock_split,false
2026-04-02T16:29:03+00:00,gid://shopify/DraftOrder/1505651163502,#D17619,VB7583994-01 - BO1,gid://shopify/DraftOrder/1509966414190,#D19987,VB7583994-01 - BO1.2,,9,2,230.0,477.0,48.22,1,2,partial_instock_split,false
2026-04-02T16:29:19+00:00,gid://shopify/DraftOrder/1505681277294,#D17638,DS5787895 - BO1,gid://shopify/DraftOrder/1509966479726,#D19988,DS5787895 - BO1.2,,10,1,204.0,230.0,88.70,1,2,partial_instock_split,false
2026-04-02T16:30:44+00:00,gid://shopify/DraftOrder/1505855963502,#D17729,MM4500651 - BO1,gid://shopify/DraftOrder/1509966840174,#D19989,MM4500651 - BO1.2,,9,1,178.0,204.0,87.25,1,2,partial_instock_split,false
2026-04-02T16:32:10+00:00,gid://shopify/DraftOrder/1506308817262,#D17968,LL031226CY - BO1,gid://shopify/DraftOrder/1509967233390,#D19991,LL031226CY - BO1.2,,8,1,152.0,178.0,85.39,1,2,partial_instock_split,false
2026-04-02T16:32:19+00:00,gid://shopify/DraftOrder/1506308948334,#D17971,TP031626-3 - BO1,gid://shopify/DraftOrder/1509967331694,#D19994,TP031626-3 - BO1.2,,9,1,304.0,330.0,92.12,1,2,partial_instock_split,false
2026-04-02T16:33:00+00:00,gid://shopify/DraftOrder/1506462761326,#D18138,ALHG031626 - BO1,gid://shopify/DraftOrder/1509967724910,#D20002,ALHG031626 - BO1.2,,8,1,304.0,330.0,92.12,1,2,partial_instock_split,false
2026-04-02T16:33:09+00:00,gid://shopify/DraftOrder/1506462957934,#D18143,3143 - BO1,gid://shopify/DraftOrder/1509967790446,#D20003,3143 - BO1.2,,7,1,126.0,178.0,70.79,1,2,partial_instock_split,false
2026-04-02T16:33:30+00:00,gid://shopify/DraftOrder/1506525479278,#D18162,SF3930633Y - BO1,gid://shopify/DraftOrder/1509967888750,#D20004,SF3930633Y - BO1.2,,10,1,204.0,230.0,88.70,1,2,partial_instock_split,false
2026-04-02T16:34:21+00:00,gid://shopify/DraftOrder/1506721628526,#D18327,AB6566733 BO - BO1,gid://shopify/DraftOrder/1509968281966,#D20005,AB6566733 BO - BO1.2,,11,2,586.0,690.0,84.93,1,2,partial_instock_split,false
2026-04-02T16:34:37+00:00,gid://shopify/DraftOrder/1506735161710,#D18340,MH9446876 - BO1,gid://shopify/DraftOrder/1509968445806,#D20006,MH9446876 - BO1.2,,4,2,130.0,182.0,71.43,1,2,partial_instock_split,false
2026-04-02T16:35:20+00:00,gid://shopify/DraftOrder/1507022078318,#D18389,LL021726CY - BO1,gid://shopify/DraftOrder/1509968609646,#D20007,LL021726CY - BO1.2,,9,2,178.0,230.0,77.39,1,2,partial_instock_split,false
2026-04-02T16:36:02+00:00,gid://shopify/DraftOrder/1507506258286,#D18512,PRHG032326 - BO1,gid://shopify/DraftOrder/1509968707950,#D20008,PRHG032326 - BO1.2,,9,1,178.0,204.0,87.25,1,2,partial_instock_split,false
2026-04-02T16:36:34+00:00,gid://shopify/DraftOrder/1507653517678,#D18553,,gid://shopify/DraftOrder/1509968904558,#D20009,BO,,8,2,330.0,486.0,67.90,0,1,partial_instock_split,false
2026-04-02T16:37:24+00:00,gid://shopify/DraftOrder/1507812868462,#D18613,MM8295161 - BO1,gid://shopify/DraftOrder/1509969002862,#D20010,MM8295161 - BO1.2,2026-03-24,11,2,230.0,282.0,81.56,1,2,partial_instock_split,false
2026-04-02T16:38:25+00:00,gid://shopify/DraftOrder/1508015407470,#D18672,LG010926BB - BO1,gid://shopify/DraftOrder/1509969199470,#D20011,LG010926BB - BO1.2,,10,3,334.0,568.0,58.80,1,2,partial_instock_split,false
2026-04-02T16:38:39+00:00,gid://shopify/DraftOrder/1508015636846,#D18677,DO2038 - BO1,gid://shopify/DraftOrder/1509969297774,#D20012,DO2038 - BO1.2,2026-01-28,7,1,126.0,171.0,73.68,1,2,partial_instock_split,false
2026-04-02T16:38:44+00:00,gid://shopify/DraftOrder/1508015702382,#D18678,JM7132849 - BO1,gid://shopify/DraftOrder/1509969363310,#D20013,JM7132849 - BO1.2,2026-03-10,7,1,126.0,171.0,73.68,1,2,partial_instock_split,false
2026-04-02T16:39:27+00:00,gid://shopify/DraftOrder/1508128784750,#D18703,JK1564633 - BO1,gid://shopify/DraftOrder/1509969658222,#D20014,JK1564633 - BO1.2,,7,1,126.0,152.0,82.89,1,2,partial_instock_split,false
2026-04-02T16:39:42+00:00,gid://shopify/DraftOrder/1508129210734,#D18709,DG1130097 BO / CANDLES & MINI - BO1,gid://shopify/DraftOrder/1509969789294,#D20015,DG1130097 BO / CANDLES & MINI - BO1.2,,9,2,178.0,249.0,71.49,1,2,partial_instock_split,false
2026-04-02T16:39:58+00:00,gid://shopify/DraftOrder/1508129669486,#D18717,LL022826-SB - BO1,gid://shopify/DraftOrder/1509969854830,#D20016,LL022826-SB - BO1.2,2026-02-26,10,1,204.0,230.0,88.70,1,2,partial_instock_split,false
2026-04-02T16:40:19+00:00,gid://shopify/DraftOrder/1508169318766,#D18791,RJ6953781 BO - BO1,gid://shopify/DraftOrder/1509969887598,#D20017,RJ6953781 BO - BO1.2,,8,1,152.0,178.0,85.39,1,2,partial_instock_split,false
2026-04-02T16:42:02+00:00,gid://shopify/DraftOrder/1508190814574,#D18846,PJ4134956 - BO1,gid://shopify/DraftOrder/1509970346350,#D20018,PJ4134956 - BO1.2,2026-03-16,7,1,504.0,564.0,89.36,1,2,partial_instock_split,false
2026-04-02T16:42:57+00:00,gid://shopify/DraftOrder/1508228825454,#D18878,SB4392393 - BO1,gid://shopify/DraftOrder/1509970444654,#D20019,SB4392393 - BO1.2,2026-03-02,7,2,252.0,330.0,76.36,1,2,partial_instock_split,false
2026-04-02T16:43:20+00:00,gid://shopify/DraftOrder/1508238131566,#D18891,02.02.2026 Ship mostly complete - BO1,gid://shopify/DraftOrder/1509970542958,#D20020,02.02.2026 Ship mostly complete - BO1.2,,8,1,278.0,304.0,91.45,1,2,partial_instock_split,false
2026-04-02T16:44:42+00:00,gid://shopify/DraftOrder/1508366025070,#D18938,KS6976140 - BO1,gid://shopify/DraftOrder/1509970837870,#D20021,KS6976140 - BO1.2,,8,1,152.0,178.0,85.39,1,2,partial_instock_split,false
2026-04-02T16:47:56+00:00,gid://shopify/DraftOrder/1508470063470,#D19134,JC8574861 /MINI/ FLART/JOURNAL/ PENS - BO1,gid://shopify/DraftOrder/1509971394926,#D20023,JC8574861 /MINI/ FLART/JOURNAL/ PENS - BO1.2,,8,1,404.0,430.0,93.95,1,2,partial_instock_split,false
2026-04-02T16:48:27+00:00,gid://shopify/DraftOrder/1508470620526,#D19146,SHIP 4/1/26 - BO1,gid://shopify/DraftOrder/1509971624302,#D20024,SHIP 4/1/26 - BO1.2,,7,1,126.0,152.0,82.89,1,2,partial_instock_split,false
2026-04-02T16:48:39+00:00,gid://shopify/DraftOrder/1508470882670,#D19150,EF5176149 - BO1,gid://shopify/DraftOrder/1509971657070,#D20025,EF5176149 - BO1.2,,7,2,126.0,204.0,61.76,1,2,partial_instock_split,false
2026-04-02T16:49:10+00:00,gid://shopify/DraftOrder/1508551065966,#D19168,KC4429944 - BO1,gid://shopify/DraftOrder/1509971755374,#D20026,KC4429944 - BO1.2,2026-03-27,9,3,178.0,256.0,69.53,1,2,partial_instock_split,false
2026-04-02T16:49:17+00:00,gid://shopify/DraftOrder/1508846141806,#D19173,CF409 - BO1,gid://shopify/DraftOrder/1509971853678,#D20027,CF409 - BO1.2,2026-03-29,9,1,230.0,282.0,81.56,1,2,partial_instock_split,false
2026-04-02T16:49:37+00:00,gid://shopify/DraftOrder/1508948050286,#D19185,SE4531894 - BO1,gid://shopify/DraftOrder/1509971919214,#D20028,SE4531894 - BO1.2,2026-03-28,7,2,126.0,178.0,70.79,1,2,partial_instock_split,false
2026-04-02T16:49:55+00:00,gid://shopify/DraftOrder/1508948377966,#D19192,VF-6684175 - BO1,gid://shopify/DraftOrder/1509972017518,#D20029,VF-6684175 - BO1.2,2026-03-30,8,2,152.0,238.0,63.87,1,2,partial_instock_split,false
2026-04-02T16:50:06+00:00,gid://shopify/DraftOrder/1509118902638,#D19211,EBS26154,gid://shopify/DraftOrder/1509972050286,#D20030,EBS26154-BO,2026-03-30,8,1,1542.0,1698.0,90.81,0,1,partial_instock_split,false
2026-04-02T16:50:11+00:00,gid://shopify/DraftOrder/1509125914990,#D19217,AT8746216 - BO1,gid://shopify/DraftOrder/1509972115822,#D20031,AT8746216 - BO1.2,2026-03-30,6,1,252.0,369.0,68.29,1,2,partial_instock_split,false
2026-04-02T16:50:20+00:00,gid://shopify/DraftOrder/1509126111598,#D19220,LC5336406 - BO1,gid://shopify/DraftOrder/1509972181358,#D20032,LC5336406 - BO1.2,2026-03-29,8,2,152.0,204.0,74.51,1,2,partial_instock_split,false
2026-04-02T16:51:35+00:00,gid://shopify/DraftOrder/1509431738734,#D19305,ES3981350  BO,gid://shopify/DraftOrder/1509972509038,#D20033,ES3981350  BO.2,,7,3,126.0,230.0,54.78,1,2,partial_instock_split,false
2026-04-02T16:53:35+00:00,gid://shopify/DraftOrder/1509543936366,#D19737,SR6287754 - BO1,gid://shopify/DraftOrder/1509972836718,#D20034,SR6287754 - BO1.2,2026-03-31,7,1,126.0,152.0,82.89,1,2,partial_instock_split,false
2026-04-02T16:54:11+00:00,gid://shopify/DraftOrder/1509695029614,#D19796,40126-ll-mw - BO1,gid://shopify/DraftOrder/1509973295470,#D20035,40126-ll-mw - BO1.2,2026-04-01,8,3,152.0,282.0,53.90,1,2,partial_instock_split,false
2026-04-02T16:54:30+00:00,gid://shopify/DraftOrder/1509783568750,#D19867,KB8528092,gid://shopify/DraftOrder/1509973361006,#D20036,KB8528092-BO,2026-04-01,14,1,676.0,728.0,92.86,0,1,partial_instock_split,false
2026-04-02T16:54:45+00:00,gid://shopify/DraftOrder/1509944000878,#D19878,MM8576137 - BO1,gid://shopify/DraftOrder/1509973426542,#D20037,MM8576137 - BO1.2,2026-03-08,7,1,126.0,152.0,82.89,1,2,partial_instock_split,false
2026-04-02T18:08:27+00:00,gid://shopify/DraftOrder/1509973983598,#D20038,,gid://shopify/DraftOrder/1509990236526,#D20049,BO,,25,2,1054.0,1132.0,93.11,0,1,partial_instock_split,false
2026-04-02T20:32:27+00:00,gid://shopify/DraftOrder/1510003933550,#D20054,33026PB-DE - BO1,gid://shopify/DraftOrder/1510023528814,#D20067,33026PB-DE - BO1.2,2026-04-01,8,3,152.0,282.0,53.90,1,2,partial_instock_split,false
2026-04-02T20:32:38+00:00,gid://shopify/DraftOrder/1510004064622,#D20057,PJ6921773 - BO1,gid://shopify/DraftOrder/1510023725422,#D20068,PJ6921773 - BO1.2,2026-03-31,7,2,126.0,178.0,70.79,1,2,partial_instock_split,false
2026-04-02T21:47:33+00:00,gid://shopify/DraftOrder/1510033883502,#D20076,JB4406957-ADD,gid://shopify/DraftOrder/DRY_RUN,,JB4406957-ADD-BO,2026-04-01,2,1,208.0,260.0,80.00,0,1,partial_instock_split,true
2026-04-02T21:47:33+00:00,gid://shopify/DraftOrder/1510033949038,#D20077,OM5813513,gid://shopify/DraftOrder/DRY_RUN,,OM5813513-BO,2026-04-02,8,1,208.0,234.0,88.89,0,1,partial_instock_split,true
2026-04-03T18:50:28+00:00,gid://shopify/DraftOrder/1510231343470,#D20103,4126DE,gid://shopify/DraftOrder/DRY_RUN,,4126DE-BO,2026-04-01,36,10,1220.0,1558.0,78.31,0,1,partial_instock_split,true
2026-04-03T18:50:28+00:00,gid://shopify/DraftOrder/1510231441774,#D20105,5891006SRG,gid://shopify/DraftOrder/DRY_RUN,,5891006SRG-BO,2026-04-03,6,1,860.0,1016.0,84.65,0,1,partial_instock_split,true
2026-04-03T18:50:28+00:00,gid://shopify/DraftOrder/1510231507310,#D20106,MM5174799,gid://shopify/DraftOrder/DRY_RUN,,MM5174799-BO,2026-04-03,14,12,598.0,1040.0,57.50,0,1,partial_instock_split,true
2026-04-03T21:35:32+00:00,gid://shopify/DraftOrder/1510239011182,#D20116,4126DE - BO1,gid://shopify/DraftOrder/DRY_RUN,,4126DE - BO1.2,2026-04-01,8,3,152.0,282.0,53.90,1,2,partial_instock_split,true
2026-04-06T13:14:03+00:00,gid://shopify/DraftOrder/1510239011182,#D20116,4126DE - BO1,gid://shopify/DraftOrder/DRY_RUN,,4126DE - BO1.2,2026-04-01,8,3,152.0,282.0,53.90,1,2,partial_instock_split,true
2026-04-06T13:14:03+00:00,gid://shopify/DraftOrder/1510470123886,#D20130,CK040426-2,gid://shopify/DraftOrder/DRY_RUN,,CK040426-2-BO,2026-04-04,16,10,438.0,724.0,60.50,0,1,partial_instock_split,true
2026-04-06T13:14:03+00:00,gid://shopify/DraftOrder/1510697828718,#D20131,CM033126,gid://shopify/DraftOrder/DRY_RUN,,CM033126-BO,2026-04-06,23,1,674.0,700.0,96.29,0,1,partial_instock_split,true
2026-04-06T15:50:24+00:00,gid://shopify/DraftOrder/1510239011182,#D20116,4126DE - BO1,gid://shopify/DraftOrder/DRY_RUN,,4126DE - BO1.2,2026-04-01,8,3,152.0,282.0,53.90,1,2,partial_instock_split,true
2026-04-06T15:50:24+00:00,gid://shopify/DraftOrder/1510470123886,#D20130,CK040426-2,gid://shopify/DraftOrder/DRY_RUN,,CK040426-2-BO,2026-04-04,16,10,438.0,724.0,60.50,0,1,partial_instock_split,true
2026-04-06T15:50:24+00:00,gid://shopify/DraftOrder/1510697828718,#D20131,CM033126,gid://shopify/DraftOrder/DRY_RUN,,CM033126-BO,2026-04-06,23,1,674.0,700.0,96.29,0,1,partial_instock_split,true
2026-04-06T15:50:24+00:00,gid://shopify/DraftOrder/1510762316142,#D20143,,gid://shopify/DraftOrder/DRY_RUN,,BO,,6,1,182.0,208.0,87.50,0,1,partial_instock_split,true
2026-04-06T15:50:24+00:00,gid://shopify/DraftOrder/1510777946478,#D20144,7400024327-A,gid://shopify/DraftOrder/DRY_RUN,,7400024327-A-BO,,12,2,422.24,499.52,84.53,0,1,partial_instock_split,true
2026-04-06T19:02:27+00:00,gid://shopify/DraftOrder/1510239011182,#D20116,4126DE - BO1,gid://shopify/DraftOrder/DRY_RUN,,4126DE - BO1.2,2026-04-01,8,3,152.0,282.0,53.90,1,2,partial_instock_split,true
2026-04-06T19:02:27+00:00,gid://shopify/DraftOrder/1510470123886,#D20130,CK040426-2,gid://shopify/DraftOrder/DRY_RUN,,CK040426-2-BO,2026-04-04,7,2,126.0,178.0,70.79,0,1,partial_instock_split,true
2026-04-06T19:02:27+00:00,gid://shopify/DraftOrder/1510762316142,#D20143,,gid://shopify/DraftOrder/DRY_RUN,,BO,,6,1,182.0,208.0,87.50,0,1,partial_instock_split,true
2026-04-06T19:02:27+00:00,gid://shopify/DraftOrder/1510798655854,#D20149,CM033126 - BO1,gid://shopify/DraftOrder/DRY_RUN,,CM033126 - BO1.2,2026-04-06,7,1,126.0,152.0,82.89,1,2,partial_instock_split,true
2026-04-06T21:39:05+00:00,gid://shopify/DraftOrder/1503162401134,#D15521,KA8331705 BO,gid://shopify/DraftOrder/DRY_RUN,,KA8331705 BO.2,,2,1,182.0,234.0,77.78,1,2,partial_instock_split,true
2026-04-06T21:39:05+00:00,gid://shopify/DraftOrder/1503840960878,#D15576,Loomeys BO,gid://shopify/DraftOrder/DRY_RUN,,Loomeys BO.2,,2,1,104.0,156.0,66.67,1,2,partial_instock_split,true
2026-04-06T21:39:05+00:00,gid://shopify/DraftOrder/1503948603758,#D15648,JM6850646  BO,gid://shopify/DraftOrder/DRY_RUN,,JM6850646  BO.2,,2,1,156.0,234.0,66.67,1,2,partial_instock_split,true
2026-04-06T21:39:05+00:00,gid://shopify/DraftOrder/1505305133422,#D17138,LL020226-SB- BO3,gid://shopify/DraftOrder/DRY_RUN,,LL020226-SB- BO3.2,,3,5,156.0,416.0,37.50,1,2,partial_instock_split,true
2026-04-06T21:39:06+00:00,gid://shopify/DraftOrder/1505496465774,#D17412,BACKORDER-1,gid://shopify/DraftOrder/DRY_RUN,,BACKORDER-1-BO,,4,1,104.0,130.0,80.00,0,1,partial_instock_split,true
2026-04-06T21:39:06+00:00,gid://shopify/DraftOrder/1506412495214,#D18116,324670,gid://shopify/DraftOrder/DRY_RUN,,324670-BO,,4,3,4147.00,7264.40,57.09,0,1,partial_instock_split,true
2026-04-06T21:39:06+00:00,gid://shopify/DraftOrder/1507462906222,#D18483,DS4822486 - BO1,gid://shopify/DraftOrder/DRY_RUN,,DS4822486 - BO1.2,,4,1,104.0,130.0,80.00,1,2,partial_instock_split,true
2026-04-06T21:39:06+00:00,gid://shopify/DraftOrder/1507543843182,#D18543,CP7667529 - BO1,gid://shopify/DraftOrder/DRY_RUN,,CP7667529 - BO1.2,2026-03-23,2,1,156.0,260.0,60.00,1,2,partial_instock_split,true
2026-04-06T21:39:06+00:00,gid://shopify/DraftOrder/1507716497774,#D18578,JM9706032 - BO1,gid://shopify/DraftOrder/DRY_RUN,,JM9706032 - BO1.2,2026-03-24,5,1,130.0,156.0,83.33,1,2,partial_instock_split,true
2026-04-06T21:39:06+00:00,gid://shopify/DraftOrder/1507791896942,#D18609,EV3977510 - BO1,gid://shopify/DraftOrder/DRY_RUN,,EV3977510 - BO1.2,2026-03-24,2,1,130.0,286.0,45.45,1,2,partial_instock_split,true
2026-04-06T21:39:06+00:00,gid://shopify/DraftOrder/1508014948718,#D18666,MA8869420  BO - BO1,gid://shopify/DraftOrder/DRY_RUN,,MA8869420  BO - BO1.2,,2,2,104.0,298.0,34.90,1,2,partial_instock_split,true
2026-04-06T21:39:06+00:00,gid://shopify/DraftOrder/1508445847918,#D19127,JM3615008 - BO1,gid://shopify/DraftOrder/DRY_RUN,,JM3615008 - BO1.2,2026-03-26,3,1,702.0,858.0,81.82,1,2,partial_instock_split,true
2026-04-06T21:39:06+00:00,gid://shopify/DraftOrder/1508445913454,#D19128,KS9321033 - BO1,gid://shopify/DraftOrder/DRY_RUN,,KS9321033 - BO1.2,2026-03-27,3,1,104.0,156.0,66.67,1,2,partial_instock_split,true
2026-04-06T21:39:06+00:00,gid://shopify/DraftOrder/1508470260078,#D19139,5003456-1 BO,gid://shopify/DraftOrder/DRY_RUN,,5003456-1 BO.2,,2,1,312.0,390.0,80.00,1,2,partial_instock_split,true
2026-04-06T21:39:06+00:00,gid://shopify/DraftOrder/1508947853678,#D19180,CP9319874-D - BO1,gid://shopify/DraftOrder/DRY_RUN,,CP9319874-D - BO1.2,2026-03-29,2,1,104.0,130.0,80.00,1,2,partial_instock_split,true
2026-04-06T21:39:06+00:00,gid://shopify/DraftOrder/1508948115822,#D19187,CP9319874 - BO1,gid://shopify/DraftOrder/DRY_RUN,,CP9319874 - BO1.2,2026-03-16,2,1,104.0,130.0,80.00,1,2,partial_instock_split,true
2026-04-06T21:39:06+00:00,gid://shopify/DraftOrder/1510239011182,#D20116,4126DE - BO1,gid://shopify/DraftOrder/DRY_RUN,,4126DE - BO1.2,2026-04-01,10,1,230.0,282.0,81.56,1,2,partial_instock_split,true
2026-04-06T21:39:06+00:00,gid://shopify/DraftOrder/1510470123886,#D20130,CK040426-2,gid://shopify/DraftOrder/DRY_RUN,,CK040426-2-BO,2026-04-04,8,1,152.0,178.0,85.39,0,1,partial_instock_split,true
2026-04-06T21:39:06+00:00,gid://shopify/DraftOrder/1510798655854,#D20149,CM033126 - BO1,gid://shopify/DraftOrder/DRY_RUN,,CM033126 - BO1.2,2026-04-06,7,1,126.0,152.0,82.89,1,2,partial_instock_split,true
2026-04-06T21:39:06+00:00,gid://shopify/DraftOrder/1510874775918,#D20159,AB1075791,gid://shopify/DraftOrder/DRY_RUN,,AB1075791-BO,2026-04-06,23,13,1122.0,1972.0,56.90,0,1,partial_instock_split,true
2026-04-07T13:22:06+00:00,gid://shopify/DraftOrder/1503948603758,#D15648,JM6850646  BO,gid://shopify/DraftOrder/DRY_RUN,,JM6850646  BO.2,,2,1,156.0,234.0,66.67,1,2,partial_instock_split,true
2026-04-07T13:22:07+00:00,gid://shopify/DraftOrder/1505496465774,#D17412,BACKORDER-1,gid://shopify/DraftOrder/DRY_RUN,,BACKORDER-1-BO,,4,1,104.0,130.0,80.00,0,1,partial_instock_split,true
2026-04-07T13:22:07+00:00,gid://shopify/DraftOrder/1506412495214,#D18116,324670,gid://shopify/DraftOrder/DRY_RUN,,324670-BO,,2,5,2459.60,7264.40,33.86,0,1,partial_instock_split,true
2026-04-07T13:22:07+00:00,gid://shopify/DraftOrder/1507462906222,#D18483,DS4822486 - BO1,gid://shopify/DraftOrder/DRY_RUN,,DS4822486 - BO1.2,,4,1,104.0,130.0,80.00,1,2,partial_instock_split,true
2026-04-07T13:22:07+00:00,gid://shopify/DraftOrder/1507543843182,#D18543,CP7667529 - BO1,gid://shopify/DraftOrder/DRY_RUN,,CP7667529 - BO1.2,2026-03-23,2,1,156.0,260.0,60.00,1,2,partial_instock_split,true
2026-04-07T13:22:07+00:00,gid://shopify/DraftOrder/1507716497774,#D18578,JM9706032 - BO1,gid://shopify/DraftOrder/DRY_RUN,,JM9706032 - BO1.2,2026-03-24,4,2,104.0,156.0,66.67,1,2,partial_instock_split,true
2026-04-07T13:22:07+00:00,gid://shopify/DraftOrder/1508445847918,#D19127,JM3615008 - BO1,gid://shopify/DraftOrder/DRY_RUN,,JM3615008 - BO1.2,2026-03-26,2,2,468.0,858.0,54.55,1,2,partial_instock_split,true
2026-04-07T13:22:07+00:00,gid://shopify/DraftOrder/1508470260078,#D19139,5003456-1 BO,gid://shopify/DraftOrder/DRY_RUN,,5003456-1 BO.2,,2,1,312.0,390.0,80.00,1,2,partial_instock_split,true
2026-04-07T13:22:07+00:00,gid://shopify/DraftOrder/1508947853678,#D19180,CP9319874-D - BO1,gid://shopify/DraftOrder/DRY_RUN,,CP9319874-D - BO1.2,2026-03-29,2,1,104.0,130.0,80.00,1,2,partial_instock_split,true
2026-04-07T13:22:07+00:00,gid://shopify/DraftOrder/1508948115822,#D19187,CP9319874 - BO1,gid://shopify/DraftOrder/DRY_RUN,,CP9319874 - BO1.2,2026-03-16,2,1,104.0,130.0,80.00,1,2,partial_instock_split,true
2026-04-07T13:22:07+00:00,gid://shopify/DraftOrder/1510239011182,#D20116,4126DE - BO1,gid://shopify/DraftOrder/DRY_RUN,,4126DE - BO1.2,2026-04-01,9,2,204.0,282.0,72.34,1,2,partial_instock_split,true
2026-04-07T13:22:07+00:00,gid://shopify/DraftOrder/1510470123886,#D20130,CK040426-2,gid://shopify/DraftOrder/DRY_RUN,,CK040426-2-BO,2026-04-04,7,2,126.0,178.0,70.79,0,1,partial_instock_split,true
2026-04-07T13:22:07+00:00,gid://shopify/DraftOrder/1510798655854,#D20149,CM033126 - BO1,gid://shopify/DraftOrder/DRY_RUN,,CM033126 - BO1.2,2026-04-06,7,1,126.0,152.0,82.89,1,2,partial_instock_split,true
2026-04-07T13:22:07+00:00,gid://shopify/DraftOrder/1510874775918,#D20159,AB1075791,gid://shopify/DraftOrder/DRY_RUN,,AB1075791-BO,2026-04-06,18,2,862.0,974.0,88.50,0,1,partial_instock_split,true
2026-04-07T13:22:07+00:00,gid://shopify/DraftOrder/1510887948654,#D20160,AB1075791 - BO1,gid://shopify/DraftOrder/DRY_RUN,,AB1075791 - BO1.2,2026-04-06,2,2,104.0,336.0,30.95,1,2,partial_instock_split,true
2026-04-07T13:22:07+00:00,gid://shopify/DraftOrder/1510923338094,#D20168,AB8710009-D,gid://shopify/DraftOrder/DRY_RUN,,AB8710009-D-BO,2026-04-06,13,1,416.0,442.0,94.12,0,1,partial_instock_split,true
2026-04-07T16:11:24+00:00,gid://shopify/DraftOrder/1497824199022,#D12755,MM7590719  BO,gid://shopify/DraftOrder/DRY_RUN,,MM7590719  BO.2,,2,1,104.0,156.0,66.67,1,2,partial_instock_split,true
2026-04-07T16:11:24+00:00,gid://shopify/DraftOrder/1499753382254,#D13492,LL012726CY BO,gid://shopify/DraftOrder/DRY_RUN,,LL012726CY BO.2,2026-01-27,8,1,152.0,178.0,85.39,1,2,partial_instock_split,true
2026-04-07T16:11:24+00:00,gid://shopify/DraftOrder/1503948603758,#D15648,JM6850646  BO,gid://shopify/DraftOrder/DRY_RUN,,JM6850646  BO.2,,2,1,156.0,234.0,66.67,1,2,partial_instock_split,true
2026-04-07T16:11:24+00:00,gid://shopify/DraftOrder/1505496465774,#D17412,BACKORDER-1,gid://shopify/DraftOrder/DRY_RUN,,BACKORDER-1-BO,,4,1,104.0,130.0,80.00,0,1,partial_instock_split,true
2026-04-07T16:11:24+00:00,gid://shopify/DraftOrder/1506412495214,#D18116,324670,gid://shopify/DraftOrder/DRY_RUN,,324670-BO,,2,5,2459.60,7264.40,33.86,0,1,partial_instock_split,true
2026-04-07T16:11:24+00:00,gid://shopify/DraftOrder/1507462906222,#D18483,DS4822486 - BO1,gid://shopify/DraftOrder/DRY_RUN,,DS4822486 - BO1.2,,4,1,104.0,130.0,80.00,1,2,partial_instock_split,true
2026-04-07T16:11:24+00:00,gid://shopify/DraftOrder/1507543843182,#D18543,CP7667529 - BO1,gid://shopify/DraftOrder/DRY_RUN,,CP7667529 - BO1.2,2026-03-23,2,1,156.0,260.0,60.00,1,2,partial_instock_split,true
2026-04-07T16:11:24+00:00,gid://shopify/DraftOrder/1507716497774,#D18578,JM9706032 - BO1,gid://shopify/DraftOrder/DRY_RUN,,JM9706032 - BO1.2,2026-03-24,4,2,104.0,156.0,66.67,1,2,partial_instock_split,true
2026-04-07T16:11:24+00:00,gid://shopify/DraftOrder/1508445847918,#D19127,JM3615008 - BO1,gid://shopify/DraftOrder/DRY_RUN,,JM3615008 - BO1.2,2026-03-26,2,2,468.0,858.0,54.55,1,2,partial_instock_split,true
2026-04-07T16:11:24+00:00,gid://shopify/DraftOrder/1508470260078,#D19139,5003456-1 BO,gid://shopify/DraftOrder/DRY_RUN,,5003456-1 BO.2,,2,1,312.0,390.0,80.00,1,2,partial_instock_split,true
2026-04-07T16:11:24+00:00,gid://shopify/DraftOrder/1508947853678,#D19180,CP9319874-D - BO1,gid://shopify/DraftOrder/DRY_RUN,,CP9319874-D - BO1.2,2026-03-29,2,1,104.0,130.0,80.00,1,2,partial_instock_split,true
2026-04-07T16:11:24+00:00,gid://shopify/DraftOrder/1508948115822,#D19187,CP9319874 - BO1,gid://shopify/DraftOrder/DRY_RUN,,CP9319874 - BO1.2,2026-03-16,2,1,104.0,130.0,80.00,1,2,partial_instock_split,true
2026-04-07T16:11:24+00:00,gid://shopify/DraftOrder/1510239011182,#D20116,4126DE - BO1,gid://shopify/DraftOrder/DRY_RUN,,4126DE - BO1.2,2026-04-01,9,2,204.0,282.0,72.34,1,2,partial_instock_split,true
2026-04-07T16:11:24+00:00,gid://shopify/DraftOrder/1510470123886,#D20130,CK040426-2,gid://shopify/DraftOrder/DRY_RUN,,CK040426-2-BO,2026-04-04,7,2,126.0,178.0,70.79,0,1,partial_instock_split,true
2026-04-07T16:11:24+00:00,gid://shopify/DraftOrder/1510798655854,#D20149,CM033126 - BO1,gid://shopify/DraftOrder/DRY_RUN,,CM033126 - BO1.2,2026-04-06,7,1,126.0,152.0,82.89,1,2,partial_instock_split,true
2026-04-07T16:11:24+00:00,gid://shopify/DraftOrder/1510874775918,#D20159,AB1075791,gid://shopify/DraftOrder/DRY_RUN,,AB1075791-BO,2026-04-06,18,2,862.0,974.0,88.50,0,1,partial_instock_split,true
2026-04-07T16:11:24+00:00,gid://shopify/DraftOrder/1510887948654,#D20160,AB1075791 - BO1,gid://shopify/DraftOrder/DRY_RUN,,AB1075791 - BO1.2,2026-04-06,2,2,104.0,336.0,30.95,1,2,partial_instock_split,true
2026-04-07T16:11:24+00:00,gid://shopify/DraftOrder/1510923338094,#D20168,AB8710009-D,gid://shopify/DraftOrder/DRY_RUN,,AB8710009-D-BO,2026-04-06,13,1,416.0,442.0,94.12,0,1,partial_instock_split,true
2026-04-07T16:11:24+00:00,gid://shopify/DraftOrder/1511059521902,#D20194,JR2677509,gid://shopify/DraftOrder/DRY_RUN,,JR2677509-BO,2026-04-07,15,5,370.0,542.0,68.27,0,1,partial_instock_split,true
2026-04-07T19:05:32+00:00,gid://shopify/DraftOrder/1497824199022,#D12755,MM7590719  BO,gid://shopify/DraftOrder/DRY_RUN,,MM7590719  BO.2,,2,1,104.0,156.0,66.67,1,2,partial_instock_split,true
2026-04-07T19:05:32+00:00,gid://shopify/DraftOrder/1499753382254,#D13492,LL012726CY BO,gid://shopify/DraftOrder/DRY_RUN,,LL012726CY BO.2,2026-01-27,8,1,152.0,178.0,85.39,1,2,partial_instock_split,true
2026-04-07T19:05:32+00:00,gid://shopify/DraftOrder/1503948603758,#D15648,JM6850646  BO,gid://shopify/DraftOrder/DRY_RUN,,JM6850646  BO.2,,2,1,156.0,234.0,66.67,1,2,partial_instock_split,true
2026-04-07T19:05:32+00:00,gid://shopify/DraftOrder/1505496465774,#D17412,BACKORDER-1,gid://shopify/DraftOrder/DRY_RUN,,BACKORDER-1-BO,,4,1,104.0,130.0,80.00,0,1,partial_instock_split,true
2026-04-07T19:05:32+00:00,gid://shopify/DraftOrder/1506412495214,#D18116,324670,gid://shopify/DraftOrder/DRY_RUN,,324670-BO,,2,5,2459.60,7264.40,33.86,0,1,partial_instock_split,true
2026-04-07T19:05:32+00:00,gid://shopify/DraftOrder/1507462906222,#D18483,DS4822486 - BO1,gid://shopify/DraftOrder/DRY_RUN,,DS4822486 - BO1.2,,4,1,104.0,130.0,80.00,1,2,partial_instock_split,true
2026-04-07T19:05:32+00:00,gid://shopify/DraftOrder/1507543843182,#D18543,CP7667529 - BO1,gid://shopify/DraftOrder/DRY_RUN,,CP7667529 - BO1.2,2026-03-23,2,1,156.0,260.0,60.00,1,2,partial_instock_split,true
2026-04-07T19:05:32+00:00,gid://shopify/DraftOrder/1507716497774,#D18578,JM9706032 - BO1,gid://shopify/DraftOrder/DRY_RUN,,JM9706032 - BO1.2,2026-03-24,4,2,104.0,156.0,66.67,1,2,partial_instock_split,true
2026-04-07T19:05:32+00:00,gid://shopify/DraftOrder/1508445847918,#D19127,JM3615008 - BO1,gid://shopify/DraftOrder/DRY_RUN,,JM3615008 - BO1.2,2026-03-26,2,2,468.0,858.0,54.55,1,2,partial_instock_split,true
2026-04-07T19:05:32+00:00,gid://shopify/DraftOrder/1508470260078,#D19139,5003456-1 BO,gid://shopify/DraftOrder/DRY_RUN,,5003456-1 BO.2,,2,1,312.0,390.0,80.00,1,2,partial_instock_split,true
2026-04-07T19:05:32+00:00,gid://shopify/DraftOrder/1508947853678,#D19180,CP9319874-D - BO1,gid://shopify/DraftOrder/DRY_RUN,,CP9319874-D - BO1.2,2026-03-29,2,1,104.0,130.0,80.00,1,2,partial_instock_split,true
2026-04-07T19:05:32+00:00,gid://shopify/DraftOrder/1508948115822,#D19187,CP9319874 - BO1,gid://shopify/DraftOrder/DRY_RUN,,CP9319874 - BO1.2,2026-03-16,2,1,104.0,130.0,80.00,1,2,partial_instock_split,true
2026-04-07T19:05:32+00:00,gid://shopify/DraftOrder/1510239011182,#D20116,4126DE - BO1,gid://shopify/DraftOrder/DRY_RUN,,4126DE - BO1.2,2026-04-01,9,2,204.0,282.0,72.34,1,2,partial_instock_split,true
2026-04-07T19:05:32+00:00,gid://shopify/DraftOrder/1510470123886,#D20130,CK040426-2,gid://shopify/DraftOrder/DRY_RUN,,CK040426-2-BO,2026-04-04,7,2,126.0,178.0,70.79,0,1,partial_instock_split,true
2026-04-07T19:05:32+00:00,gid://shopify/DraftOrder/1510798655854,#D20149,CM033126 - BO1,gid://shopify/DraftOrder/DRY_RUN,,CM033126 - BO1.2,2026-04-06,7,1,126.0,152.0,82.89,1,2,partial_instock_split,true
2026-04-07T19:05:32+00:00,gid://shopify/DraftOrder/1510874775918,#D20159,AB1075791,gid://shopify/DraftOrder/DRY_RUN,,AB1075791-BO,2026-04-06,18,2,862.0,974.0,88.50,0,1,partial_instock_split,true
2026-04-07T19:05:32+00:00,gid://shopify/DraftOrder/1510887948654,#D20160,AB1075791 - BO1,gid://shopify/DraftOrder/DRY_RUN,,AB1075791 - BO1.2,2026-04-06,2,2,104.0,336.0,30.95,1,2,partial_instock_split,true
2026-04-07T19:05:32+00:00,gid://shopify/DraftOrder/1510923338094,#D20168,AB8710009-D,gid://shopify/DraftOrder/DRY_RUN,,AB8710009-D-BO,2026-04-06,13,1,416.0,442.0,94.12,0,1,partial_instock_split,true
2026-04-07T19:05:32+00:00,gid://shopify/DraftOrder/1511067025774,#D20197,JR2677509 - BO1,gid://shopify/DraftOrder/DRY_RUN,,JR2677509 - BO1.2,2026-04-07,7,2,126.0,201.0,62.69,1,2,partial_instock_split,true
2026-04-07T19:05:32+00:00,gid://shopify/DraftOrder/1511105692014,#D20224,BH9829982,gid://shopify/DraftOrder/DRY_RUN,,BH9829982-BO,2026-04-06,7,5,286.0,520.0,55.00,0,1,partial_instock_split,true
2026-04-07T19:05:32+00:00,gid://shopify/DraftOrder/1511105757550,#D20226,TB4236270,gid://shopify/DraftOrder/DRY_RUN,,TB4236270-BO,2026-04-07,7,1,262.0,288.0,90.97,0,1,partial_instock_split,true
2026-04-07T19:05:32+00:00,gid://shopify/DraftOrder/1511105888622,#D20227,RG2257550,gid://shopify/DraftOrder/DRY_RUN,,RG2257550-BO,2026-04-01,24,3,752.0,870.0,86.44,0,1,partial_instock_split,true
2026-04-07T19:05:32+00:00,gid://shopify/DraftOrder/1511105986926,#D20228,0331RG-SC,gid://shopify/DraftOrder/DRY_RUN,,0331RG-SC-BO,2026-04-01,24,3,752.0,870.0,86.44,0,1,partial_instock_split,true
2026-04-07T19:05:32+00:00,gid://shopify/DraftOrder/1511106019694,#D20229,MA3513973,gid://shopify/DraftOrder/DRY_RUN,,MA3513973-BO,2026-04-07,9,4,178.0,304.0,58.55,0,1,partial_instock_split,true
2026-04-07T21:46:01+00:00,gid://shopify/DraftOrder/1497824199022,#D12755,MM7590719  BO,gid://shopify/DraftOrder/DRY_RUN,,MM7590719  BO.2,,2,1,104.0,156.0,66.67,1,2,partial_instock_split,true
2026-04-07T21:46:01+00:00,gid://shopify/DraftOrder/1499753382254,#D13492,LL012726CY BO,gid://shopify/DraftOrder/DRY_RUN,,LL012726CY BO.2,2026-01-27,8,1,152.0,178.0,85.39,1,2,partial_instock_split,true
2026-04-07T21:46:01+00:00,gid://shopify/DraftOrder/1503948603758,#D15648,JM6850646  BO,gid://shopify/DraftOrder/DRY_RUN,,JM6850646  BO.2,,2,1,156.0,234.0,66.67,1,2,partial_instock_split,true
2026-04-07T21:46:02+00:00,gid://shopify/DraftOrder/1505496465774,#D17412,BACKORDER-1,gid://shopify/DraftOrder/DRY_RUN,,BACKORDER-1-BO,,4,1,104.0,130.0,80.00,0,1,partial_instock_split,true
2026-04-07T21:46:02+00:00,gid://shopify/DraftOrder/1506412495214,#D18116,324670,gid://shopify/DraftOrder/DRY_RUN,,324670-BO,,2,5,2459.60,7264.40,33.86,0,1,partial_instock_split,true
2026-04-07T21:46:02+00:00,gid://shopify/DraftOrder/1507462906222,#D18483,DS4822486 - BO1,gid://shopify/DraftOrder/DRY_RUN,,DS4822486 - BO1.2,,4,1,104.0,130.0,80.00,1,2,partial_instock_split,true
2026-04-07T21:46:02+00:00,gid://shopify/DraftOrder/1507543843182,#D18543,CP7667529 - BO1,gid://shopify/DraftOrder/DRY_RUN,,CP7667529 - BO1.2,2026-03-23,2,1,156.0,260.0,60.00,1,2,partial_instock_split,true
2026-04-07T21:46:02+00:00,gid://shopify/DraftOrder/1507716497774,#D18578,JM9706032 - BO1,gid://shopify/DraftOrder/DRY_RUN,,JM9706032 - BO1.2,2026-03-24,4,2,104.0,156.0,66.67,1,2,partial_instock_split,true
2026-04-07T21:46:02+00:00,gid://shopify/DraftOrder/1508445847918,#D19127,JM3615008 - BO1,gid://shopify/DraftOrder/DRY_RUN,,JM3615008 - BO1.2,2026-03-26,2,2,468.0,858.0,54.55,1,2,partial_instock_split,true
2026-04-07T21:46:02+00:00,gid://shopify/DraftOrder/1508470260078,#D19139,5003456-1 BO,gid://shopify/DraftOrder/DRY_RUN,,5003456-1 BO.2,,2,1,312.0,390.0,80.00,1,2,partial_instock_split,true
2026-04-07T21:46:02+00:00,gid://shopify/DraftOrder/1508947853678,#D19180,CP9319874-D - BO1,gid://shopify/DraftOrder/DRY_RUN,,CP9319874-D - BO1.2,2026-03-29,2,1,104.0,130.0,80.00,1,2,partial_instock_split,true
2026-04-07T21:46:02+00:00,gid://shopify/DraftOrder/1508948115822,#D19187,CP9319874 - BO1,gid://shopify/DraftOrder/DRY_RUN,,CP9319874 - BO1.2,2026-03-16,2,1,104.0,130.0,80.00,1,2,partial_instock_split,true
2026-04-07T21:46:02+00:00,gid://shopify/DraftOrder/1510239011182,#D20116,4126DE - BO1,gid://shopify/DraftOrder/DRY_RUN,,4126DE - BO1.2,2026-04-01,9,2,204.0,282.0,72.34,1,2,partial_instock_split,true
2026-04-07T21:46:02+00:00,gid://shopify/DraftOrder/1510470123886,#D20130,CK040426-2,gid://shopify/DraftOrder/DRY_RUN,,CK040426-2-BO,2026-04-04,7,2,126.0,178.0,70.79,0,1,partial_instock_split,true
2026-04-07T21:46:02+00:00,gid://shopify/DraftOrder/1510798655854,#D20149,CM033126 - BO1,gid://shopify/DraftOrder/DRY_RUN,,CM033126 - BO1.2,2026-04-06,7,1,126.0,152.0,82.89,1,2,partial_instock_split,true
2026-04-07T21:46:02+00:00,gid://shopify/DraftOrder/1510874775918,#D20159,AB1075791,gid://shopify/DraftOrder/DRY_RUN,,AB1075791-BO,2026-04-06,18,2,862.0,974.0,88.50,0,1,partial_instock_split,true
2026-04-07T21:46:02+00:00,gid://shopify/DraftOrder/1510887948654,#D20160,AB1075791 - BO1,gid://shopify/DraftOrder/DRY_RUN,,AB1075791 - BO1.2,2026-04-06,2,2,104.0,336.0,30.95,1,2,partial_instock_split,true
2026-04-07T21:46:02+00:00,gid://shopify/DraftOrder/1510923338094,#D20168,AB8710009-D,gid://shopify/DraftOrder/DRY_RUN,,AB8710009-D-BO,2026-04-06,13,1,416.0,442.0,94.12,0,1,partial_instock_split,true
2026-04-07T21:46:02+00:00,gid://shopify/DraftOrder/1511067025774,#D20197,JR2677509 - BO1,gid://shopify/DraftOrder/DRY_RUN,,JR2677509 - BO1.2,2026-04-07,7,2,126.0,201.0,62.69,1,2,partial_instock_split,true
2026-04-07T21:46:02+00:00,gid://shopify/DraftOrder/1511114277230,#D20235,0331RG-SC - BO1,gid://shopify/DraftOrder/DRY_RUN,,0331RG-SC - BO1.2,2026-04-01,7,2,126.0,204.0,61.76,1,2,partial_instock_split,true
2026-04-07T21:46:02+00:00,gid://shopify/DraftOrder/1511114342766,#D20237,RG2257550 - BO1,gid://shopify/DraftOrder/DRY_RUN,,RG2257550 - BO1.2,2026-04-01,7,2,126.0,204.0,61.76,1,2,partial_instock_split,true
2026-04-07T21:46:02+00:00,gid://shopify/DraftOrder/1511114473838,#D20240,BH9829982 - BO1,gid://shopify/DraftOrder/DRY_RUN,,BH9829982 - BO1.2,2026-04-06,2,1,104.0,156.0,66.67,1,2,partial_instock_split,true
2026-04-08T13:22:29+00:00,gid://shopify/DraftOrder/1497824199022,#D12755,MM7590719  BO,gid://shopify/DraftOrder/DRY_RUN,,MM7590719  BO.2,,2,1,104.0,156.0,66.67,1,2,partial_instock_split,true
2026-04-08T13:22:29+00:00,gid://shopify/DraftOrder/1499753382254,#D13492,LL012726CY BO,gid://shopify/DraftOrder/DRY_RUN,,LL012726CY BO.2,2026-01-27,8,1,152.0,178.0,85.39,1,2,partial_instock_split,true
2026-04-08T13:22:29+00:00,gid://shopify/DraftOrder/1503948603758,#D15648,JM6850646  BO,gid://shopify/DraftOrder/DRY_RUN,,JM6850646  BO.2,,2,1,156.0,234.0,66.67,1,2,partial_instock_split,true
2026-04-08T13:22:29+00:00,gid://shopify/DraftOrder/1505496465774,#D17412,BACKORDER-1,gid://shopify/DraftOrder/DRY_RUN,,BACKORDER-1-BO,,4,1,104.0,130.0,80.00,0,1,partial_instock_split,true
2026-04-08T13:22:29+00:00,gid://shopify/DraftOrder/1506412495214,#D18116,324670,gid://shopify/DraftOrder/DRY_RUN,,324670-BO,,2,5,2459.60,7264.40,33.86,0,1,partial_instock_split,true
2026-04-08T13:22:29+00:00,gid://shopify/DraftOrder/1507462906222,#D18483,DS4822486 - BO1,gid://shopify/DraftOrder/DRY_RUN,,DS4822486 - BO1.2,,4,1,104.0,130.0,80.00,1,2,partial_instock_split,true
2026-04-08T13:22:29+00:00,gid://shopify/DraftOrder/1507543843182,#D18543,CP7667529 - BO1,gid://shopify/DraftOrder/DRY_RUN,,CP7667529 - BO1.2,2026-03-23,2,1,156.0,260.0,60.00,1,2,partial_instock_split,true
2026-04-08T13:22:29+00:00,gid://shopify/DraftOrder/1507716497774,#D18578,JM9706032 - BO1,gid://shopify/DraftOrder/DRY_RUN,,JM9706032 - BO1.2,2026-03-24,4,2,104.0,156.0,66.67,1,2,partial_instock_split,true
2026-04-08T13:22:29+00:00,gid://shopify/DraftOrder/1508445847918,#D19127,JM3615008 - BO1,gid://shopify/DraftOrder/DRY_RUN,,JM3615008 - BO1.2,2026-03-26,2,2,468.0,858.0,54.55,1,2,partial_instock_split,true
2026-04-08T13:22:29+00:00,gid://shopify/DraftOrder/1508470260078,#D19139,5003456-1 BO,gid://shopify/DraftOrder/DRY_RUN,,5003456-1 BO.2,,2,1,312.0,390.0,80.00,1,2,partial_instock_split,true
2026-04-08T13:22:29+00:00,gid://shopify/DraftOrder/1508947853678,#D19180,CP9319874-D - BO1,gid://shopify/DraftOrder/DRY_RUN,,CP9319874-D - BO1.2,2026-03-29,2,1,104.0,130.0,80.00,1,2,partial_instock_split,true
2026-04-08T13:22:29+00:00,gid://shopify/DraftOrder/1508948115822,#D19187,CP9319874 - BO1,gid://shopify/DraftOrder/DRY_RUN,,CP9319874 - BO1.2,2026-03-16,2,1,104.0,130.0,80.00,1,2,partial_instock_split,true
2026-04-08T13:22:29+00:00,gid://shopify/DraftOrder/1510239011182,#D20116,4126DE - BO1,gid://shopify/DraftOrder/DRY_RUN,,4126DE - BO1.2,2026-04-01,9,2,204.0,282.0,72.34,1,2,partial_instock_split,true
2026-04-08T13:22:29+00:00,gid://shopify/DraftOrder/1510470123886,#D20130,CK040426-2,gid://shopify/DraftOrder/DRY_RUN,,CK040426-2-BO,2026-04-04,7,2,126.0,178.0,70.79,0,1,partial_instock_split,true
2026-04-08T13:22:29+00:00,gid://shopify/DraftOrder/1510798655854,#D20149,CM033126 - BO1,gid://shopify/DraftOrder/DRY_RUN,,CM033126 - BO1.2,2026-04-06,7,1,126.0,152.0,82.89,1,2,partial_instock_split,true
2026-04-08T13:22:29+00:00,gid://shopify/DraftOrder/1510874775918,#D20159,AB1075791,gid://shopify/DraftOrder/DRY_RUN,,AB1075791-BO,2026-04-06,18,2,862.0,974.0,88.50,0,1,partial_instock_split,true
2026-04-08T13:22:29+00:00,gid://shopify/DraftOrder/1510887948654,#D20160,AB1075791 - BO1,gid://shopify/DraftOrder/DRY_RUN,,AB1075791 - BO1.2,2026-04-06,2,2,104.0,336.0,30.95,1,2,partial_instock_split,true
2026-04-08T13:22:29+00:00,gid://shopify/DraftOrder/1510923338094,#D20168,AB8710009-D,gid://shopify/DraftOrder/DRY_RUN,,AB8710009-D-BO,2026-04-06,13,1,416.0,442.0,94.12,0,1,partial_instock_split,true
2026-04-08T13:22:29+00:00,gid://shopify/DraftOrder/1511067025774,#D20197,JR2677509 - BO1,gid://shopify/DraftOrder/DRY_RUN,,JR2677509 - BO1.2,2026-04-07,7,2,126.0,201.0,62.69,1,2,partial_instock_split,true
2026-04-08T13:22:29+00:00,gid://shopify/DraftOrder/1511114277230,#D20235,0331RG-SC - BO1,gid://shopify/DraftOrder/DRY_RUN,,0331RG-SC - BO1.2,2026-04-01,7,2,126.0,204.0,61.76,1,2,partial_instock_split,true
2026-04-08T13:22:29+00:00,gid://shopify/DraftOrder/1511114342766,#D20237,RG2257550 - BO1,gid://shopify/DraftOrder/DRY_RUN,,RG2257550 - BO1.2,2026-04-01,7,2,126.0,204.0,61.76,1,2,partial_instock_split,true
2026-04-08T13:22:29+00:00,gid://shopify/DraftOrder/1511114473838,#D20240,BH9829982 - BO1,gid://shopify/DraftOrder/DRY_RUN,,BH9829982 - BO1.2,2026-04-06,2,1,104.0,156.0,66.67,1,2,partial_instock_split,true
2026-04-08T16:16:12+00:00,gid://shopify/DraftOrder/1497824199022,#D12755,MM7590719  BO,gid://shopify/DraftOrder/DRY_RUN,,MM7590719  BO.2,,2,1,104.0,156.0,66.67,1,2,partial_instock_split,true
2026-04-08T16:16:12+00:00,gid://shopify/DraftOrder/1499753382254,#D13492,LL012726CY BO,gid://shopify/DraftOrder/DRY_RUN,,LL012726CY BO.2,2026-01-27,8,1,152.0,178.0,85.39,1,2,partial_instock_split,true
2026-04-08T16:16:12+00:00,gid://shopify/DraftOrder/1503948603758,#D15648,JM6850646  BO,gid://shopify/DraftOrder/DRY_RUN,,JM6850646  BO.2,,2,1,156.0,234.0,66.67,1,2,partial_instock_split,true
2026-04-08T16:16:12+00:00,gid://shopify/DraftOrder/1505496465774,#D17412,BACKORDER-1,gid://shopify/DraftOrder/DRY_RUN,,BACKORDER-1-BO,,4,1,104.0,130.0,80.00,0,1,partial_instock_split,true
2026-04-08T16:16:12+00:00,gid://shopify/DraftOrder/1506412495214,#D18116,324670,gid://shopify/DraftOrder/DRY_RUN,,324670-BO,,2,5,2459.60,7264.40,33.86,0,1,partial_instock_split,true
2026-04-08T16:16:12+00:00,gid://shopify/DraftOrder/1507462906222,#D18483,DS4822486 - BO1,gid://shopify/DraftOrder/DRY_RUN,,DS4822486 - BO1.2,,4,1,104.0,130.0,80.00,1,2,partial_instock_split,true
2026-04-08T16:16:12+00:00,gid://shopify/DraftOrder/1507543843182,#D18543,CP7667529 - BO1,gid://shopify/DraftOrder/DRY_RUN,,CP7667529 - BO1.2,2026-03-23,2,1,156.0,260.0,60.00,1,2,partial_instock_split,true
2026-04-08T16:16:12+00:00,gid://shopify/DraftOrder/1507716497774,#D18578,JM9706032 - BO1,gid://shopify/DraftOrder/DRY_RUN,,JM9706032 - BO1.2,2026-03-24,4,2,104.0,156.0,66.67,1,2,partial_instock_split,true
2026-04-08T16:16:12+00:00,gid://shopify/DraftOrder/1508445847918,#D19127,JM3615008 - BO1,gid://shopify/DraftOrder/DRY_RUN,,JM3615008 - BO1.2,2026-03-26,2,2,468.0,858.0,54.55,1,2,partial_instock_split,true
2026-04-08T16:16:12+00:00,gid://shopify/DraftOrder/1508470260078,#D19139,5003456-1 BO,gid://shopify/DraftOrder/DRY_RUN,,5003456-1 BO.2,,2,1,312.0,390.0,80.00,1,2,partial_instock_split,true
2026-04-08T16:16:12+00:00,gid://shopify/DraftOrder/1508947853678,#D19180,CP9319874-D - BO1,gid://shopify/DraftOrder/DRY_RUN,,CP9319874-D - BO1.2,2026-03-29,2,1,104.0,130.0,80.00,1,2,partial_instock_split,true
2026-04-08T16:16:12+00:00,gid://shopify/DraftOrder/1508948115822,#D19187,CP9319874 - BO1,gid://shopify/DraftOrder/DRY_RUN,,CP9319874 - BO1.2,2026-03-16,2,1,104.0,130.0,80.00,1,2,partial_instock_split,true
2026-04-08T16:16:12+00:00,gid://shopify/DraftOrder/1510239011182,#D20116,4126DE - BO1,gid://shopify/DraftOrder/DRY_RUN,,4126DE - BO1.2,2026-04-01,9,2,204.0,282.0,72.34,1,2,partial_instock_split,true
2026-04-08T16:16:12+00:00,gid://shopify/DraftOrder/1510470123886,#D20130,CK040426-2,gid://shopify/DraftOrder/DRY_RUN,,CK040426-2-BO,2026-04-04,7,2,126.0,178.0,70.79,0,1,partial_instock_split,true
2026-04-08T16:16:12+00:00,gid://shopify/DraftOrder/1510798655854,#D20149,CM033126 - BO1,gid://shopify/DraftOrder/DRY_RUN,,CM033126 - BO1.2,2026-04-06,7,1,126.0,152.0,82.89,1,2,partial_instock_split,true
2026-04-08T16:16:12+00:00,gid://shopify/DraftOrder/1510887948654,#D20160,AB1075791 - BO1,gid://shopify/DraftOrder/DRY_RUN,,AB1075791 - BO1.2,2026-04-06,2,2,104.0,336.0,30.95,1,2,partial_instock_split,true
2026-04-08T16:16:12+00:00,gid://shopify/DraftOrder/1510923338094,#D20168,AB8710009-D,gid://shopify/DraftOrder/DRY_RUN,,AB8710009-D-BO,2026-04-06,13,1,416.0,442.0,94.12,0,1,partial_instock_split,true
2026-04-08T16:16:12+00:00,gid://shopify/DraftOrder/1511067025774,#D20197,JR2677509 - BO1,gid://shopify/DraftOrder/DRY_RUN,,JR2677509 - BO1.2,2026-04-07,7,2,126.0,201.0,62.69,1,2,partial_instock_split,true
2026-04-08T16:16:12+00:00,gid://shopify/DraftOrder/1511114277230,#D20235,0331RG-SC - BO1,gid://shopify/DraftOrder/DRY_RUN,,0331RG-SC - BO1.2,2026-04-01,7,2,126.0,204.0,61.76,1,2,partial_instock_split,true
2026-04-08T16:16:12+00:00,gid://shopify/DraftOrder/1511114342766,#D20237,RG2257550 - BO1,gid://shopify/DraftOrder/DRY_RUN,,RG2257550 - BO1.2,2026-04-01,7,2,126.0,204.0,61.76,1,2,partial_instock_split,true
2026-04-08T16:16:12+00:00,gid://shopify/DraftOrder/1511114473838,#D20240,BH9829982 - BO1,gid://shopify/DraftOrder/DRY_RUN,,BH9829982 - BO1.2,2026-04-06,2,1,104.0,156.0,66.67,1,2,partial_instock_split,true
2026-04-08T19:19:22+00:00,gid://shopify/DraftOrder/1497824199022,#D12755,MM7590719  BO,gid://shopify/DraftOrder/DRY_RUN,,MM7590719  BO.2,,2,1,104.0,156.0,66.67,1,2,partial_instock_split,true
2026-04-08T19:19:22+00:00,gid://shopify/DraftOrder/1499753382254,#D13492,LL012726CY BO,gid://shopify/DraftOrder/DRY_RUN,,LL012726CY BO.2,2026-01-27,8,1,152.0,178.0,85.39,1,2,partial_instock_split,true
2026-04-08T19:19:22+00:00,gid://shopify/DraftOrder/1503948603758,#D15648,JM6850646  BO,gid://shopify/DraftOrder/DRY_RUN,,JM6850646  BO.2,,2,1,156.0,234.0,66.67,1,2,partial_instock_split,true
2026-04-08T19:19:22+00:00,gid://shopify/DraftOrder/1505496465774,#D17412,BACKORDER-1,gid://shopify/DraftOrder/DRY_RUN,,BACKORDER-1-BO,,4,1,104.0,130.0,80.00,0,1,partial_instock_split,true
2026-04-08T19:19:22+00:00,gid://shopify/DraftOrder/1506412495214,#D18116,324670,gid://shopify/DraftOrder/DRY_RUN,,324670-BO,,2,5,2459.60,7264.40,33.86,0,1,partial_instock_split,true
2026-04-08T19:19:22+00:00,gid://shopify/DraftOrder/1507462906222,#D18483,DS4822486 - BO1,gid://shopify/DraftOrder/DRY_RUN,,DS4822486 - BO1.2,,4,1,104.0,130.0,80.00,1,2,partial_instock_split,true
2026-04-08T19:19:22+00:00,gid://shopify/DraftOrder/1507543843182,#D18543,CP7667529 - BO1,gid://shopify/DraftOrder/DRY_RUN,,CP7667529 - BO1.2,2026-03-23,2,1,156.0,260.0,60.00,1,2,partial_instock_split,true
2026-04-08T19:19:22+00:00,gid://shopify/DraftOrder/1507716497774,#D18578,JM9706032 - BO1,gid://shopify/DraftOrder/DRY_RUN,,JM9706032 - BO1.2,2026-03-24,4,2,104.0,156.0,66.67,1,2,partial_instock_split,true
2026-04-08T19:19:22+00:00,gid://shopify/DraftOrder/1508445847918,#D19127,JM3615008 - BO1,gid://shopify/DraftOrder/DRY_RUN,,JM3615008 - BO1.2,2026-03-26,2,2,468.0,858.0,54.55,1,2,partial_instock_split,true
2026-04-08T19:19:22+00:00,gid://shopify/DraftOrder/1508470260078,#D19139,5003456-1 BO,gid://shopify/DraftOrder/DRY_RUN,,5003456-1 BO.2,,2,1,312.0,390.0,80.00,1,2,partial_instock_split,true
2026-04-08T19:19:22+00:00,gid://shopify/DraftOrder/1508947853678,#D19180,CP9319874-D - BO1,gid://shopify/DraftOrder/DRY_RUN,,CP9319874-D - BO1.2,2026-03-29,2,1,104.0,130.0,80.00,1,2,partial_instock_split,true
2026-04-08T19:19:22+00:00,gid://shopify/DraftOrder/1508948115822,#D19187,CP9319874 - BO1,gid://shopify/DraftOrder/DRY_RUN,,CP9319874 - BO1.2,2026-03-16,2,1,104.0,130.0,80.00,1,2,partial_instock_split,true
2026-04-08T19:19:22+00:00,gid://shopify/DraftOrder/1510239011182,#D20116,4126DE - BO1,gid://shopify/DraftOrder/DRY_RUN,,4126DE - BO1.2,2026-04-01,9,2,204.0,282.0,72.34,1,2,partial_instock_split,true
2026-04-08T19:19:22+00:00,gid://shopify/DraftOrder/1510470123886,#D20130,CK040426-2,gid://shopify/DraftOrder/DRY_RUN,,CK040426-2-BO,2026-04-04,7,2,126.0,178.0,70.79,0,1,partial_instock_split,true
2026-04-08T19:19:22+00:00,gid://shopify/DraftOrder/1510798655854,#D20149,CM033126 - BO1,gid://shopify/DraftOrder/DRY_RUN,,CM033126 - BO1.2,2026-04-06,7,1,126.0,152.0,82.89,1,2,partial_instock_split,true
2026-04-08T19:19:22+00:00,gid://shopify/DraftOrder/1510887948654,#D20160,AB1075791 - BO1,gid://shopify/DraftOrder/DRY_RUN,,AB1075791 - BO1.2,2026-04-06,2,2,104.0,336.0,30.95,1,2,partial_instock_split,true
2026-04-08T19:19:22+00:00,gid://shopify/DraftOrder/1510923338094,#D20168,AB8710009-D,gid://shopify/DraftOrder/DRY_RUN,,AB8710009-D-BO,2026-04-06,13,1,416.0,442.0,94.12,0,1,partial_instock_split,true
2026-04-08T19:19:22+00:00,gid://shopify/DraftOrder/1511067025774,#D20197,JR2677509 - BO1,gid://shopify/DraftOrder/DRY_RUN,,JR2677509 - BO1.2,2026-04-07,7,2,126.0,201.0,62.69,1,2,partial_instock_split,true
2026-04-08T19:19:22+00:00,gid://shopify/DraftOrder/1511114277230,#D20235,0331RG-SC - BO1,gid://shopify/DraftOrder/DRY_RUN,,0331RG-SC - BO1.2,2026-04-01,7,2,126.0,204.0,61.76,1,2,partial_instock_split,true
2026-04-08T19:19:22+00:00,gid://shopify/DraftOrder/1511114342766,#D20237,RG2257550 - BO1,gid://shopify/DraftOrder/DRY_RUN,,RG2257550 - BO1.2,2026-04-01,7,2,126.0,204.0,61.76,1,2,partial_instock_split,true
2026-04-08T19:19:22+00:00,gid://shopify/DraftOrder/1511114473838,#D20240,BH9829982 - BO1,gid://shopify/DraftOrder/DRY_RUN,,BH9829982 - BO1.2,2026-04-06,2,1,104.0,156.0,66.67,1,2,partial_instock_split,true
2026-04-08T19:19:22+00:00,gid://shopify/DraftOrder/1511377797486,#D20294,CC1664251,gid://shopify/DraftOrder/DRY_RUN,,CC1664251-BO,2026-04-08,11,1,230.0,256.0,89.84,0,1,partial_instock_split,true
2026-04-08T20:51:18+00:00,gid://shopify/DraftOrder/1506412495214,#D18116,324670,gid://shopify/DraftOrder/DRY_RUN,,324670-BO,,2,5,2459.60,7264.40,33.86,0,1,partial_instock_split,true
2026-04-08T20:51:19+00:00,gid://shopify/DraftOrder/1507716497774,#D18578,JM9706032 - BO1,gid://shopify/DraftOrder/DRY_RUN,,JM9706032 - BO1.2,2026-03-24,4,2,104.0,156.0,66.67,1,2,partial_instock_split,true
2026-04-08T20:51:19+00:00,gid://shopify/DraftOrder/1508445847918,#D19127,JM3615008 - BO1,gid://shopify/DraftOrder/DRY_RUN,,JM3615008 - BO1.2,2026-03-26,2,2,468.0,858.0,54.55,1,2,partial_instock_split,true
2026-04-08T20:51:19+00:00,gid://shopify/DraftOrder/1510239011182,#D20116,4126DE - BO1,gid://shopify/DraftOrder/DRY_RUN,,4126DE - BO1.2,2026-04-01,9,2,204.0,282.0,72.34,1,2,partial_instock_split,true
2026-04-08T20:51:19+00:00,gid://shopify/DraftOrder/1510470123886,#D20130,CK040426-2,gid://shopify/DraftOrder/DRY_RUN,,CK040426-2-BO,2026-04-04,7,2,126.0,178.0,70.79,0,1,partial_instock_split,true
2026-04-08T20:51:19+00:00,gid://shopify/DraftOrder/1510887948654,#D20160,AB1075791 - BO1,gid://shopify/DraftOrder/DRY_RUN,,AB1075791 - BO1.2,2026-04-06,2,2,104.0,336.0,30.95,1,2,partial_instock_split,true
2026-04-08T20:51:19+00:00,gid://shopify/DraftOrder/1511067025774,#D20197,JR2677509 - BO1,gid://shopify/DraftOrder/DRY_RUN,,JR2677509 - BO1.2,2026-04-07,7,2,126.0,201.0,62.69,1,2,partial_instock_split,true
2026-04-08T20:51:19+00:00,gid://shopify/DraftOrder/1511114277230,#D20235,0331RG-SC - BO1,gid://shopify/DraftOrder/DRY_RUN,,0331RG-SC - BO1.2,2026-04-01,7,2,126.0,204.0,61.76,1,2,partial_instock_split,true
2026-04-08T20:51:19+00:00,gid://shopify/DraftOrder/1511114342766,#D20237,RG2257550 - BO1,gid://shopify/DraftOrder/DRY_RUN,,RG2257550 - BO1.2,2026-04-01,7,2,126.0,204.0,61.76,1,2,partial_instock_split,true
2026-04-08T21:05:07+00:00,gid://shopify/DraftOrder/1506412495214,#D18116,324670,gid://shopify/DraftOrder/DRY_RUN,,324670-BO,,2,5,2459.60,7264.40,33.86,0,1,partial_instock_split,true
2026-04-08T21:05:08+00:00,gid://shopify/DraftOrder/1507716497774,#D18578,JM9706032 - BO1,gid://shopify/DraftOrder/DRY_RUN,,JM9706032 - BO1.2,2026-03-24,4,2,104.0,156.0,66.67,1,2,partial_instock_split,true
2026-04-08T21:05:08+00:00,gid://shopify/DraftOrder/1508445847918,#D19127,JM3615008 - BO1,gid://shopify/DraftOrder/DRY_RUN,,JM3615008 - BO1.2,2026-03-26,2,2,468.0,858.0,54.55,1,2,partial_instock_split,true
2026-04-08T21:05:08+00:00,gid://shopify/DraftOrder/1510239011182,#D20116,4126DE - BO1,gid://shopify/DraftOrder/DRY_RUN,,4126DE - BO1.2,2026-04-01,9,2,204.0,282.0,72.34,1,2,partial_instock_split,true
2026-04-08T21:05:08+00:00,gid://shopify/DraftOrder/1510470123886,#D20130,CK040426-2,gid://shopify/DraftOrder/DRY_RUN,,CK040426-2-BO,2026-04-04,7,2,126.0,178.0,70.79,0,1,partial_instock_split,true
2026-04-08T21:05:08+00:00,gid://shopify/DraftOrder/1510887948654,#D20160,AB1075791 - BO1,gid://shopify/DraftOrder/DRY_RUN,,AB1075791 - BO1.2,2026-04-06,2,2,104.0,336.0,30.95,1,2,partial_instock_split,true
2026-04-08T21:05:08+00:00,gid://shopify/DraftOrder/1511067025774,#D20197,JR2677509 - BO1,gid://shopify/DraftOrder/DRY_RUN,,JR2677509 - BO1.2,2026-04-07,7,2,126.0,201.0,62.69,1,2,partial_instock_split,true
2026-04-08T21:05:08+00:00,gid://shopify/DraftOrder/1511114277230,#D20235,0331RG-SC - BO1,gid://shopify/DraftOrder/DRY_RUN,,0331RG-SC - BO1.2,2026-04-01,7,2,126.0,204.0,61.76,1,2,partial_instock_split,true
2026-04-08T21:05:08+00:00,gid://shopify/DraftOrder/1511114342766,#D20237,RG2257550 - BO1,gid://shopify/DraftOrder/DRY_RUN,,RG2257550 - BO1.2,2026-04-01,7,2,126.0,204.0,61.76,1,2,partial_instock_split,true
2026-04-08T21:12:37+00:00,gid://shopify/DraftOrder/1506412495214,#D18116,324670,gid://shopify/DraftOrder/DRY_RUN,,324670-BO,,2,5,2459.60,7264.40,33.86,0,1,partial_instock_split,true
2026-04-08T21:12:37+00:00,gid://shopify/DraftOrder/1507716497774,#D18578,JM9706032 - BO1,gid://shopify/DraftOrder/DRY_RUN,,JM9706032 - BO1.2,2026-03-24,4,2,104.0,156.0,66.67,1,2,partial_instock_split,true
2026-04-08T21:12:37+00:00,gid://shopify/DraftOrder/1508445847918,#D19127,JM3615008 - BO1,gid://shopify/DraftOrder/DRY_RUN,,JM3615008 - BO1.2,2026-03-26,2,2,468.0,858.0,54.55,1,2,partial_instock_split,true
2026-04-08T21:12:37+00:00,gid://shopify/DraftOrder/1510239011182,#D20116,4126DE - BO1,gid://shopify/DraftOrder/DRY_RUN,,4126DE - BO1.2,2026-04-01,9,2,204.0,282.0,72.34,1,2,partial_instock_split,true
2026-04-08T21:12:37+00:00,gid://shopify/DraftOrder/1510470123886,#D20130,CK040426-2,gid://shopify/DraftOrder/DRY_RUN,,CK040426-2-BO,2026-04-04,7,2,126.0,178.0,70.79,0,1,partial_instock_split,true
2026-04-08T21:12:37+00:00,gid://shopify/DraftOrder/1510887948654,#D20160,AB1075791 - BO1,gid://shopify/DraftOrder/DRY_RUN,,AB1075791 - BO1.2,2026-04-06,2,2,104.0,336.0,30.95,1,2,partial_instock_split,true
2026-04-08T21:12:37+00:00,gid://shopify/DraftOrder/1511067025774,#D20197,JR2677509 - BO1,gid://shopify/DraftOrder/DRY_RUN,,JR2677509 - BO1.2,2026-04-07,7,2,126.0,201.0,62.69,1,2,partial_instock_split,true
2026-04-08T21:12:37+00:00,gid://shopify/DraftOrder/1511114277230,#D20235,0331RG-SC - BO1,gid://shopify/DraftOrder/DRY_RUN,,0331RG-SC - BO1.2,2026-04-01,7,2,126.0,204.0,61.76,1,2,partial_instock_split,true
2026-04-08T21:12:37+00:00,gid://shopify/DraftOrder/1511114342766,#D20237,RG2257550 - BO1,gid://shopify/DraftOrder/DRY_RUN,,RG2257550 - BO1.2,2026-04-01,7,2,126.0,204.0,61.76,1,2,partial_instock_split,true
2026-04-08T21:17:08+00:00,gid://shopify/DraftOrder/1506412495214,#D18116,324670,gid://shopify/DraftOrder/DRY_RUN,,324670-BO,,2,5,2459.60,7264.40,33.86,0,1,partial_instock_split,true
2026-04-08T21:17:08+00:00,gid://shopify/DraftOrder/1507716497774,#D18578,JM9706032 - BO1,gid://shopify/DraftOrder/DRY_RUN,,JM9706032 - BO1.2,2026-03-24,4,2,104.0,156.0,66.67,1,2,partial_instock_split,true
2026-04-08T21:17:08+00:00,gid://shopify/DraftOrder/1508445847918,#D19127,JM3615008 - BO1,gid://shopify/DraftOrder/DRY_RUN,,JM3615008 - BO1.2,2026-03-26,2,2,468.0,858.0,54.55,1,2,partial_instock_split,true
2026-04-08T21:17:08+00:00,gid://shopify/DraftOrder/1510239011182,#D20116,4126DE - BO1,gid://shopify/DraftOrder/DRY_RUN,,4126DE - BO1.2,2026-04-01,9,2,204.0,282.0,72.34,1,2,partial_instock_split,true
2026-04-08T21:17:08+00:00,gid://shopify/DraftOrder/1510470123886,#D20130,CK040426-2,gid://shopify/DraftOrder/DRY_RUN,,CK040426-2-BO,2026-04-04,7,2,126.0,178.0,70.79,0,1,partial_instock_split,true
2026-04-08T21:17:08+00:00,gid://shopify/DraftOrder/1510887948654,#D20160,AB1075791 - BO1,gid://shopify/DraftOrder/DRY_RUN,,AB1075791 - BO1.2,2026-04-06,2,2,104.0,336.0,30.95,1,2,partial_instock_split,true
2026-04-08T21:17:08+00:00,gid://shopify/DraftOrder/1511067025774,#D20197,JR2677509 - BO1,gid://shopify/DraftOrder/DRY_RUN,,JR2677509 - BO1.2,2026-04-07,7,2,126.0,201.0,62.69,1,2,partial_instock_split,true
2026-04-08T21:17:08+00:00,gid://shopify/DraftOrder/1511114277230,#D20235,0331RG-SC - BO1,gid://shopify/DraftOrder/DRY_RUN,,0331RG-SC - BO1.2,2026-04-01,7,2,126.0,204.0,61.76,1,2,partial_instock_split,true
2026-04-08T21:17:08+00:00,gid://shopify/DraftOrder/1511114342766,#D20237,RG2257550 - BO1,gid://shopify/DraftOrder/DRY_RUN,,RG2257550 - BO1.2,2026-04-01,7,2,126.0,204.0,61.76,1,2,partial_instock_split,true
2026-04-08T22:39:09+00:00,gid://shopify/DraftOrder/1506412495214,#D18116,324670,gid://shopify/DraftOrder/1511426261358,#D20313,324670-BO,,2,5,2459.60,7264.40,33.86,0,1,partial_instock_split,false
2026-04-08T22:42:28+00:00,gid://shopify/DraftOrder/1507716497774,#D18578,JM9706032 - BO1,gid://shopify/DraftOrder/1511426785646,#D20314,JM9706032 - BO1.2,2026-03-24,4,2,104.0,156.0,66.67,1,2,partial_instock_split,false
2026-04-08T22:51:28+00:00,gid://shopify/DraftOrder/1508445847918,#D19127,JM3615008 - BO1,gid://shopify/DraftOrder/1511428424046,#D20315,JM3615008 - BO1.2,2026-03-26,2,2,468.0,858.0,54.55,1,2,partial_instock_split,false
2026-04-08T22:57:20+00:00,gid://shopify/DraftOrder/1510239011182,#D20116,4126DE - BO1,gid://shopify/DraftOrder/1511429636462,#D20316,4126DE - BO1.2,2026-04-01,9,2,204.0,282.0,72.34,1,2,partial_instock_split,false
2026-04-08T22:57:48+00:00,gid://shopify/DraftOrder/1510470123886,#D20130,CK040426-2,gid://shopify/DraftOrder/1511429734766,#D20317,CK040426-2-BO,2026-04-04,7,2,126.0,178.0,70.79,0,1,partial_instock_split,false
2026-04-08T22:58:13+00:00,gid://shopify/DraftOrder/1510887948654,#D20160,AB1075791 - BO1,gid://shopify/DraftOrder/1511429767534,#D20318,AB1075791 - BO1.2,2026-04-06,2,2,104.0,336.0,30.95,1,2,partial_instock_split,false
2026-04-08T22:59:10+00:00,gid://shopify/DraftOrder/1511067025774,#D20197,JR2677509 - BO1,gid://shopify/DraftOrder/1511429865838,#D20319,JR2677509 - BO1.2,2026-04-07,7,2,126.0,201.0,62.69,1,2,partial_instock_split,false
2026-04-08T23:00:01+00:00,gid://shopify/DraftOrder/1511114277230,#D20235,0331RG-SC - BO1,gid://shopify/DraftOrder/1511430226286,#D20320,0331RG-SC - BO1.2,2026-04-01,7,2,126.0,204.0,61.76,1,2,partial_instock_split,false
2026-04-08T23:00:09+00:00,gid://shopify/DraftOrder/1511114342766,#D20237,RG2257550 - BO1,gid://shopify/DraftOrder/1511430291822,#D20321,RG2257550 - BO1.2,2026-04-01,7,2,126.0,204.0,61.76,1,2,partial_instock_split,false
2026-04-09T15:10:20+00:00,gid://shopify/DraftOrder/1511105724782,#D20225,20976-VT,gid://shopify/DraftOrder/1511571456366,#D20348,20976-VT-BO,2026-04-15,14,4,490.0,698.0,70.20,0,1,partial_instock_split,false
2026-04-09T21:58:44+00:00,gid://shopify/DraftOrder/1499263336814,#D13218,MB7069118 May,gid://shopify/DraftOrder/1511667663214,#D20398,MB7069118 May-BO,2026-04-15,7,2,145.0,226.0,64.16,0,1,partial_instock_split,false
2026-04-09T22:47:03+00:00,gid://shopify/DraftOrder/1509957828974,#D19951,LL032525CY,gid://shopify/DraftOrder/1511674773870,#D20402,LL032525CY-BO,2026-04-15,19,2,525.0,572.0,91.78,0,1,partial_instock_split,false
2026-04-09T22:49:19+00:00,gid://shopify/DraftOrder/1510798655854,#D20149,CM033126 - BO1,gid://shopify/DraftOrder/1511675265390,#D20403,CM033126 - BO1.2,2026-04-06,6,2,105.0,152.0,69.08,1,2,partial_instock_split,false
2026-04-09T22:51:52+00:00,gid://shopify/DraftOrder/1511388119406,#D20299,CC1664251 - BO1,gid://shopify/DraftOrder/1511675560302,#D20404,CC1664251 - BO1.2,2026-04-08,6,2,105.0,152.0,69.08,1,2,partial_instock_split,false
2026-04-09T22:52:00+00:00,gid://shopify/DraftOrder/1511415218542,#D20302,KP8530224,gid://shopify/DraftOrder/1511675593070,#D20405,KP8530224-BO,2026-04-07,9,3,217.0,290.0,74.83,0,1,partial_instock_split,false
2026-04-10T14:47:22+00:00,gid://shopify/DraftOrder/1511700627822,#D20409,TM04092026,gid://shopify/DraftOrder/1511825310062,#D20431,TM04092026-BO,2026-04-13,5,2,2016.0,3024.0,66.67,0,1,partial_instock_split,false
2026-04-10T19:11:32+00:00,gid://shopify/DraftOrder/1511893565806,#D20466,7789-BF,gid://shopify/DraftOrder/DRY_RUN,,7789-BF-BO,2026-04-09,11,2,261.0,334.0,78.14,0,1,partial_instock_split,true
2026-04-10T19:11:32+00:00,gid://shopify/DraftOrder/1511893696878,#D20468,LG041026HH,gid://shopify/DraftOrder/DRY_RUN,,LG041026HH-BO,2026-04-10,12,2,468.0,520.0,90.00,0,1,partial_instock_split,true
2026-04-10T19:11:32+00:00,gid://shopify/DraftOrder/1511893827950,#D20469,4022898SRG,gid://shopify/DraftOrder/DRY_RUN,,4022898SRG-BO,2026-04-10,4,2,504.0,840.0,60.00,0,1,partial_instock_split,true
2026-04-10T19:11:32+00:00,gid://shopify/DraftOrder/1511893860718,#D20470,AB6368097,gid://shopify/DraftOrder/DRY_RUN,,AB6368097-BO,2026-04-10,11,2,420.0,504.0,83.33,0,1,partial_instock_split,true
2026-04-10T21:59:30+00:00,gid://shopify/DraftOrder/1511934001518,#D20490,DS1872826,gid://shopify/DraftOrder/DRY_RUN,,DS1872826-BO,2026-04-10,11,2,315.0,378.0,83.33,0,1,partial_instock_split,true
2026-04-13T14:12:25+00:00,gid://shopify/DraftOrder/1510929367406,#D20173,MKHG040326 - BO1,gid://shopify/DraftOrder/DRY_RUN,,MKHG040326 - BO1.2,2026-04-03,5,2,252.0,378.0,66.67,1,2,partial_instock_split,true
2026-04-13T14:12:26+00:00,gid://shopify/DraftOrder/1510929826158,#D20180,26-04-LIFELINES-aprilvb - BO1,gid://shopify/DraftOrder/DRY_RUN,,26-04-LIFELINES-aprilvb - BO1.2,2026-04-06,6,2,110.0,152.0,72.37,1,2,partial_instock_split,true
2026-04-13T14:12:31+00:00,gid://shopify/DraftOrder/1511088718190,#D20214,BACKORDER-1,gid://shopify/DraftOrder/DRY_RUN,,BACKORDER-1-BO,,7,2,188.0,230.0,81.74,0,1,partial_instock_split,true
2026-04-13T14:12:39+00:00,gid://shopify/DraftOrder/1511360856430,#D20289,44805342 - BO1,gid://shopify/DraftOrder/DRY_RUN,,44805342 - BO1.2,,6,2,220.0,304.0,72.37,1,2,partial_instock_split,true
2026-04-13T14:12:44+00:00,gid://shopify/DraftOrder/1511575650670,#D20350,D6WJK58MUJ,gid://shopify/DraftOrder/DRY_RUN,,D6WJK58MUJ-BO,,5,2,123.36,192.54,64.07,0,1,partial_instock_split,true
2026-04-13T14:12:47+00:00,gid://shopify/DraftOrder/1511632372078,#D20381,,gid://shopify/DraftOrder/DRY_RUN,,BO,,5,2,168.0,252.0,66.67,0,1,partial_instock_split,true
2026-04-13T14:13:00+00:00,gid://shopify/DraftOrder/1511934001518,#D20490,DS1872826,gid://shopify/DraftOrder/DRY_RUN,,DS1872826-BO,2026-04-10,9,2,252.0,315.0,80.00,0,1,partial_instock_split,true
2026-04-13T14:13:06+00:00,gid://shopify/DraftOrder/1512232288622,#D20528,32641DE,gid://shopify/DraftOrder/DRY_RUN,,32641DE-BO,2026-04-01,13,4,708.0,906.0,78.15,0,1,partial_instock_split,true
2026-04-13T16:42:39+00:00,gid://shopify/DraftOrder/1510929367406,#D20173,MKHG040326 - BO1,gid://shopify/DraftOrder/DRY_RUN,,MKHG040326 - BO1.2,2026-04-03,5,2,252.0,378.0,66.67,1,2,partial_instock_split,true
2026-04-13T16:42:40+00:00,gid://shopify/DraftOrder/1510929826158,#D20180,26-04-LIFELINES-aprilvb - BO1,gid://shopify/DraftOrder/DRY_RUN,,26-04-LIFELINES-aprilvb - BO1.2,2026-04-06,6,2,110.0,152.0,72.37,1,2,partial_instock_split,true
2026-04-13T16:42:43+00:00,gid://shopify/DraftOrder/1511088718190,#D20214,BACKORDER-1,gid://shopify/DraftOrder/DRY_RUN,,BACKORDER-1-BO,,7,2,188.0,230.0,81.74,0,1,partial_instock_split,true
2026-04-13T16:42:49+00:00,gid://shopify/DraftOrder/1511360856430,#D20289,44805342 - BO1,gid://shopify/DraftOrder/DRY_RUN,,44805342 - BO1.2,,6,2,220.0,304.0,72.37,1,2,partial_instock_split,true
2026-04-13T16:42:53+00:00,gid://shopify/DraftOrder/1511575650670,#D20350,D6WJK58MUJ,gid://shopify/DraftOrder/DRY_RUN,,D6WJK58MUJ-BO,,5,2,123.36,192.54,64.07,0,1,partial_instock_split,true
2026-04-13T16:42:55+00:00,gid://shopify/DraftOrder/1511632372078,#D20381,,gid://shopify/DraftOrder/DRY_RUN,,BO,,5,2,168.0,252.0,66.67,0,1,partial_instock_split,true
2026-04-13T16:43:04+00:00,gid://shopify/DraftOrder/1511933772142,#D20488,DW9170590,gid://shopify/DraftOrder/DRY_RUN,,DW9170590-BO,2026-04-09,8,2,654.0,864.0,75.69,0,1,partial_instock_split,true
2026-04-13T16:43:04+00:00,gid://shopify/DraftOrder/1511934001518,#D20490,DS1872826,gid://shopify/DraftOrder/DRY_RUN,,DS1872826-BO,2026-04-10,9,2,252.0,315.0,80.00,0,1,partial_instock_split,true
2026-04-13T16:43:09+00:00,gid://shopify/DraftOrder/1512232288622,#D20528,32641DE,gid://shopify/DraftOrder/DRY_RUN,,32641DE-BO,2026-04-01,13,4,708.0,906.0,78.15,0,1,partial_instock_split,true
2026-04-13T16:43:12+00:00,gid://shopify/DraftOrder/1512520876398,#D20556,,gid://shopify/DraftOrder/DRY_RUN,,BO,,5,2,168.0,252.0,66.67,0,1,partial_instock_split,true
2026-04-13T16:43:12+00:00,gid://shopify/DraftOrder/1512522547566,#D20558,,gid://shopify/DraftOrder/DRY_RUN,,BO,,6,2,612.0,843.0,72.60,0,1,partial_instock_split,true
2026-04-13T16:43:14+00:00,gid://shopify/DraftOrder/1512551678318,#D20573,MO6604017,gid://shopify/DraftOrder/DRY_RUN,,MO6604017-BO,2026-04-10,11,3,526.0,620.0,84.84,0,1,partial_instock_split,true
2026-04-13T16:43:14+00:00,gid://shopify/DraftOrder/1512551711086,#D20574,DS7983066,gid://shopify/DraftOrder/DRY_RUN,,DS7983066-BO,2026-04-12,13,4,363.0,457.0,79.43,0,1,partial_instock_split,true
2026-04-13T16:43:14+00:00,gid://shopify/DraftOrder/1512551776622,#D20575,DS3619080,gid://shopify/DraftOrder/DRY_RUN,,DS3619080-BO,2026-04-13,13,4,339.0,433.0,78.29,0,1,partial_instock_split,true
2026-04-13T16:43:15+00:00,gid://shopify/DraftOrder/1512559018350,#D20579,,gid://shopify/DraftOrder/DRY_RUN,,BO,,6,2,612.0,843.0,72.60,0,1,partial_instock_split,true
2026-04-13T19:43:55+00:00,gid://shopify/DraftOrder/1510929367406,#D20173,MKHG040326 - BO1,gid://shopify/DraftOrder/DRY_RUN,,MKHG040326 - BO1.2,2026-04-03,5,2,252.0,378.0,66.67,1,2,partial_instock_split,true
2026-04-13T19:43:56+00:00,gid://shopify/DraftOrder/1510929826158,#D20180,26-04-LIFELINES-aprilvb - BO1,gid://shopify/DraftOrder/DRY_RUN,,26-04-LIFELINES-aprilvb - BO1.2,2026-04-06,6,2,110.0,152.0,72.37,1,2,partial_instock_split,true
2026-04-13T19:44:00+00:00,gid://shopify/DraftOrder/1511088718190,#D20214,BACKORDER-1,gid://shopify/DraftOrder/DRY_RUN,,BACKORDER-1-BO,,7,2,188.0,230.0,81.74,0,1,partial_instock_split,true
2026-04-13T19:44:06+00:00,gid://shopify/DraftOrder/1511360856430,#D20289,44805342 - BO1,gid://shopify/DraftOrder/DRY_RUN,,44805342 - BO1.2,,6,2,220.0,304.0,72.37,1,2,partial_instock_split,true
2026-04-13T19:44:10+00:00,gid://shopify/DraftOrder/1511575650670,#D20350,D6WJK58MUJ,gid://shopify/DraftOrder/DRY_RUN,,D6WJK58MUJ-BO,,5,2,123.36,192.54,64.07,0,1,partial_instock_split,true
2026-04-13T19:44:13+00:00,gid://shopify/DraftOrder/1511632372078,#D20381,,gid://shopify/DraftOrder/DRY_RUN,,BO,,5,2,168.0,252.0,66.67,0,1,partial_instock_split,true
2026-04-13T19:44:22+00:00,gid://shopify/DraftOrder/1511933772142,#D20488,DW9170590,gid://shopify/DraftOrder/DRY_RUN,,DW9170590-BO,2026-04-09,8,2,654.0,864.0,75.69,0,1,partial_instock_split,true
2026-04-13T19:44:23+00:00,gid://shopify/DraftOrder/1511934001518,#D20490,DS1872826,gid://shopify/DraftOrder/DRY_RUN,,DS1872826-BO,2026-04-10,9,2,252.0,315.0,80.00,0,1,partial_instock_split,true
2026-04-13T19:44:28+00:00,gid://shopify/DraftOrder/1512232288622,#D20528,32641DE,gid://shopify/DraftOrder/DRY_RUN,,32641DE-BO,2026-04-01,13,4,708.0,906.0,78.15,0,1,partial_instock_split,true
2026-04-13T19:44:32+00:00,gid://shopify/DraftOrder/1512520876398,#D20556,,gid://shopify/DraftOrder/DRY_RUN,,BO,,5,2,168.0,252.0,66.67,0,1,partial_instock_split,true
2026-04-13T19:44:32+00:00,gid://shopify/DraftOrder/1512522547566,#D20558,,gid://shopify/DraftOrder/DRY_RUN,,BO,,6,2,612.0,843.0,72.60,0,1,partial_instock_split,true
2026-04-13T19:44:33+00:00,gid://shopify/DraftOrder/1512559018350,#D20579,,gid://shopify/DraftOrder/DRY_RUN,,BO,,6,2,612.0,843.0,72.60,0,1,partial_instock_split,true
2026-04-13T19:44:36+00:00,gid://shopify/DraftOrder/1512603779438,#D20602,GH4451583VB,gid://shopify/DraftOrder/DRY_RUN,,GH4451583VB-BO,2026-04-13,6,2,183.0,235.0,77.87,0,1,partial_instock_split,true
2026-04-13T19:44:37+00:00,gid://shopify/DraftOrder/1512603877742,#D20603,LS21346,gid://shopify/DraftOrder/DRY_RUN,,LS21346-BO,2026-04-13,20,4,1204.0,1502.0,80.16,0,1,partial_instock_split,true
2026-04-13T22:06:07+00:00,gid://shopify/DraftOrder/1510929367406,#D20173,MKHG040326 - BO1,gid://shopify/DraftOrder/DRY_RUN,,MKHG040326 - BO1.2,2026-04-03,5,2,252.0,378.0,66.67,1,2,partial_instock_split,true
2026-04-13T22:06:08+00:00,gid://shopify/DraftOrder/1510929826158,#D20180,26-04-LIFELINES-aprilvb - BO1,gid://shopify/DraftOrder/DRY_RUN,,26-04-LIFELINES-aprilvb - BO1.2,2026-04-06,6,2,110.0,152.0,72.37,1,2,partial_instock_split,true
2026-04-13T22:06:11+00:00,gid://shopify/DraftOrder/1511088718190,#D20214,BACKORDER-1,gid://shopify/DraftOrder/DRY_RUN,,BACKORDER-1-BO,,7,2,188.0,230.0,81.74,0,1,partial_instock_split,true
2026-04-13T22:06:17+00:00,gid://shopify/DraftOrder/1511360856430,#D20289,44805342 - BO1,gid://shopify/DraftOrder/DRY_RUN,,44805342 - BO1.2,,6,2,220.0,304.0,72.37,1,2,partial_instock_split,true
2026-04-13T22:06:21+00:00,gid://shopify/DraftOrder/1511575650670,#D20350,D6WJK58MUJ,gid://shopify/DraftOrder/DRY_RUN,,D6WJK58MUJ-BO,,5,2,123.36,192.54,64.07,0,1,partial_instock_split,true
2026-04-13T22:06:23+00:00,gid://shopify/DraftOrder/1511632372078,#D20381,,gid://shopify/DraftOrder/DRY_RUN,,BO,,5,2,168.0,252.0,66.67,0,1,partial_instock_split,true
2026-04-13T22:06:32+00:00,gid://shopify/DraftOrder/1511933772142,#D20488,DW9170590,gid://shopify/DraftOrder/DRY_RUN,,DW9170590-BO,2026-04-09,8,2,654.0,864.0,75.69,0,1,partial_instock_split,true
2026-04-13T22:06:32+00:00,gid://shopify/DraftOrder/1511934001518,#D20490,DS1872826,gid://shopify/DraftOrder/DRY_RUN,,DS1872826-BO,2026-04-10,9,2,252.0,315.0,80.00,0,1,partial_instock_split,true
2026-04-13T22:06:37+00:00,gid://shopify/DraftOrder/1512232288622,#D20528,32641DE,gid://shopify/DraftOrder/DRY_RUN,,32641DE-BO,2026-04-01,13,4,708.0,906.0,78.15,0,1,partial_instock_split,true
2026-04-13T22:06:40+00:00,gid://shopify/DraftOrder/1512520876398,#D20556,,gid://shopify/DraftOrder/DRY_RUN,,BO,,5,2,168.0,252.0,66.67,0,1,partial_instock_split,true
2026-04-13T22:06:41+00:00,gid://shopify/DraftOrder/1512522547566,#D20558,,gid://shopify/DraftOrder/DRY_RUN,,BO,,6,2,612.0,843.0,72.60,0,1,partial_instock_split,true
2026-04-13T22:06:42+00:00,gid://shopify/DraftOrder/1512559018350,#D20579,,gid://shopify/DraftOrder/DRY_RUN,,BO,,6,2,612.0,843.0,72.60,0,1,partial_instock_split,true
2026-04-13T22:06:44+00:00,gid://shopify/DraftOrder/1512618393966,#D20607,LS21346 - BO1,gid://shopify/DraftOrder/DRY_RUN,,LS21346 - BO1.2,2026-04-13,4,4,252.0,550.0,45.82,1,2,partial_instock_split,true
2026-04-14T14:14:40+00:00,gid://shopify/DraftOrder/1510069600622,#D20082,PJ6145167,gid://shopify/DraftOrder/DRY_RUN,,PJ6145167-BO,2026-04-20,13,3,358.0,440.0,81.36,0,1,partial_instock_split,true
2026-04-14T14:14:46+00:00,gid://shopify/DraftOrder/1510929367406,#D20173,MKHG040326 - BO1,gid://shopify/DraftOrder/DRY_RUN,,MKHG040326 - BO1.2,2026-04-03,5,2,252.0,378.0,66.67,1,2,partial_instock_split,true
2026-04-14T14:14:47+00:00,gid://shopify/DraftOrder/1510929826158,#D20180,26-04-LIFELINES-aprilvb - BO1,gid://shopify/DraftOrder/DRY_RUN,,26-04-LIFELINES-aprilvb - BO1.2,2026-04-06,6,2,110.0,152.0,72.37,1,2,partial_instock_split,true
2026-04-14T14:14:51+00:00,gid://shopify/DraftOrder/1511088718190,#D20214,BACKORDER-1,gid://shopify/DraftOrder/DRY_RUN,,BACKORDER-1-BO,,7,2,188.0,230.0,81.74,0,1,partial_instock_split,true
2026-04-14T14:14:57+00:00,gid://shopify/DraftOrder/1511360856430,#D20289,44805342 - BO1,gid://shopify/DraftOrder/DRY_RUN,,44805342 - BO1.2,,6,2,220.0,304.0,72.37,1,2,partial_instock_split,true
2026-04-14T14:15:00+00:00,gid://shopify/DraftOrder/1511575650670,#D20350,D6WJK58MUJ,gid://shopify/DraftOrder/DRY_RUN,,D6WJK58MUJ-BO,,5,2,123.36,192.54,64.07,0,1,partial_instock_split,true
2026-04-14T14:15:03+00:00,gid://shopify/DraftOrder/1511632372078,#D20381,,gid://shopify/DraftOrder/DRY_RUN,,BO,,5,2,168.0,252.0,66.67,0,1,partial_instock_split,true
2026-04-14T14:15:12+00:00,gid://shopify/DraftOrder/1511933772142,#D20488,DW9170590,gid://shopify/DraftOrder/DRY_RUN,,DW9170590-BO,2026-04-09,8,2,654.0,864.0,75.69,0,1,partial_instock_split,true
2026-04-14T14:15:12+00:00,gid://shopify/DraftOrder/1511934001518,#D20490,DS1872826,gid://shopify/DraftOrder/DRY_RUN,,DS1872826-BO,2026-04-10,9,2,252.0,315.0,80.00,0,1,partial_instock_split,true
2026-04-14T14:15:17+00:00,gid://shopify/DraftOrder/1512232288622,#D20528,32641DE,gid://shopify/DraftOrder/DRY_RUN,,32641DE-BO,2026-04-01,13,4,708.0,906.0,78.15,0,1,partial_instock_split,true
2026-04-14T14:15:21+00:00,gid://shopify/DraftOrder/1512520876398,#D20556,,gid://shopify/DraftOrder/DRY_RUN,,BO,,5,2,168.0,252.0,66.67,0,1,partial_instock_split,true
2026-04-14T14:15:21+00:00,gid://shopify/DraftOrder/1512522547566,#D20558,,gid://shopify/DraftOrder/DRY_RUN,,BO,,6,2,612.0,843.0,72.60,0,1,partial_instock_split,true
2026-04-14T14:15:22+00:00,gid://shopify/DraftOrder/1512559018350,#D20579,,gid://shopify/DraftOrder/DRY_RUN,,BO,,6,2,612.0,843.0,72.60,0,1,partial_instock_split,true
2026-04-14T14:15:25+00:00,gid://shopify/DraftOrder/1512618393966,#D20607,LS21346 - BO1,gid://shopify/DraftOrder/DRY_RUN,,LS21346 - BO1.2,2026-04-13,4,4,252.0,550.0,45.82,1,2,partial_instock_split,true
2026-04-14T16:25:20+00:00,gid://shopify/DraftOrder/1510069600622,#D20082,PJ6145167,gid://shopify/DraftOrder/DRY_RUN,,PJ6145167-BO,2026-04-20,13,3,358.0,440.0,81.36,0,1,partial_instock_split,true
2026-04-14T16:25:27+00:00,gid://shopify/DraftOrder/1510929367406,#D20173,MKHG040326 - BO1,gid://shopify/DraftOrder/DRY_RUN,,MKHG040326 - BO1.2,2026-04-03,5,2,252.0,378.0,66.67,1,2,partial_instock_split,true
2026-04-14T16:25:28+00:00,gid://shopify/DraftOrder/1510929826158,#D20180,26-04-LIFELINES-aprilvb - BO1,gid://shopify/DraftOrder/DRY_RUN,,26-04-LIFELINES-aprilvb - BO1.2,2026-04-06,6,2,110.0,152.0,72.37,1,2,partial_instock_split,true
2026-04-14T16:25:33+00:00,gid://shopify/DraftOrder/1511088718190,#D20214,BACKORDER-1,gid://shopify/DraftOrder/DRY_RUN,,BACKORDER-1-BO,,7,2,188.0,230.0,81.74,0,1,partial_instock_split,true
2026-04-14T16:25:40+00:00,gid://shopify/DraftOrder/1511360856430,#D20289,44805342 - BO1,gid://shopify/DraftOrder/DRY_RUN,,44805342 - BO1.2,,6,2,220.0,304.0,72.37,1,2,partial_instock_split,true
2026-04-14T16:25:45+00:00,gid://shopify/DraftOrder/1511575650670,#D20350,D6WJK58MUJ,gid://shopify/DraftOrder/DRY_RUN,,D6WJK58MUJ-BO,,5,2,123.36,192.54,64.07,0,1,partial_instock_split,true
2026-04-14T16:25:48+00:00,gid://shopify/DraftOrder/1511632372078,#D20381,,gid://shopify/DraftOrder/DRY_RUN,,BO,,5,2,168.0,252.0,66.67,0,1,partial_instock_split,true
2026-04-14T16:26:00+00:00,gid://shopify/DraftOrder/1511933772142,#D20488,DW9170590,gid://shopify/DraftOrder/DRY_RUN,,DW9170590-BO,2026-04-09,8,2,654.0,864.0,75.69,0,1,partial_instock_split,true
2026-04-14T16:26:00+00:00,gid://shopify/DraftOrder/1511934001518,#D20490,DS1872826,gid://shopify/DraftOrder/DRY_RUN,,DS1872826-BO,2026-04-10,9,2,252.0,315.0,80.00,0,1,partial_instock_split,true
2026-04-14T16:26:08+00:00,gid://shopify/DraftOrder/1512232288622,#D20528,32641DE,gid://shopify/DraftOrder/DRY_RUN,,32641DE-BO,2026-04-01,13,4,708.0,906.0,78.15,0,1,partial_instock_split,true
2026-04-14T16:26:12+00:00,gid://shopify/DraftOrder/1512520876398,#D20556,,gid://shopify/DraftOrder/DRY_RUN,,BO,,5,2,168.0,252.0,66.67,0,1,partial_instock_split,true
2026-04-14T16:26:12+00:00,gid://shopify/DraftOrder/1512522547566,#D20558,,gid://shopify/DraftOrder/DRY_RUN,,BO,,6,2,612.0,843.0,72.60,0,1,partial_instock_split,true
2026-04-14T16:26:14+00:00,gid://shopify/DraftOrder/1512559018350,#D20579,,gid://shopify/DraftOrder/DRY_RUN,,BO,,6,2,612.0,843.0,72.60,0,1,partial_instock_split,true
2026-04-14T16:26:17+00:00,gid://shopify/DraftOrder/1512618393966,#D20607,LS21346 - BO1,gid://shopify/DraftOrder/DRY_RUN,,LS21346 - BO1.2,2026-04-13,4,4,252.0,550.0,45.82,1,2,partial_instock_split,true
2026-04-15T16:19:49+00:00,gid://shopify/DraftOrder/1513227911534,#D20941,LFN - 426,gid://shopify/DraftOrder/DRY_RUN,,LFN - 426-BO,,9,2,347.0,425.0,81.65,0,1,partial_instock_split,true
2026-04-15T16:19:49+00:00,gid://shopify/DraftOrder/1513229549934,#D20942,MM7388918,gid://shopify/DraftOrder/DRY_RUN,,MM7388918-BO,2026-04-15,3,4,260.0,695.0,37.41,0,1,partial_instock_split,true
2026-04-15T19:49:42+00:00,gid://shopify/DraftOrder/1513285878126,#D20988,5851109SRG,gid://shopify/DraftOrder/DRY_RUN,,5851109SRG-BO,2026-04-15,9,4,442.0,650.0,68.00,0,1,partial_instock_split,true
2026-04-15T22:04:54+00:00,gid://shopify/DraftOrder/1503923437934,#D15614,HRUSKASLIFELINES - BO3,gid://shopify/DraftOrder/DRY_RUN,,HRUSKASLIFELINES - BO3.2,,3,2,182.0,312.0,58.33,1,2,partial_instock_split,true
2026-04-15T22:04:57+00:00,gid://shopify/DraftOrder/1504482066798,#D15864,LE070LL0226 - BO3,gid://shopify/DraftOrder/DRY_RUN,,LE070LL0226 - BO3.2,,2,2,130.0,260.0,50.00,1,2,partial_instock_split,true
2026-04-15T22:05:00+00:00,gid://shopify/DraftOrder/1505022247278,#D16039,MM1634667 - BO3,gid://shopify/DraftOrder/DRY_RUN,,MM1634667 - BO3.2,,2,4,208.0,520.0,40.00,1,2,partial_instock_split,true
2026-04-15T22:05:01+00:00,gid://shopify/DraftOrder/1505023328622,#D16052,MM3161055 - BO3,gid://shopify/DraftOrder/DRY_RUN,,MM3161055 - BO3.2,,2,3,130.0,312.0,41.67,1,2,partial_instock_split,true
2026-04-15T22:05:06+00:00,gid://shopify/DraftOrder/1505115079022,#D16098,lfn-011226 - BO3,gid://shopify/DraftOrder/DRY_RUN,,lfn-011226 - BO3.2,,2,2,130.0,234.0,55.56,1,2,partial_instock_split,true
2026-04-15T22:05:09+00:00,gid://shopify/DraftOrder/1505116062062,#D16115,5003456-1 - BO3,gid://shopify/DraftOrder/DRY_RUN,,5003456-1 - BO3.2,,2,3,312.0,624.0,50.00,1,2,partial_instock_split,true
2026-04-15T22:05:17+00:00,gid://shopify/DraftOrder/1505156890990,#D16172,VB4922513 - BO3,gid://shopify/DraftOrder/DRY_RUN,,VB4922513 - BO3.2,,3,5,104.0,338.0,30.77,1,2,partial_instock_split,true
2026-04-15T22:05:19+00:00,gid://shopify/DraftOrder/1505158988142,#D16190,MM6199313  BO - BO3,gid://shopify/DraftOrder/DRY_RUN,,MM6199313  BO - BO3.2,,2,3,104.0,182.0,57.14,1,2,partial_instock_split,true
2026-04-15T22:05:20+00:00,gid://shopify/DraftOrder/1505159774574,#D16198,MM1980197 - BO3,gid://shopify/DraftOrder/DRY_RUN,,MM1980197 - BO3.2,,2,2,104.0,156.0,66.67,1,2,partial_instock_split,true
2026-04-15T22:05:22+00:00,gid://shopify/DraftOrder/1505208861038,#D16237,TCC BO - BO3,gid://shopify/DraftOrder/DRY_RUN,,TCC BO - BO3.2,,2,5,624.0,1428.0,43.70,1,2,partial_instock_split,true
2026-04-15T22:05:29+00:00,gid://shopify/DraftOrder/1505223836014,#D16299,AB3853648 - BO3,gid://shopify/DraftOrder/DRY_RUN,,AB3853648 - BO3.2,,2,5,156.0,409.0,38.14,1,2,partial_instock_split,true
2026-04-15T22:05:50+00:00,gid://shopify/DraftOrder/1505254474094,#D16465,RJ17012666740 - BO3,gid://shopify/DraftOrder/DRY_RUN,,RJ17012666740 - BO3.2,,4,4,286.0,494.0,57.89,1,2,partial_instock_split,true
2026-04-15T22:05:54+00:00,gid://shopify/DraftOrder/1505256276334,#D16504,indigo BO - BO3,gid://shopify/DraftOrder/DRY_RUN,,indigo BO - BO3.2,,2,3,312.0,780.0,40.00,1,2,partial_instock_split,true
2026-04-15T22:06:01+00:00,gid://shopify/DraftOrder/1505259356526,#D16566,MM9486238 - BO3,gid://shopify/DraftOrder/DRY_RUN,,MM9486238 - BO3.2,,2,2,130.0,234.0,55.56,1,2,partial_instock_split,true
2026-04-15T22:06:05+00:00,gid://shopify/DraftOrder/1505282883950,#D16615,NC6450319 BO - BO3,gid://shopify/DraftOrder/DRY_RUN,,NC6450319 BO - BO3.2,,2,4,130.0,260.0,50.00,1,2,partial_instock_split,true
2026-04-15T22:06:05+00:00,gid://shopify/DraftOrder/1505283342702,#D16619,AB5936016 BO - BO3,gid://shopify/DraftOrder/DRY_RUN,,AB5936016 BO - BO3.2,,2,5,130.0,428.0,30.37,1,2,partial_instock_split,true
2026-04-15T22:06:15+00:00,gid://shopify/DraftOrder/1505287373166,#D16727,22526de - BO3,gid://shopify/DraftOrder/DRY_RUN,,22526de - BO3.2,,2,4,130.0,260.0,50.00,1,2,partial_instock_split,true
2026-04-15T22:06:26+00:00,gid://shopify/DraftOrder/1505291075950,#D16817,MINI / FL ART BO - BO3,gid://shopify/DraftOrder/DRY_RUN,,MINI / FL ART BO - BO3.2,,2,2,312.0,416.0,75.00,1,2,partial_instock_split,true
2026-04-15T22:06:29+00:00,gid://shopify/DraftOrder/1505292190062,#D16843,FLART BO - BO3,gid://shopify/DraftOrder/DRY_RUN,,FLART BO - BO3.2,,2,3,104.0,260.0,40.00,1,2,partial_instock_split,true
2026-04-15T22:06:33+00:00,gid://shopify/DraftOrder/1505293205870,#D16870,LL022126-SB BO - BO3,gid://shopify/DraftOrder/DRY_RUN,,LL022126-SB BO - BO3.2,,2,2,234.0,546.0,42.86,1,2,partial_instock_split,true
2026-04-15T22:06:41+00:00,gid://shopify/DraftOrder/1505296843118,#D16959,BO TR012626 BO - BO3,gid://shopify/DraftOrder/DRY_RUN,,BO TR012626 BO - BO3.2,,2,2,130.0,286.0,45.45,1,2,partial_instock_split,true
2026-04-15T22:06:55+00:00,gid://shopify/DraftOrder/1505302348142,#D17076,RebeccaCOllection BO - BO3,gid://shopify/DraftOrder/DRY_RUN,,RebeccaCOllection BO - BO3.2,,2,4,156.0,402.0,38.81,1,2,partial_instock_split,true
2026-04-15T22:07:03+00:00,gid://shopify/DraftOrder/1505305133422,#D17138,LL020226-SB- BO3,gid://shopify/DraftOrder/DRY_RUN,,LL020226-SB- BO3.2,,5,3,260.0,416.0,62.50,1,2,partial_instock_split,true
2026-04-15T22:07:16+00:00,gid://shopify/DraftOrder/1505309491566,#D17235,LS21150-BO3,gid://shopify/DraftOrder/DRY_RUN,,LS21150-BO3.2,,2,5,104.0,331.0,31.42,1,2,partial_instock_split,true
2026-04-15T22:07:21+00:00,gid://shopify/DraftOrder/1505490076014,#D17334,LIFE326 - BO3,gid://shopify/DraftOrder/DRY_RUN,,LIFE326 - BO3.2,,2,4,390.0,754.0,51.72,1,2,partial_instock_split,true
2026-04-15T22:07:24+00:00,gid://shopify/DraftOrder/1505494597998,#D17365,SB2705884-D - BO3,gid://shopify/DraftOrder/DRY_RUN,,SB2705884-D - BO3.2,,2,4,130.0,260.0,50.00,1,2,partial_instock_split,true
2026-04-15T22:07:25+00:00,gid://shopify/DraftOrder/1505494761838,#D17368,SB2705884 - BO3,gid://shopify/DraftOrder/DRY_RUN,,SB2705884 - BO3.2,,2,4,130.0,260.0,50.00,1,2,partial_instock_split,true
2026-04-15T22:07:25+00:00,gid://shopify/DraftOrder/1505495023982,#D17376,EBS26112TCC BO - BO3,gid://shopify/DraftOrder/DRY_RUN,,EBS26112TCC BO - BO3.2,,2,4,130.0,260.0,50.00,1,2,partial_instock_split,true
2026-04-15T22:07:28+00:00,gid://shopify/DraftOrder/1505495777646,#D17393,440lfn03092026,gid://shopify/DraftOrder/DRY_RUN,,440lfn03092026-BO,,2,4,130.0,260.0,50.00,0,1,partial_instock_split,true
2026-04-15T22:07:29+00:00,gid://shopify/DraftOrder/1505495941486,#D17396,SB7397807 - BO3,gid://shopify/DraftOrder/DRY_RUN,,SB7397807 - BO3.2,,2,4,130.0,260.0,50.00,1,2,partial_instock_split,true
2026-04-15T22:07:54+00:00,gid://shopify/DraftOrder/1505618329966,#D17597,JB9167554 - BO3,gid://shopify/DraftOrder/DRY_RUN,,JB9167554 - BO3.2,,2,2,130.0,182.0,71.43,1,2,partial_instock_split,true
2026-04-15T22:07:58+00:00,gid://shopify/DraftOrder/1505681113454,#D17634,NK5950784 BO - BO3,gid://shopify/DraftOrder/DRY_RUN,,NK5950784 BO - BO3.2,,2,3,104.0,260.0,40.00,1,2,partial_instock_split,true
2026-04-15T22:08:01+00:00,gid://shopify/DraftOrder/1505755234670,#D17671,SB7397807-D - BO3,gid://shopify/DraftOrder/DRY_RUN,,SB7397807-D - BO3.2,,2,4,130.0,260.0,50.00,1,2,partial_instock_split,true
2026-04-15T22:08:01+00:00,gid://shopify/DraftOrder/1505767096686,#D17675,VF-1369518 - BO3,gid://shopify/DraftOrder/DRY_RUN,,VF-1369518 - BO3.2,,2,4,260.0,520.0,50.00,1,2,partial_instock_split,true
2026-04-15T22:08:02+00:00,gid://shopify/DraftOrder/1505805664622,#D17684,PO27853 - BO3,gid://shopify/DraftOrder/DRY_RUN,,PO27853 - BO3.2,,2,2,208.0,416.0,50.00,1,2,partial_instock_split,true
2026-04-15T22:08:02+00:00,gid://shopify/DraftOrder/1505805795694,#D17688,JC1616118 - BO3,gid://shopify/DraftOrder/DRY_RUN,,JC1616118 - BO3.2,,2,4,130.0,260.0,50.00,1,2,partial_instock_split,true
2026-04-15T22:08:12+00:00,gid://shopify/DraftOrder/1506250391918,#D17943,MAY BO,gid://shopify/DraftOrder/DRY_RUN,,MAY BO.2,,2,3,104.0,260.0,40.00,1,2,partial_instock_split,true
2026-04-15T22:08:18+00:00,gid://shopify/DraftOrder/1506463121774,#D18148,HB8829515 - BO3,gid://shopify/DraftOrder/DRY_RUN,,HB8829515 - BO3.2,,2,4,130.0,260.0,50.00,1,2,partial_instock_split,true
2026-04-15T22:08:27+00:00,gid://shopify/DraftOrder/1506858828142,#D18373,7609535SRG - BO3,gid://shopify/DraftOrder/DRY_RUN,,7609535SRG - BO3.2,,2,4,130.0,260.0,50.00,1,2,partial_instock_split,true
2026-04-15T22:08:34+00:00,gid://shopify/DraftOrder/1507672686958,#D18557,DG1027607 - BO3,gid://shopify/DraftOrder/DRY_RUN,,DG1027607 - BO3.2,2026-03-24,2,4,130.0,260.0,50.00,1,2,partial_instock_split,true
2026-04-15T22:08:35+00:00,gid://shopify/DraftOrder/1507751362926,#D18591,JC9446481 - BO3,gid://shopify/DraftOrder/DRY_RUN,,JC9446481 - BO3.2,2026-03-24,2,4,130.0,260.0,50.00,1,2,partial_instock_split,true
2026-04-15T22:08:37+00:00,gid://shopify/DraftOrder/1507791405422,#D18604,SB-7156 - BO3,gid://shopify/DraftOrder/DRY_RUN,,SB-7156 - BO3.2,2026-03-24,2,2,104.0,156.0,66.67,1,2,partial_instock_split,true
2026-04-15T22:09:37+00:00,gid://shopify/DraftOrder/1508947919214,#D19181,CP9319874-D - BO3,gid://shopify/DraftOrder/DRY_RUN,,CP9319874-D - BO3.2,2026-03-29,2,2,130.0,208.0,62.50,1,2,partial_instock_split,true
2026-04-15T22:09:38+00:00,gid://shopify/DraftOrder/1508948148590,#D19188,CP9319874 - BO3,gid://shopify/DraftOrder/DRY_RUN,,CP9319874 - BO3.2,2026-03-16,2,2,130.0,208.0,62.50,1,2,partial_instock_split,true
2026-04-15T22:09:39+00:00,gid://shopify/DraftOrder/1509126439278,#D19223,EBS26154 - BO3,gid://shopify/DraftOrder/DRY_RUN,,EBS26154 - BO3.2,2026-03-30,2,4,312.0,1014.0,30.77,1,2,partial_instock_split,true
2026-04-15T22:09:40+00:00,gid://shopify/DraftOrder/1509185093998,#D19251,DS3998385 - BO3,gid://shopify/DraftOrder/DRY_RUN,,DS3998385 - BO3.2,2026-03-30,2,2,104.0,208.0,50.00,1,2,partial_instock_split,true
2026-04-15T22:09:54+00:00,gid://shopify/DraftOrder/1509986238830,#D20043,BACKORDER-3,gid://shopify/DraftOrder/DRY_RUN,,BACKORDER-3-BO,,2,4,130.0,234.0,55.56,0,1,partial_instock_split,true
2026-04-15T22:09:55+00:00,gid://shopify/DraftOrder/1510004097390,#D20058,PJ6921773 - BO3,gid://shopify/DraftOrder/DRY_RUN,,PJ6921773 - BO3.2,2026-03-31,2,4,130.0,260.0,50.00,1,2,partial_instock_split,true
2026-04-15T22:10:21+00:00,gid://shopify/DraftOrder/1512354120046,#D20531,AB1081560 - BO3,gid://shopify/DraftOrder/DRY_RUN,,AB1081560 - BO3.2,2026-04-12,2,4,104.0,208.0,50.00,1,2,partial_instock_split,true
2026-04-15T22:10:22+00:00,gid://shopify/DraftOrder/1512377811310,#D20537,MM2660809 - BO3,gid://shopify/DraftOrder/DRY_RUN,,MM2660809 - BO3.2,2026-04-12,2,2,104.0,182.0,57.14,1,2,partial_instock_split,true
2026-04-15T22:11:15+00:00,gid://shopify/DraftOrder/1513239314798,#D20951,LL041426-SB - BO3,gid://shopify/DraftOrder/DRY_RUN,,LL041426-SB - BO3.2,2026-04-15,2,4,104.0,312.0,33.33,1,2,partial_instock_split,true
2026-04-15T22:11:18+00:00,gid://shopify/DraftOrder/1513240658286,#D20973,SP4749256 - BO3,gid://shopify/DraftOrder/DRY_RUN,,SP4749256 - BO3.2,2026-04-15,2,3,104.0,201.0,51.74,1,2,partial_instock_split,true
2026-04-15T22:11:22+00:00,gid://shopify/DraftOrder/1513325363566,#D21019,RG2576039,gid://shopify/DraftOrder/DRY_RUN,,RG2576039-BO,2026-04-14,8,2,398.0,504.0,78.97,0,1,partial_instock_split,true
2026-04-16T14:13:37+00:00,gid://shopify/DraftOrder/1505305133422,#D17138,LL020226-SB- BO3,gid://shopify/DraftOrder/DRY_RUN,,LL020226-SB- BO3.2,,4,4,208.0,416.0,50.00,1,2,partial_instock_split,true
2026-04-16T16:51:10+00:00,gid://shopify/DraftOrder/1505305133422,#D17138,LL020226-SB- BO3,gid://shopify/DraftOrder/DRY_RUN,,LL020226-SB- BO3.2,,4,4,208.0,416.0,50.00,1,2,partial_instock_split,true
2026-04-16T19:40:05+00:00,gid://shopify/DraftOrder/1505305133422,#D17138,LL020226-SB- BO3,gid://shopify/DraftOrder/DRY_RUN,,LL020226-SB- BO3.2,,4,4,208.0,416.0,50.00,1,2,partial_instock_split,true
2026-04-16T22:01:11+00:00,gid://shopify/DraftOrder/1505305133422,#D17138,LL020226-SB- BO3,gid://shopify/DraftOrder/DRY_RUN,,LL020226-SB- BO3.2,,4,4,208.0,416.0,50.00,1,2,partial_instock_split,true
2026-04-16T22:04:49+00:00,gid://shopify/DraftOrder/1514088137070,#D21109,cchg41626,gid://shopify/DraftOrder/DRY_RUN,,cchg41626-BO,2026-04-16,10,2,562.0,692.0,81.21,0,1,partial_instock_split,true
2026-04-17T14:00:10+00:00,gid://shopify/DraftOrder/1505305133422,#D17138,LL020226-SB- BO3,gid://shopify/DraftOrder/DRY_RUN,,LL020226-SB- BO3.2,,4,4,208.0,416.0,50.00,1,2,partial_instock_split,true
2026-04-17T16:15:53+00:00,gid://shopify/DraftOrder/1505305133422,#D17138,LL020226-SB- BO3,gid://shopify/DraftOrder/DRY_RUN,,LL020226-SB- BO3.2,,4,4,208.0,416.0,50.00,1,2,partial_instock_split,true
2026-04-17T19:23:37+00:00,gid://shopify/DraftOrder/1505305133422,#D17138,LL020226-SB- BO3,gid://shopify/DraftOrder/DRY_RUN,,LL020226-SB- BO3.2,,4,4,208.0,416.0,50.00,1,2,partial_instock_split,true
2026-04-17T22:02:55+00:00,gid://shopify/DraftOrder/1505305133422,#D17138,LL020226-SB- BO3,gid://shopify/DraftOrder/DRY_RUN,,LL020226-SB- BO3.2,,4,4,208.0,416.0,50.00,1,2,partial_instock_split,true
2026-04-20T14:12:44+00:00,gid://shopify/DraftOrder/1505305133422,#D17138,LL020226-SB- BO3,gid://shopify/DraftOrder/DRY_RUN,,LL020226-SB- BO3.2,,3,5,156.0,416.0,37.50,1,2,partial_instock_split,true
2026-04-20T14:14:16+00:00,gid://shopify/DraftOrder/1508014948718,#D18666,MA8869420  BO - BO1,gid://shopify/DraftOrder/DRY_RUN,,MA8869420  BO - BO1.2,,2,2,104.0,298.0,34.90,1,2,partial_instock_split,true
2026-04-20T14:15:30+00:00,gid://shopify/DraftOrder/1510874612078,#D20158,DO326BH,gid://shopify/DraftOrder/DRY_RUN,,DO326BH-BO,2026-04-26,9,4,286.0,524.0,54.58,0,1,partial_instock_split,true
2026-04-20T16:23:33+00:00,gid://shopify/DraftOrder/1505305133422,#D17138,LL020226-SB- BO3,gid://shopify/DraftOrder/DRY_RUN,,LL020226-SB- BO3.2,,4,4,208.0,416.0,50.00,1,2,partial_instock_split,true
2026-04-20T16:25:59+00:00,gid://shopify/DraftOrder/1510874612078,#D20158,DO326BH,gid://shopify/DraftOrder/DRY_RUN,,DO326BH-BO,2026-04-26,10,3,312.0,524.0,59.54,0,1,partial_instock_split,true
2026-04-20T19:34:16+00:00,gid://shopify/DraftOrder/1505305133422,#D17138,LL020226-SB- BO3,gid://shopify/DraftOrder/DRY_RUN,,LL020226-SB- BO3.2,,3,5,156.0,416.0,37.50,1,2,partial_instock_split,true
2026-04-20T19:36:14+00:00,gid://shopify/DraftOrder/1510874612078,#D20158,DO326BH,gid://shopify/DraftOrder/DRY_RUN,,DO326BH-BO,2026-04-26,8,5,286.0,524.0,54.58,0,1,partial_instock_split,true
2026-04-21T14:10:26+00:00,gid://shopify/DraftOrder/1505305133422,#D17138,LL020226-SB- BO3,gid://shopify/DraftOrder/DRY_RUN,,LL020226-SB- BO3.2,,3,5,156.0,416.0,37.50,1,2,partial_instock_split,true
2026-04-21T14:13:00+00:00,gid://shopify/DraftOrder/1510874612078,#D20158,DO326BH,gid://shopify/DraftOrder/DRY_RUN,,DO326BH-BO,2026-04-26,8,5,286.0,524.0,54.58,0,1,partial_instock_split,true
2026-04-21T16:22:53+00:00,gid://shopify/DraftOrder/1505305133422,#D17138,LL020226-SB- BO3,gid://shopify/DraftOrder/DRY_RUN,,LL020226-SB- BO3.2,,3,5,156.0,416.0,37.50,1,2,partial_instock_split,true
2026-04-21T16:25:21+00:00,gid://shopify/DraftOrder/1510874612078,#D20158,DO326BH,gid://shopify/DraftOrder/DRY_RUN,,DO326BH-BO,2026-04-26,8,5,286.0,524.0,54.58,0,1,partial_instock_split,true
2026-04-21T19:39:01+00:00,gid://shopify/DraftOrder/1505305133422,#D17138,LL020226-SB- BO3,gid://shopify/DraftOrder/DRY_RUN,,LL020226-SB- BO3.2,,3,5,156.0,416.0,37.50,1,2,partial_instock_split,true
2026-04-21T19:41:33+00:00,gid://shopify/DraftOrder/1510874612078,#D20158,DO326BH,gid://shopify/DraftOrder/DRY_RUN,,DO326BH-BO,2026-04-26,8,5,286.0,524.0,54.58,0,1,partial_instock_split,true
2026-04-21T22:03:55+00:00,gid://shopify/DraftOrder/1510874612078,#D20158,DO326BH,gid://shopify/DraftOrder/DRY_RUN,,DO326BH-BO,2026-04-26,8,5,286.0,524.0,54.58,0,1,partial_instock_split,true
2026-04-21T22:04:29+00:00,gid://shopify/DraftOrder/1515392729454,#D22341,AB2831364,gid://shopify/DraftOrder/DRY_RUN,,AB2831364-BO,2026-04-15,14,2,598.0,728.0,82.14,0,1,partial_instock_split,true
2026-04-22T14:12:20+00:00,gid://shopify/DraftOrder/1510874612078,#D20158,DO326BH,gid://shopify/DraftOrder/DRY_RUN,,DO326BH-BO,2026-04-26,8,5,286.0,524.0,54.58,0,1,partial_instock_split,true
2026-04-22T14:12:53+00:00,gid://shopify/DraftOrder/1515392729454,#D22341,AB2831364,gid://shopify/DraftOrder/DRY_RUN,,AB2831364-BO,2026-04-15,14,2,598.0,728.0,82.14,0,1,partial_instock_split,true
2026-04-22T16:25:06+00:00,gid://shopify/DraftOrder/1510874612078,#D20158,DO326BH,gid://shopify/DraftOrder/DRY_RUN,,DO326BH-BO,2026-04-26,8,5,286.0,524.0,54.58,0,1,partial_instock_split,true
2026-04-22T16:25:45+00:00,gid://shopify/DraftOrder/1515392729454,#D22341,AB2831364,gid://shopify/DraftOrder/DRY_RUN,,AB2831364-BO,2026-04-15,14,2,598.0,728.0,82.14,0,1,partial_instock_split,true
2026-04-22T19:41:55+00:00,gid://shopify/DraftOrder/1510874612078,#D20158,DO326BH,gid://shopify/DraftOrder/DRY_RUN,,DO326BH-BO,2026-04-26,8,5,286.0,524.0,54.58,0,1,partial_instock_split,true
2026-04-22T19:42:20+00:00,gid://shopify/DraftOrder/1515392729454,#D22341,AB2831364,gid://shopify/DraftOrder/DRY_RUN,,AB2831364-BO,2026-04-15,13,2,598.0,728.0,82.14,0,1,partial_instock_split,true
2026-04-22T22:08:30+00:00,gid://shopify/DraftOrder/1510874612078,#D20158,DO326BH,gid://shopify/DraftOrder/DRY_RUN,,DO326BH-BO,2026-04-26,8,5,286.0,524.0,54.58,0,1,partial_instock_split,true
2026-04-22T22:09:02+00:00,gid://shopify/DraftOrder/1515392729454,#D22341,AB2831364,gid://shopify/DraftOrder/DRY_RUN,,AB2831364-BO,2026-04-15,13,2,598.0,728.0,82.14,0,1,partial_instock_split,true
2026-04-23T14:15:19+00:00,gid://shopify/DraftOrder/1510874612078,#D20158,DO326BH,gid://shopify/DraftOrder/DRY_RUN,,DO326BH-BO,2026-04-26,8,5,286.0,524.0,54.58,0,1,partial_instock_split,true
2026-04-23T14:16:00+00:00,gid://shopify/DraftOrder/1515392729454,#D22341,AB2831364,gid://shopify/DraftOrder/DRY_RUN,,AB2831364-BO,2026-04-15,13,2,598.0,728.0,82.14,0,1,partial_instock_split,true
2026-04-23T16:58:57+00:00,gid://shopify/DraftOrder/1510874612078,#D20158,DO326BH,gid://shopify/DraftOrder/DRY_RUN,,DO326BH-BO,2026-04-26,8,5,286.0,524.0,54.58,0,1,partial_instock_split,true
2026-04-23T16:59:44+00:00,gid://shopify/DraftOrder/1515392729454,#D22341,AB2831364,gid://shopify/DraftOrder/DRY_RUN,,AB2831364-BO,2026-04-15,13,2,598.0,728.0,82.14,0,1,partial_instock_split,true
2026-04-23T19:42:18+00:00,gid://shopify/DraftOrder/1505305133422,#D17138,LL020226-SB- BO3,gid://shopify/DraftOrder/DRY_RUN,,LL020226-SB- BO3.2,,4,4,208.0,416.0,50.00,1,2,partial_instock_split,true
2026-04-23T19:43:19+00:00,gid://shopify/DraftOrder/1508014948718,#D18666,MA8869420  BO - BO1,gid://shopify/DraftOrder/DRY_RUN,,MA8869420  BO - BO1.2,,2,2,156.0,298.0,52.35,1,2,partial_instock_split,true
2026-04-23T19:44:06+00:00,gid://shopify/DraftOrder/1510874612078,#D20158,DO326BH,gid://shopify/DraftOrder/DRY_RUN,,DO326BH-BO,2026-04-26,9,4,312.0,524.0,59.54,0,1,partial_instock_split,true
2026-04-23T22:03:27+00:00,gid://shopify/DraftOrder/1505305133422,#D17138,LL020226-SB- BO3,gid://shopify/DraftOrder/DRY_RUN,,LL020226-SB- BO3.2,,4,4,208.0,416.0,50.00,1,2,partial_instock_split,true
2026-04-23T22:04:48+00:00,gid://shopify/DraftOrder/1508014948718,#D18666,MA8869420  BO - BO1,gid://shopify/DraftOrder/DRY_RUN,,MA8869420  BO - BO1.2,,2,2,156.0,298.0,52.35,1,2,partial_instock_split,true
2026-04-23T22:05:50+00:00,gid://shopify/DraftOrder/1510874612078,#D20158,DO326BH,gid://shopify/DraftOrder/DRY_RUN,,DO326BH-BO,2026-04-26,9,4,312.0,524.0,59.54,0,1,partial_instock_split,true
2026-04-24T14:08:10+00:00,gid://shopify/DraftOrder/1505305133422,#D17138,LL020226-SB- BO3,gid://shopify/DraftOrder/DRY_RUN,,LL020226-SB- BO3.2,,4,4,208.0,416.0,50.00,1,2,partial_instock_split,true
2026-04-24T14:09:20+00:00,gid://shopify/DraftOrder/1508014948718,#D18666,MA8869420  BO - BO1,gid://shopify/DraftOrder/DRY_RUN,,MA8869420  BO - BO1.2,,2,2,156.0,298.0,52.35,1,2,partial_instock_split,true
2026-04-24T14:10:17+00:00,gid://shopify/DraftOrder/1510874612078,#D20158,DO326BH,gid://shopify/DraftOrder/DRY_RUN,,DO326BH-BO,2026-04-26,9,4,312.0,524.0,59.54,0,1,partial_instock_split,true
2026-04-24T14:10:26+00:00,gid://shopify/DraftOrder/1511893664110,#D20467,424-26,gid://shopify/DraftOrder/DRY_RUN,,424-26-BO,2026-04-30,11,3,410.0,516.0,79.46,0,1,partial_instock_split,true
2026-04-24T16:14:19+00:00,gid://shopify/DraftOrder/1505305133422,#D17138,LL020226-SB- BO3,gid://shopify/DraftOrder/DRY_RUN,,LL020226-SB- BO3.2,,4,4,208.0,416.0,50.00,1,2,partial_instock_split,true
2026-04-24T16:15:22+00:00,gid://shopify/DraftOrder/1508014948718,#D18666,MA8869420  BO - BO1,gid://shopify/DraftOrder/DRY_RUN,,MA8869420  BO - BO1.2,,2,2,156.0,298.0,52.35,1,2,partial_instock_split,true
2026-04-24T16:16:13+00:00,gid://shopify/DraftOrder/1510874612078,#D20158,DO326BH,gid://shopify/DraftOrder/DRY_RUN,,DO326BH-BO,2026-04-26,9,4,312.0,524.0,59.54,0,1,partial_instock_split,true
2026-04-24T16:16:21+00:00,gid://shopify/DraftOrder/1511893664110,#D20467,424-26,gid://shopify/DraftOrder/DRY_RUN,,424-26-BO,2026-04-30,11,3,410.0,516.0,79.46,0,1,partial_instock_split,true
2026-04-24T19:14:41+00:00,gid://shopify/DraftOrder/1505305133422,#D17138,LL020226-SB- BO3,gid://shopify/DraftOrder/DRY_RUN,,LL020226-SB- BO3.2,,4,4,208.0,416.0,50.00,1,2,partial_instock_split,true
2026-04-24T19:15:51+00:00,gid://shopify/DraftOrder/1508014948718,#D18666,MA8869420  BO - BO1,gid://shopify/DraftOrder/DRY_RUN,,MA8869420  BO - BO1.2,,2,2,156.0,298.0,52.35,1,2,partial_instock_split,true
2026-04-24T19:16:49+00:00,gid://shopify/DraftOrder/1510874612078,#D20158,DO326BH,gid://shopify/DraftOrder/DRY_RUN,,DO326BH-BO,2026-04-26,9,4,312.0,524.0,59.54,0,1,partial_instock_split,true
2026-04-24T19:16:58+00:00,gid://shopify/DraftOrder/1511893664110,#D20467,424-26,gid://shopify/DraftOrder/DRY_RUN,,424-26-BO,2026-04-30,11,3,410.0,516.0,79.46,0,1,partial_instock_split,true
2026-04-24T22:01:56+00:00,gid://shopify/DraftOrder/1505153155438,#D16130,RD4606355 - BO3,gid://shopify/DraftOrder/DRY_RUN,,RD4606355 - BO3.2,,2,2,156.0,312.0,50.00,1,2,partial_instock_split,true
2026-04-24T22:02:04+00:00,gid://shopify/DraftOrder/1505158431086,#D16186,RP2535554 BO - BO3,gid://shopify/DraftOrder/DRY_RUN,,RP2535554 BO - BO3.2,,2,2,104.0,208.0,50.00,1,2,partial_instock_split,true
2026-04-24T22:02:16+00:00,gid://shopify/DraftOrder/1505228718446,#D16316,SR5983058 - BO3,gid://shopify/DraftOrder/DRY_RUN,,SR5983058 - BO3.2,,2,2,104.0,208.0,50.00,1,2,partial_instock_split,true
2026-04-24T22:02:17+00:00,gid://shopify/DraftOrder/1505229898094,#D16321,4273429-CL - BO3,gid://shopify/DraftOrder/DRY_RUN,,4273429-CL - BO3.2,,2,3,104.0,260.0,40.00,1,2,partial_instock_split,true
2026-04-24T22:02:17+00:00,gid://shopify/DraftOrder/1505231143278,#D16324,SR9747862 - BO3,gid://shopify/DraftOrder/DRY_RUN,,SR9747862 - BO3.2,,2,3,104.0,182.0,57.14,1,2,partial_instock_split,true
2026-04-24T22:02:33+00:00,gid://shopify/DraftOrder/1505254703470,#D16469,AB7709041 - BO3,gid://shopify/DraftOrder/DRY_RUN,,AB7709041 - BO3.2,,2,3,104.0,260.0,40.00,1,2,partial_instock_split,true
2026-04-24T22:02:41+00:00,gid://shopify/DraftOrder/1505258504558,#D16550,SF5835648 - BO3,gid://shopify/DraftOrder/DRY_RUN,,SF5835648 - BO3.2,,2,3,104.0,260.0,40.00,1,2,partial_instock_split,true
2026-04-24T22:02:56+00:00,gid://shopify/DraftOrder/1505285013870,#D16665,LG012226YF6 - BO3,gid://shopify/DraftOrder/DRY_RUN,,LG012226YF6 - BO3.2,,2,3,130.0,286.0,45.45,1,2,partial_instock_split,true
2026-04-24T22:02:59+00:00,gid://shopify/DraftOrder/1505286717806,#D16709,SF7993052P - BO3,gid://shopify/DraftOrder/DRY_RUN,,SF7993052P - BO3.2,2026-04-25,2,3,156.0,312.0,50.00,1,2,partial_instock_split,true
2026-04-24T22:03:02+00:00,gid://shopify/DraftOrder/1505287962990,#D16741,SH7599419 - BO3,gid://shopify/DraftOrder/DRY_RUN,,SH7599419 - BO3.2,,2,3,104.0,260.0,40.00,1,2,partial_instock_split,true
2026-04-24T22:03:05+00:00,gid://shopify/DraftOrder/1505288880494,#D16764,LL021226-SB  BO - BO3,gid://shopify/DraftOrder/DRY_RUN,,LL021226-SB  BO - BO3.2,,2,3,104.0,260.0,40.00,1,2,partial_instock_split,true
2026-04-24T22:03:10+00:00,gid://shopify/DraftOrder/1505290322286,#D16799,12826VT-LL-TGTG - BO3,gid://shopify/DraftOrder/DRY_RUN,,12826VT-LL-TGTG - BO3.2,,2,4,156.0,383.0,40.73,1,2,partial_instock_split,true
2026-04-24T22:03:16+00:00,gid://shopify/DraftOrder/1505292321134,#D16847,mini/ flart bo - BO3,gid://shopify/DraftOrder/DRY_RUN,,mini/ flart bo - BO3.2,,2,2,286.0,364.0,78.57,1,2,partial_instock_split,true
2026-04-24T22:03:17+00:00,gid://shopify/DraftOrder/1505292648814,#D16855,LN0226 BO - BO3,gid://shopify/DraftOrder/DRY_RUN,,LN0226 BO - BO3.2,,2,2,156.0,312.0,50.00,1,2,partial_instock_split,true
2026-04-24T22:03:31+00:00,gid://shopify/DraftOrder/1505298284910,#D16988,Toy Fair BO - BO3,gid://shopify/DraftOrder/DRY_RUN,,Toy Fair BO - BO3.2,,2,3,156.0,338.0,46.15,1,2,partial_instock_split,true
2026-04-24T22:03:35+00:00,gid://shopify/DraftOrder/1505299136878,#D17012,DE3380977 - BO3,gid://shopify/DraftOrder/DRY_RUN,,DE3380977 - BO3.2,,2,4,208.0,565.0,36.81,1,2,partial_instock_split,true
2026-04-24T22:03:35+00:00,gid://shopify/DraftOrder/1505299399022,#D17018,LL021026-SB - BO3,gid://shopify/DraftOrder/DRY_RUN,,LL021026-SB - BO3.2,,2,3,104.0,260.0,40.00,1,2,partial_instock_split,true
2026-04-24T22:03:38+00:00,gid://shopify/DraftOrder/1505300414830,#D17036,LSKR3669840 BO - BO3,gid://shopify/DraftOrder/DRY_RUN,,LSKR3669840 BO - BO3.2,,2,2,104.0,182.0,57.14,1,2,partial_instock_split,true
2026-04-24T22:03:38+00:00,gid://shopify/DraftOrder/1505300644206,#D17040,AB4047635 - BO3,gid://shopify/DraftOrder/DRY_RUN,,AB4047635 - BO3.2,,2,3,104.0,260.0,40.00,1,2,partial_instock_split,true
2026-04-24T22:03:40+00:00,gid://shopify/DraftOrder/1505301397870,#D17056,DE6054387 - BO3,gid://shopify/DraftOrder/DRY_RUN,,DE6054387 - BO3.2,,2,2,104.0,208.0,50.00,1,2,partial_instock_split,true
2026-04-24T22:03:41+00:00,gid://shopify/DraftOrder/1505301692782,#D17064,Stacys BO - BO3,gid://shopify/DraftOrder/DRY_RUN,,Stacys BO - BO3.2,,2,3,312.0,780.0,40.00,1,2,partial_instock_split,true
2026-04-24T22:03:50+00:00,gid://shopify/DraftOrder/1505305133422,#D17138,LL020226-SB- BO3,gid://shopify/DraftOrder/DRY_RUN,,LL020226-SB- BO3.2,,5,3,260.0,416.0,62.50,1,2,partial_instock_split,true
2026-04-24T22:03:56+00:00,gid://shopify/DraftOrder/1505307066734,#D17180,GP3208033 - BO3,gid://shopify/DraftOrder/DRY_RUN,,GP3208033 - BO3.2,,2,2,104.0,208.0,50.00,1,2,partial_instock_split,true
2026-04-24T22:03:57+00:00,gid://shopify/DraftOrder/1505307394414,#D17186,LL012826CY - BO3,gid://shopify/DraftOrder/DRY_RUN,,LL012826CY - BO3.2,,2,3,130.0,286.0,45.45,1,2,partial_instock_split,true
2026-04-24T22:04:00+00:00,gid://shopify/DraftOrder/1505308082542,#D17202,LL012826-SB - BO3,gid://shopify/DraftOrder/DRY_RUN,,LL012826-SB - BO3.2,,2,3,156.0,390.0,40.00,1,2,partial_instock_split,true
2026-04-24T22:04:08+00:00,gid://shopify/DraftOrder/1505382793582,#D17299,MM7148432 - BO3,gid://shopify/DraftOrder/DRY_RUN,,MM7148432 - BO3.2,,2,3,208.0,364.0,57.14,1,2,partial_instock_split,true
2026-04-24T22:04:38+00:00,gid://shopify/DraftOrder/1505681473902,#D17642,EF7411154 - BO3,gid://shopify/DraftOrder/DRY_RUN,,EF7411154 - BO3.2,,2,2,156.0,312.0,50.00,1,2,partial_instock_split,true
2026-04-24T22:04:44+00:00,gid://shopify/DraftOrder/1506246558062,#D17914,SF2723338 - BO3,gid://shopify/DraftOrder/DRY_RUN,,SF2723338 - BO3.2,,2,3,104.0,234.0,44.44,1,2,partial_instock_split,true
2026-04-24T22:05:11+00:00,gid://shopify/DraftOrder/1508015440238,#D18673,LG010926BB - BO3,gid://shopify/DraftOrder/DRY_RUN,,LG010926BB - BO3.2,,2,2,104.0,208.0,50.00,1,2,partial_instock_split,true
2026-04-24T22:05:37+00:00,gid://shopify/DraftOrder/1508260577646,#D18911,DL8902088 - BO3,gid://shopify/DraftOrder/DRY_RUN,,DL8902088 - BO3.2,,2,3,104.0,234.0,44.44,1,2,partial_instock_split,true
2026-04-24T22:06:16+00:00,gid://shopify/DraftOrder/1510874612078,#D20158,DO326BH,gid://shopify/DraftOrder/DRY_RUN,,DO326BH-BO,2026-04-26,9,4,312.0,524.0,59.54,0,1,partial_instock_split,true
2026-04-24T22:06:21+00:00,gid://shopify/DraftOrder/1511360594286,#D20284,44805342 - BO3,gid://shopify/DraftOrder/DRY_RUN,,44805342 - BO3.2,,2,3,104.0,260.0,40.00,1,2,partial_instock_split,true
2026-04-24T22:06:27+00:00,gid://shopify/DraftOrder/1511893664110,#D20467,424-26,gid://shopify/DraftOrder/DRY_RUN,,424-26-BO,2026-04-30,12,2,436.0,516.0,84.50,0,1,partial_instock_split,true
2026-04-24T22:06:35+00:00,gid://shopify/DraftOrder/1513239740782,#D20957,16397-K - BO3,gid://shopify/DraftOrder/DRY_RUN,,16397-K - BO3.2,2026-04-15,2,2,104.0,208.0,50.00,1,2,partial_instock_split,true
2026-04-24T22:06:35+00:00,gid://shopify/DraftOrder/1513240068462,#D20962,16232-CF - BO3,gid://shopify/DraftOrder/DRY_RUN,,16232-CF - BO3.2,2026-04-15,2,2,130.0,260.0,50.00,1,2,partial_instock_split,true
2026-04-27T14:28:17+00:00,gid://shopify/DraftOrder/1505305133422,#D17138,LL020226-SB- BO3,gid://shopify/DraftOrder/DRY_RUN,,LL020226-SB- BO3.2,,4,4,208.0,416.0,50.00,1,2,partial_instock_split,true
2026-04-27T14:29:14+00:00,gid://shopify/DraftOrder/1506648686958,#D18201,JM4402933/ SHIP 5/1/26,gid://shopify/DraftOrder/DRY_RUN,,JM4402933/ SHIP 5/1/26-BO,2026-05-01,12,2,392.0,458.0,85.59,0,1,partial_instock_split,true
2026-04-27T14:30:35+00:00,gid://shopify/DraftOrder/1511893664110,#D20467,424-26,gid://shopify/DraftOrder/DRY_RUN,,424-26-BO,2026-04-30,11,3,410.0,516.0,79.46,0,1,partial_instock_split,true
2026-04-27T16:57:20+00:00,gid://shopify/DraftOrder/1505305133422,#D17138,LL020226-SB- BO3,gid://shopify/DraftOrder/DRY_RUN,,LL020226-SB- BO3.2,,4,4,208.0,416.0,50.00,1,2,partial_instock_split,true
2026-04-27T16:58:19+00:00,gid://shopify/DraftOrder/1506648686958,#D18201,JM4402933/ SHIP 5/1/26,gid://shopify/DraftOrder/DRY_RUN,,JM4402933/ SHIP 5/1/26-BO,2026-05-01,12,2,392.0,458.0,85.59,0,1,partial_instock_split,true
2026-04-27T16:59:42+00:00,gid://shopify/DraftOrder/1511893664110,#D20467,424-26,gid://shopify/DraftOrder/DRY_RUN,,424-26-BO,2026-04-30,11,3,410.0,516.0,79.46,0,1,partial_instock_split,true
2026-04-27T21:56:18+00:00,gid://shopify/DraftOrder/1496810979694,#D12383,BW7936 BO,gid://shopify/DraftOrder/1517112099182,#D22743,BW7936 BO.2,,3,1,78.0,104.0,75.00,1,2,partial_instock_split,false
2026-04-27T21:56:36+00:00,gid://shopify/DraftOrder/1497737331054,#D12724,JB9167554 BO,gid://shopify/DraftOrder/1517112164718,#D22744,JB9167554 BO.2,,1,1,78.0,156.0,50.00,1,2,partial_instock_split,false
2026-04-27T21:57:04+00:00,gid://shopify/DraftOrder/1498139361646,#D12805,MM8318518 BO,gid://shopify/DraftOrder/1517112263022,#D22745,MM8318518 BO.2,2026-01-14,3,1,78.0,104.0,75.00,1,2,partial_instock_split,false
2026-04-27T21:57:16+00:00,gid://shopify/DraftOrder/1498288947566,#D12841,SR9747862  BO,gid://shopify/DraftOrder/1517112328558,#D22746,SR9747862  BO.2,2026-05-01,3,1,130.0,156.0,83.33,1,2,partial_instock_split,false
2026-04-27T21:57:34+00:00,gid://shopify/DraftOrder/1499839365486,#D13511,MM8051825  Ship 5/1,gid://shopify/DraftOrder/1517112426862,#D22747,MM8051825  Ship 5/1-BO,2026-05-01,4,1,104.0,130.0,80.00,0,1,partial_instock_split,false
2026-04-27T22:01:09+00:00,gid://shopify/DraftOrder/1504454803822,#D15756,DG7045gm - BO1,gid://shopify/DraftOrder/1517113278830,#D22748,DG7045gm - BO1.2,,3,2,78.0,273.0,28.57,1,2,partial_instock_split,false
2026-04-27T22:01:33+00:00,gid://shopify/DraftOrder/1504560218478,#D15912,116600,gid://shopify/DraftOrder/1517113344366,#D22749,116600-BO,2026-05-01,6,1,624.0,624.0,100.00,0,1,partial_instock_split,false
2026-04-27T22:03:01+00:00,gid://shopify/DraftOrder/1505111671150,#D16060,Hobby  BO Flow - BO1,gid://shopify/DraftOrder/1517113672046,#D22750,Hobby  BO Flow - BO1.2,,1,1,52.0,104.0,50.00,1,2,partial_instock_split,false
2026-04-27T22:25:06+00:00,gid://shopify/DraftOrder/1505260339566,#D16587,VT9688043 - BO1,gid://shopify/DraftOrder/1517117768046,#D22751,VT9688043 - BO1.2,,4,1,104.0,164.0,63.41,1,2,partial_instock_split,false
2026-04-27T22:38:45+00:00,gid://shopify/DraftOrder/1505296384366,#D16948,CANDLES/ FLOWART BO - BO5,gid://shopify/DraftOrder/1517120291182,#D22752,CANDLES/ FLOWART BO - BO5.2,,2,1,52.0,78.0,66.67,1,2,partial_instock_split,false
2026-04-27T22:47:25+00:00,gid://shopify/DraftOrder/1505305133422,#D17138,LL020226-SB- BO3,gid://shopify/DraftOrder/1517122322798,#D22754,LL020226-SB- BO3.2,,4,4,208.0,416.0,50.00,1,2,partial_instock_split,false
2026-04-27T22:48:40+00:00,gid://shopify/DraftOrder/1505306181998,#D17160,LL011625CY - BO3,gid://shopify/DraftOrder/1517122814318,#D22755,LL011625CY - BO3.2,,3,1,78.0,104.0,75.00,1,2,partial_instock_split,false
2026-04-27T22:54:15+00:00,gid://shopify/DraftOrder/1505340752238,#D17277,DG8542  BO,gid://shopify/DraftOrder/1517123961198,#D22756,DG8542  BO.2,,3,2,78.0,168.0,46.43,1,2,partial_instock_split,false
2026-04-27T23:01:42+00:00,gid://shopify/DraftOrder/1505515503982,#D17523,Stacy BO/items ship in March - BO3,gid://shopify/DraftOrder/1517125435758,#D22757,Stacy BO/items ship in March - BO3.2,,1,1,234.0,594.0,39.39,1,2,partial_instock_split,false
2026-04-27T23:07:11+00:00,gid://shopify/DraftOrder/1506024325486,#D17783,AB1123371 - BO1,gid://shopify/DraftOrder/1517126418798,#D22758,AB1123371 - BO1.2,,3,1,104.0,299.0,34.78,1,2,partial_instock_split,false
2026-04-27T23:09:37+00:00,gid://shopify/DraftOrder/1506459844974,#D18132,RD8979508/ SHIP 5/1/26,gid://shopify/DraftOrder/1517126812014,#D22759,RD8979508/ SHIP 5/1/26-BO,2026-05-01,5,1,156.0,182.0,85.71,0,1,partial_instock_split,false
2026-04-27T23:11:09+00:00,gid://shopify/DraftOrder/1506629550446,#D18198,RJ5080432 - BO1,gid://shopify/DraftOrder/1517127172462,#D22760,RJ5080432 - BO1.2,,2,1,52.0,178.0,29.21,1,2,partial_instock_split,false
2026-04-27T23:11:34+00:00,gid://shopify/DraftOrder/1506648686958,#D18201,JM4402933/ SHIP 5/1/26,gid://shopify/DraftOrder/1517127270766,#D22761,JM4402933/ SHIP 5/1/26-BO,2026-05-01,12,1,392.0,432.0,90.74,0,1,partial_instock_split,false
2026-04-27T23:17:25+00:00,gid://shopify/DraftOrder/1508014948718,#D18666,MA8869420  BO - BO1,gid://shopify/DraftOrder/1517128319342,#D22762,MA8869420  BO - BO1.2,,3,1,208.0,298.0,69.80,1,2,partial_instock_split,false
2026-04-27T23:34:18+00:00,gid://shopify/DraftOrder/1508470260078,#D19139,5003456-1 BO,gid://shopify/DraftOrder/1517131465070,#D22763,5003456-1 BO.2,,2,1,312.0,390.0,80.00,1,2,partial_instock_split,false
2026-04-27T23:42:56+00:00,gid://shopify/DraftOrder/1511140295022,#D20249,2279,gid://shopify/DraftOrder/1517133365614,#D22764,2279-BO,2026-05-01,2,2,52.0,104.0,50.00,0,1,partial_instock_split,false
2026-04-27T23:45:27+00:00,gid://shopify/DraftOrder/1511893664110,#D20467,424-26,gid://shopify/DraftOrder/1517133791598,#D22765,424-26-BO,2026-04-30,11,3,410.0,516.0,79.46,0,1,partial_instock_split,false
2026-04-27T23:54:39+00:00,gid://shopify/DraftOrder/1515831034222,#D22424,,gid://shopify/DraftOrder/1517136314734,#D22766,BO,,1,1,104.0,464.0,22.41,0,1,partial_instock_split,false
2026-04-28T17:03:28+00:00,gid://shopify/DraftOrder/1499341390190,#D13238,TD7500003 5/4,gid://shopify/DraftOrder/1517315588462,#D22797,TD7500003 5/4-BO,2026-05-04,8,1,208.0,208.0,100.00,0,1,partial_instock_split,false
2026-04-28T18:06:10+00:00,gid://shopify/DraftOrder/1505628553582,#D17613,VB7583994-01,gid://shopify/DraftOrder/1517334987118,#D22804,VB7583994-01-BO,2026-05-04,5,1,542.0,542.0,100.00,0,1,partial_instock_split,false
2026-04-28T21:47:19+00:00,gid://shopify/DraftOrder/1516713967982,#D22624,DO326BH - BO1,gid://shopify/DraftOrder/1517397180782,#D22828,DO326BH - BO1.2,2026-04-26,1,1,52.0,52.0,100.00,1,2,partial_instock_split,false
2026-04-30T14:45:55+00:00,gid://shopify/DraftOrder/1505623179630,#D17610,31126DE - BO3,gid://shopify/DraftOrder/1517809697134,#D23113,31126DE - BO3.2,,1,1,78.0,130.0,60.00,1,2,partial_instock_split,false
2026-04-30T15:03:44+00:00,gid://shopify/DraftOrder/1510887981422,#D20161,AB1075791 - BO3,gid://shopify/DraftOrder/1517813268846,#D23114,AB1075791 - BO3.2,2026-04-06,1,1,52.0,104.0,50.00,1,2,partial_instock_split,false
2026-04-30T15:07:32+00:00,gid://shopify/DraftOrder/1515608015214,#D22372,AH042126 - BO3,gid://shopify/DraftOrder/1517814251886,#D23117,AH042126 - BO3.2,2026-04-21,1,2,52.0,156.0,33.33,1,2,partial_instock_split,false
2026-05-04T15:11:20+00:00,gid://shopify/DraftOrder/1514927718766,#D21470,0708-000004,gid://shopify/DraftOrder/1518738473326,#D23330,0708-000004-BO,2026-05-08,6,2,153.00,199.80,76.58,0,1,partial_instock_split,false
2026-05-05T15:09:33+00:00,gid://shopify/DraftOrder/1517986120046,#D23210,751515,gid://shopify/DraftOrder/1519000650094,#D23425,751515-BO,2026-05-11,6,1,4624.0,4936.0,93.68,0,1,partial_instock_split,false
2026-05-07T20:36:22+00:00,gid://shopify/DraftOrder/1517900104046,#D23165,VT4129855 - BO1,gid://shopify/DraftOrder/1519651225966,#D23566,VT4129855 - BO1.2,2026-04-30,1,1,52.0,104.0,50.00,1,2,partial_instock_split,false
2026-05-07T20:36:40+00:00,gid://shopify/DraftOrder/1517970555246,#D23179,JC3345699  BO,gid://shopify/DraftOrder/1519651455342,#D23567,JC3345699  BO.2,,1,1,52.0,104.0,50.00,1,2,partial_instock_split,false
2026-05-07T20:37:48+00:00,gid://shopify/DraftOrder/1518762066286,#D23340,LG041326DS - BO1,gid://shopify/DraftOrder/1519651520878,#D23568,LG041326DS - BO1.2,2026-05-04,1,1,52.0,112.0,46.43,1,2,partial_instock_split,false
2026-05-07T20:39:09+00:00,gid://shopify/DraftOrder/1519327543662,#D23499,RB050626B - BO1,gid://shopify/DraftOrder/1519651684718,#D23569,RB050626B - BO1.2,2026-05-06,2,1,52.0,92.0,56.52,1,2,partial_instock_split,false
2026-05-07T20:39:26+00:00,gid://shopify/DraftOrder/1519368077678,#D23514,025927 - BO1,gid://shopify/DraftOrder/1519651750254,#D23570,025927 - BO1.2,2026-05-06,2,2,52.0,137.0,37.96,1,2,partial_instock_split,false
2026-05-07T20:39:43+00:00,gid://shopify/DraftOrder/1519544336750,#D23531,JM1141944 - BO1,gid://shopify/DraftOrder/1519651815790,#D23571,JM1141944 - BO1.2,2026-05-07,2,1,52.0,92.0,56.52,1,2,partial_instock_split,false
2026-05-11T15:54:43+00:00,gid://shopify/DraftOrder/1505516093806,#D17535,01.09.26 BO - BO3,gid://shopify/DraftOrder/1520427008366,#D23629,01.09.26 BO - BO3.2,,1,2,180.0,429.0,41.96,1,2,partial_instock_split,false
2026-05-11T20:09:19+00:00,gid://shopify/DraftOrder/1505205944686,#D16224,ODon BO Candle,gid://shopify/DraftOrder/1520501948782,#D23657,ODon BO Candle-BO,,1,1,45.0,90.0,50.00,0,1,partial_instock_split,false
2026-05-11T20:26:08+00:00,gid://shopify/DraftOrder/1506706915694,#D18318,JD1617692 - BO5,gid://shopify/DraftOrder/1520506634606,#D23665,JD1617692 - BO5.2,,1,1,45.0,85.0,52.94,1,2,partial_instock_split,false
2026-05-11T20:48:27+00:00,gid://shopify/DraftOrder/1519076475246,#D23452,LG50526DC - BO1,gid://shopify/DraftOrder/1520511484270,#D23666,LG50526DC - BO1.2,2026-05-05,1,1,45.0,69.0,65.22,1,2,partial_instock_split,false
2026-05-12T20:07:17+00:00,gid://shopify/DraftOrder/1498912194926,#D13061,SB5169362  5/3,gid://shopify/DraftOrder/1520748790126,#D23770,SB5169362  5/3-BO,2026-05-03,16,5,444.0,574.0,77.35,0,1,partial_instock_split,false
2026-05-12T20:09:21+00:00,gid://shopify/DraftOrder/1502607933806,#D15042,PO: FL-LL-21726-NYTF,gid://shopify/DraftOrder/1520749150574,#D23771,PO: FL-LL-21726-NYTF-BO,,1,1,52.0,78.0,66.67,0,1,partial_instock_split,false
2026-05-12T20:10:12+00:00,gid://shopify/DraftOrder/1503923437934,#D15614,HRUSKASLIFELINES - BO3,gid://shopify/DraftOrder/1520749314414,#D23772,HRUSKASLIFELINES - BO3.2,,1,4,78.0,312.0,25.00,1,2,partial_instock_split,false
2026-05-12T20:10:23+00:00,gid://shopify/DraftOrder/1503953191278,#D15652,26-02-LIFELINESSUMMER BO,gid://shopify/DraftOrder/1520749412718,#D23773,26-02-LIFELINESSUMMER BO.2,2026-05-01,1,1,78.0,156.0,50.00,1,2,partial_instock_split,false
2026-05-12T20:11:27+00:00,gid://shopify/DraftOrder/1504482066798,#D15864,LE070LL0226 - BO3,gid://shopify/DraftOrder/1520749642094,#D23774,LE070LL0226 - BO3.2,,1,3,78.0,260.0,30.00,1,2,partial_instock_split,false
2026-05-12T20:12:28+00:00,gid://shopify/DraftOrder/1505022247278,#D16039,MM1634667 - BO3,gid://shopify/DraftOrder/1520749740398,#D23775,MM1634667 - BO3.2,,1,5,130.0,520.0,25.00,1,2,partial_instock_split,false
2026-05-12T20:12:56+00:00,gid://shopify/DraftOrder/1505023328622,#D16052,MM3161055 - BO3,gid://shopify/DraftOrder/1520749838702,#D23776,MM3161055 - BO3.2,,1,4,52.0,312.0,16.67,1,2,partial_instock_split,false
2026-05-12T20:14:49+00:00,gid://shopify/DraftOrder/1505115079022,#D16098,lfn-011226 - BO3,gid://shopify/DraftOrder/1520750494062,#D23785,lfn-011226 - BO3.2,,1,3,52.0,234.0,22.22,1,2,partial_instock_split,false
2026-05-12T20:15:50+00:00,gid://shopify/DraftOrder/1505116062062,#D16115,5003456-1 - BO3,gid://shopify/DraftOrder/1520750887278,#D23794,5003456-1 - BO3.2,,1,4,156.0,624.0,25.00,1,2,partial_instock_split,false
2026-05-12T20:19:39+00:00,gid://shopify/DraftOrder/1505159774574,#D16198,MM1980197 - BO3,gid://shopify/DraftOrder/1520751837550,#D23796,MM1980197 - BO3.2,,1,3,52.0,156.0,33.33,1,2,partial_instock_split,false
2026-05-12T20:22:10+00:00,gid://shopify/DraftOrder/1505223836014,#D16299,AB3853648 - BO3,gid://shopify/DraftOrder/1520752623982,#D23797,AB3853648 - BO3.2,,1,6,104.0,409.0,25.43,1,2,partial_instock_split,false
2026-05-12T20:24:53+00:00,gid://shopify/DraftOrder/1505249722734,#D16374,MM8318518 - BO3,gid://shopify/DraftOrder/1520753148270,#D23798,MM8318518 - BO3.2,,1,4,52.0,182.0,28.57,1,2,partial_instock_split,false
2026-05-12T20:27:33+00:00,gid://shopify/DraftOrder/1505252671854,#D16428,NK1060448  5/10 - BO3,gid://shopify/DraftOrder/1520753607022,#D23799,NK1060448  5/10 - BO3.2,,1,3,52.0,130.0,40.00,1,2,partial_instock_split,false
2026-05-12T20:29:03+00:00,gid://shopify/DraftOrder/1505254474094,#D16465,RJ17012666740 - BO3,gid://shopify/DraftOrder/1520754131310,#D23800,RJ17012666740 - BO3.2,,3,5,182.0,494.0,36.84,1,2,partial_instock_split,false
2026-05-12T20:30:53+00:00,gid://shopify/DraftOrder/1505256276334,#D16504,indigo BO - BO3,gid://shopify/DraftOrder/1520754688366,#D23801,indigo BO - BO3.2,,1,4,156.0,780.0,20.00,1,2,partial_instock_split,false
2026-05-12T20:33:26+00:00,gid://shopify/DraftOrder/1505259356526,#D16566,MM9486238 - BO3,gid://shopify/DraftOrder/1520755540334,#D23802,MM9486238 - BO3.2,,1,3,78.0,234.0,33.33,1,2,partial_instock_split,false
2026-05-12T20:34:45+00:00,gid://shopify/DraftOrder/1505282883950,#D16615,NC6450319 BO - BO3,gid://shopify/DraftOrder/1520756031854,#D23803,NC6450319 BO - BO3.2,,1,5,52.0,260.0,20.00,1,2,partial_instock_split,false
2026-05-12T20:35:04+00:00,gid://shopify/DraftOrder/1505283342702,#D16619,AB5936016 BO - BO3,gid://shopify/DraftOrder/1520756162926,#D23804,AB5936016 BO - BO3.2,,1,6,78.0,428.0,18.22,1,2,partial_instock_split,false
2026-05-12T20:38:30+00:00,gid://shopify/DraftOrder/1505287373166,#D16727,22526de - BO3,gid://shopify/DraftOrder/1520757113198,#D23805,22526de - BO3.2,,1,5,52.0,260.0,20.00,1,2,partial_instock_split,false
2026-05-12T20:42:38+00:00,gid://shopify/DraftOrder/1505291075950,#D16817,MINI / FL ART BO - BO3,gid://shopify/DraftOrder/1520757965166,#D23806,MINI / FL ART BO - BO3.2,,1,3,156.0,416.0,37.50,1,2,partial_instock_split,false
2026-05-12T20:43:50+00:00,gid://shopify/DraftOrder/1505292190062,#D16843,FLART BO - BO3,gid://shopify/DraftOrder/1520758161774,#D23807,FLART BO - BO3.2,,1,4,52.0,260.0,20.00,1,2,partial_instock_split,false
2026-05-12T20:45:33+00:00,gid://shopify/DraftOrder/1505293205870,#D16870,LL022126-SB BO - BO3,gid://shopify/DraftOrder/1520758554990,#D23808,LL022126-SB BO - BO3.2,,1,3,78.0,546.0,14.29,1,2,partial_instock_split,false
2026-05-12T20:48:16+00:00,gid://shopify/DraftOrder/1505296843118,#D16959,BO TR012626 BO - BO3,gid://shopify/DraftOrder/1520759144814,#D23809,BO TR012626 BO - BO3.2,,1,3,52.0,286.0,18.18,1,2,partial_instock_split,false
2026-05-12T20:53:31+00:00,gid://shopify/DraftOrder/1505302348142,#D17076,RebeccaCOllection BO - BO3,gid://shopify/DraftOrder/1520760193390,#D23810,RebeccaCOllection BO - BO3.2,,1,5,52.0,402.0,12.94,1,2,partial_instock_split,false
2026-05-12T21:00:48+00:00,gid://shopify/DraftOrder/1505309491566,#D17235,LS21150-BO3,gid://shopify/DraftOrder/1520761405806,#D23811,LS21150-BO3.2,,1,6,52.0,331.0,15.71,1,2,partial_instock_split,false
2026-05-12T21:02:33+00:00,gid://shopify/DraftOrder/1505490076014,#D17334,LIFE326 - BO3,gid://shopify/DraftOrder/1520761733486,#D23812,LIFE326 - BO3.2,,1,5,130.0,754.0,17.24,1,2,partial_instock_split,false
2026-05-12T21:03:21+00:00,gid://shopify/DraftOrder/1505494597998,#D17365,SB2705884-D - BO3,gid://shopify/DraftOrder/1520761799022,#D23813,SB2705884-D - BO3.2,,1,5,52.0,260.0,20.00,1,2,partial_instock_split,false
2026-05-12T21:03:40+00:00,gid://shopify/DraftOrder/1505494761838,#D17368,SB2705884 - BO3,gid://shopify/DraftOrder/1520761897326,#D23814,SB2705884 - BO3.2,,1,5,52.0,260.0,20.00,1,2,partial_instock_split,false
2026-05-12T21:04:04+00:00,gid://shopify/DraftOrder/1505495023982,#D17376,EBS26112TCC BO - BO3,gid://shopify/DraftOrder/1520762061166,#D23815,EBS26112TCC BO - BO3.2,,1,5,52.0,260.0,20.00,1,2,partial_instock_split,false
2026-05-12T21:05:12+00:00,gid://shopify/DraftOrder/1505495777646,#D17393,440lfn03092026,gid://shopify/DraftOrder/1520762257774,#D23816,440lfn03092026-BO,,1,5,52.0,260.0,20.00,0,1,partial_instock_split,false
2026-05-12T21:05:30+00:00,gid://shopify/DraftOrder/1505495941486,#D17396,SB7397807 - BO3,gid://shopify/DraftOrder/1520762356078,#D23817,SB7397807 - BO3.2,,1,5,52.0,260.0,20.00,1,2,partial_instock_split,false
2026-05-12T21:08:26+00:00,gid://shopify/DraftOrder/1505505542510,#D17477,8021044SRG  BO journals/ flart / glitter - BO3,gid://shopify/DraftOrder/1520762913134,#D23818,8021044SRG  BO journals/ flart / glitter - BO3.2,,1,3,104.0,572.0,18.18,1,2,partial_instock_split,false
2026-05-12T21:12:51+00:00,gid://shopify/DraftOrder/1505618329966,#D17597,JB9167554 - BO3,gid://shopify/DraftOrder/1520764256622,#D23819,JB9167554 - BO3.2,,1,3,52.0,182.0,28.57,1,2,partial_instock_split,false
2026-05-12T21:15:19+00:00,gid://shopify/DraftOrder/1505755234670,#D17671,SB7397807-D - BO3,gid://shopify/DraftOrder/1520764944750,#D23820,SB7397807-D - BO3.2,,1,5,52.0,260.0,20.00,1,2,partial_instock_split,false
2026-05-12T21:15:39+00:00,gid://shopify/DraftOrder/1505767096686,#D17675,VF-1369518 - BO3,gid://shopify/DraftOrder/1520765108590,#D23821,VF-1369518 - BO3.2,,1,5,104.0,520.0,20.00,1,2,partial_instock_split,false
2026-05-12T21:16:03+00:00,gid://shopify/DraftOrder/1505805664622,#D17684,PO27853 - BO3,gid://shopify/DraftOrder/1520765206894,#D23822,PO27853 - BO3.2,,1,3,104.0,416.0,25.00,1,2,partial_instock_split,false
2026-05-12T21:16:27+00:00,gid://shopify/DraftOrder/1505805795694,#D17688,JC1616118 - BO3,gid://shopify/DraftOrder/1520765272430,#D23823,JC1616118 - BO3.2,,1,5,52.0,260.0,20.00,1,2,partial_instock_split,false
2026-05-12T21:18:28+00:00,gid://shopify/DraftOrder/1506250391918,#D17943,MAY BO,gid://shopify/DraftOrder/1520765829486,#D23824,MAY BO.2,,1,4,52.0,260.0,20.00,1,2,partial_instock_split,false
2026-05-12T21:19:01+00:00,gid://shopify/DraftOrder/1506360590702,#D17982,LE373LL0226 - BO3,gid://shopify/DraftOrder/1520765895022,#D23825,LE373LL0226 - BO3.2,,1,2,78.0,182.0,42.86,1,2,partial_instock_split,false
2026-05-12T21:20:13+00:00,gid://shopify/DraftOrder/1506463121774,#D18148,HB8829515 - BO3,gid://shopify/DraftOrder/1520766124398,#D23826,HB8829515 - BO3.2,,1,5,52.0,260.0,20.00,1,2,partial_instock_split,false
2026-05-12T21:20:42+00:00,gid://shopify/DraftOrder/1506463383918,#D18153,TS8335157 - BO3,gid://shopify/DraftOrder/1520766288238,#D23827,TS8335157 - BO3.2,,1,4,52.0,156.0,33.33,1,2,partial_instock_split,false
2026-05-12T21:22:23+00:00,gid://shopify/DraftOrder/1506721923438,#D18332,SP7522313 BO - BO3,gid://shopify/DraftOrder/1520766648686,#D23828,SP7522313 BO - BO3.2,,1,2,78.0,182.0,42.86,1,2,partial_instock_split,false
2026-05-12T21:23:27+00:00,gid://shopify/DraftOrder/1506858828142,#D18373,7609535SRG - BO3,gid://shopify/DraftOrder/1520766910830,#D23829,7609535SRG - BO3.2,,1,5,52.0,260.0,20.00,1,2,partial_instock_split,false
2026-05-12T21:24:55+00:00,gid://shopify/DraftOrder/1507507208558,#D18520,MB9719861 - BO3,gid://shopify/DraftOrder/1520767074670,#D23831,MB9719861 - BO3.2,,1,2,52.0,104.0,50.00,1,2,partial_instock_split,false
2026-05-12T21:25:13+00:00,gid://shopify/DraftOrder/1507672686958,#D18557,DG1027607 - BO3,gid://shopify/DraftOrder/1520767107438,#D23832,DG1027607 - BO3.2,2026-03-24,1,5,52.0,260.0,20.00,1,2,partial_instock_split,false
2026-05-12T21:25:37+00:00,gid://shopify/DraftOrder/1507751362926,#D18591,JC9446481 - BO3,gid://shopify/DraftOrder/1520767205742,#D23833,JC9446481 - BO3.2,2026-03-24,1,5,52.0,260.0,20.00,1,2,partial_instock_split,false
2026-05-12T21:26:18+00:00,gid://shopify/DraftOrder/1507791405422,#D18604,SB-7156 - BO3,gid://shopify/DraftOrder/1520767435118,#D23834,SB-7156 - BO3.2,2026-03-24,1,3,52.0,156.0,33.33,1,2,partial_instock_split,false
2026-05-12T21:46:02+00:00,gid://shopify/DraftOrder/1508947919214,#D19181,CP9319874-D - BO3,gid://shopify/DraftOrder/1520772219246,#D23837,CP9319874-D - BO3.2,2026-03-29,1,3,78.0,208.0,37.50,1,2,partial_instock_split,false
2026-05-12T21:46:26+00:00,gid://shopify/DraftOrder/1508948148590,#D19188,CP9319874 - BO3,gid://shopify/DraftOrder/1520772252014,#D23838,CP9319874 - BO3.2,2026-03-16,1,3,78.0,208.0,37.50,1,2,partial_instock_split,false
2026-05-12T21:46:55+00:00,gid://shopify/DraftOrder/1509126439278,#D19223,EBS26154 - BO3,gid://shopify/DraftOrder/1520772415854,#D23839,EBS26154 - BO3.2,2026-03-30,1,5,156.0,1014.0,15.38,1,2,partial_instock_split,false
2026-05-12T21:47:13+00:00,gid://shopify/DraftOrder/1509185093998,#D19251,DS3998385 - BO3,gid://shopify/DraftOrder/1520772481390,#D23840,DS3998385 - BO3.2,2026-03-30,1,3,52.0,208.0,25.00,1,2,partial_instock_split,false
2026-05-12T21:50:01+00:00,gid://shopify/DraftOrder/1509695095150,#D19797,40126-ll-mw - BO3,gid://shopify/DraftOrder/1520772874606,#D23841,40126-ll-mw - BO3.2,2026-04-01,1,5,52.0,182.0,28.57,1,2,partial_instock_split,false
2026-05-12T21:51:16+00:00,gid://shopify/DraftOrder/1509986238830,#D20043,BACKORDER-3,gid://shopify/DraftOrder/1520772907374,#D23842,BACKORDER-3-BO,,1,5,52.0,234.0,22.22,0,1,partial_instock_split,false
2026-05-12T21:51:35+00:00,gid://shopify/DraftOrder/1510003999086,#D20055,33026PB-DE - BO3,gid://shopify/DraftOrder/1520773038446,#D23843,33026PB-DE - BO3.2,2026-04-01,1,5,52.0,182.0,28.57,1,2,partial_instock_split,false
2026-05-12T21:51:53+00:00,gid://shopify/DraftOrder/1510004097390,#D20058,PJ6921773 - BO3,gid://shopify/DraftOrder/1520773169518,#D23844,PJ6921773 - BO3.2,2026-03-31,1,5,52.0,260.0,20.00,1,2,partial_instock_split,false
2026-05-12T21:53:11+00:00,gid://shopify/DraftOrder/1510239043950,#D20117,4126DE - BO3,gid://shopify/DraftOrder/1520773267822,#D23845,4126DE - BO3.2,2026-04-01,1,5,52.0,182.0,28.57,1,2,partial_instock_split,false
2026-05-12T21:54:13+00:00,gid://shopify/DraftOrder/1511088324974,#D20209,BACKORDER-3,gid://shopify/DraftOrder/1520773431662,#D23846,BACKORDER-3-BO,,1,5,52.0,182.0,28.57,0,1,partial_instock_split,false
2026-05-12T21:54:47+00:00,gid://shopify/DraftOrder/1511114506606,#D20241,BH9829982 - BO3,gid://shopify/DraftOrder/1520773464430,#D23847,BH9829982 - BO3.2,2026-04-06,1,2,52.0,130.0,40.00,1,2,partial_instock_split,false
2026-05-12T22:10:42+00:00,gid://shopify/DraftOrder/1517698318702,#D22877,JM5779841,gid://shopify/DraftOrder/1520776282478,#D23848,JM5779841-BO,2026-04-27,20,1,1056.0,1108.0,95.31,0,1,partial_instock_split,false
2026-05-12T22:14:03+00:00,gid://shopify/DraftOrder/1518632305006,#D23296,CS1044121,gid://shopify/DraftOrder/1520776839534,#D23849,CS1044121-BO,2026-05-03,12,1,642.0,682.0,94.13,0,1,partial_instock_split,false
2026-05-13T00:35:37+00:00,gid://shopify/DraftOrder/1519710732654,#D23581,VT9049106,gid://shopify/DraftOrder/1520800760174,#D23854,VT9049106-BO,2026-05-07,11,1,468.0,494.0,94.74,0,1,partial_instock_split,false
2026-05-14T16:16:30+00:00,gid://shopify/DraftOrder/1508846174574,#D19174,CF409 - BO3,gid://shopify/DraftOrder/1521225204078,#D23961,CF409 - BO3.2,2026-03-29,1,1,52.0,104.0,50.00,1,2,partial_instock_split,false
2026-05-14T16:19:59+00:00,gid://shopify/DraftOrder/1509543706990,#D19732,MM5026787 - BO3,gid://shopify/DraftOrder/1521226023278,#D23962,MM5026787 - BO3.2,2026-03-31,2,3,52.0,130.0,40.00,1,2,partial_instock_split,false
2026-05-14T16:20:43+00:00,gid://shopify/DraftOrder/1509795987822,#D19871,KB8528092 - BO3,gid://shopify/DraftOrder/1521226285422,#D23963,KB8528092 - BO3.2,2026-04-01,1,2,52.0,156.0,33.33,1,2,partial_instock_split,false
2026-05-14T16:23:28+00:00,gid://shopify/DraftOrder/1510798721390,#D20150,CK040426-2 - BO3,gid://shopify/DraftOrder/1521226973550,#D23964,CK040426-2 - BO3.2,2026-04-04,2,4,52.0,156.0,33.33,1,2,partial_instock_split,false
2026-05-14T16:23:45+00:00,gid://shopify/DraftOrder/1510929400174,#D20174,MKHG040326 - BO3,gid://shopify/DraftOrder/1521227039086,#D23965,MKHG040326 - BO3.2,2026-04-03,2,2,52.0,104.0,50.00,1,2,partial_instock_split,false
2026-05-14T16:24:11+00:00,gid://shopify/DraftOrder/1510929924462,#D20181,26-04-LIFELINES-aprilvb - BO3,gid://shopify/DraftOrder/1521227137390,#D23966,26-04-LIFELINES-aprilvb - BO3.2,2026-04-06,2,2,52.0,104.0,50.00,1,2,partial_instock_split,false
2026-05-14T16:24:30+00:00,gid://shopify/DraftOrder/1511067091310,#D20198,JR2677509 - BO3,gid://shopify/DraftOrder/1521227202926,#D23967,JR2677509 - BO3.2,2026-04-07,2,1,52.0,97.0,53.61,1,2,partial_instock_split,false
2026-05-14T16:25:14+00:00,gid://shopify/DraftOrder/1511360594286,#D20284,44805342 - BO3,gid://shopify/DraftOrder/1521227366766,#D23968,44805342 - BO3.2,,2,3,104.0,260.0,40.00,1,2,partial_instock_split,false
2026-05-14T16:26:04+00:00,gid://shopify/DraftOrder/1511485276526,#D20338,LL040826-SB - BO3,gid://shopify/DraftOrder/1521227694446,#D23969,LL040826-SB - BO3.2,2026-04-08,2,1,104.0,156.0,66.67,1,2,partial_instock_split,false
2026-05-14T16:26:33+00:00,gid://shopify/DraftOrder/1511485374830,#D20341,SCHG4726 - BO3,gid://shopify/DraftOrder/1521227989358,#D23970,SCHG4726 - BO3.2,2026-04-07,2,1,104.0,156.0,66.67,1,2,partial_instock_split,false
2026-05-14T16:26:47+00:00,gid://shopify/DraftOrder/1511485407598,#D20342,FLHG4826 - BO3,gid://shopify/DraftOrder/1521228185966,#D23971,FLHG4826 - BO3.2,2026-04-08,2,2,104.0,208.0,50.00,1,2,partial_instock_split,false
2026-05-14T16:27:56+00:00,gid://shopify/DraftOrder/1511845462382,#D20444,MM5108688 - BO3,gid://shopify/DraftOrder/1521228710254,#D23972,MM5108688 - BO3.2,2026-04-10,2,3,78.0,156.0,50.00,1,2,partial_instock_split,false
2026-05-14T16:28:23+00:00,gid://shopify/DraftOrder/1511904739694,#D20477,SF4873445 - BO3,gid://shopify/DraftOrder/1521228743022,#D23973,SF4873445 - BO3.2,2026-04-07,2,3,78.0,182.0,42.86,1,2,partial_instock_split,false
2026-05-14T16:29:29+00:00,gid://shopify/DraftOrder/1512085225838,#D20521,SR2574838 - BO3,gid://shopify/DraftOrder/1521229136238,#D23974,SR2574838 - BO3.2,2026-04-10,1,2,52.0,182.0,28.57,1,2,partial_instock_split,false
2026-05-14T16:29:54+00:00,gid://shopify/DraftOrder/1512354120046,#D20531,AB1081560 - BO3,gid://shopify/DraftOrder/1521229267310,#D23975,AB1081560 - BO3.2,2026-04-12,2,4,52.0,208.0,25.00,1,2,partial_instock_split,false
2026-05-14T16:31:06+00:00,gid://shopify/DraftOrder/1512942403950,#D20875,AB2570278 - BO3,gid://shopify/DraftOrder/1521229726062,#D23976,AB2570278 - BO3.2,2026-04-14,2,3,52.0,156.0,33.33,1,2,partial_instock_split,false
2026-05-14T16:31:25+00:00,gid://shopify/DraftOrder/1513104081262,#D20926,MPHG414 - BO3,gid://shopify/DraftOrder/1521229857134,#D23977,MPHG414 - BO3.2,2026-04-14,2,2,104.0,208.0,50.00,1,2,partial_instock_split,false
2026-05-14T16:31:52+00:00,gid://shopify/DraftOrder/1513239314798,#D20951,LL041426-SB - BO3,gid://shopify/DraftOrder/1521230020974,#D23978,LL041426-SB - BO3.2,2026-04-15,2,4,104.0,312.0,33.33,1,2,partial_instock_split,false
2026-05-14T16:32:18+00:00,gid://shopify/DraftOrder/1513239740782,#D20957,16397-K - BO3,gid://shopify/DraftOrder/1521230119278,#D23979,16397-K - BO3.2,2026-04-15,1,3,52.0,208.0,25.00,1,2,partial_instock_split,false
2026-05-14T16:32:50+00:00,gid://shopify/DraftOrder/1513240658286,#D20973,SP4749256 - BO3,gid://shopify/DraftOrder/1521230315886,#D23980,SP4749256 - BO3.2,2026-04-15,2,3,52.0,201.0,25.87,1,2,partial_instock_split,false
2026-05-14T16:33:17+00:00,gid://shopify/DraftOrder/1513240920430,#D20979,MM7388918 - BO3,gid://shopify/DraftOrder/1521230938478,#D23981,MM7388918 - BO3.2,2026-04-15,1,2,78.0,279.0,27.96,1,2,partial_instock_split,false
2026-05-14T16:36:09+00:00,gid://shopify/DraftOrder/1514100261230,#D21111,cchg41626 - BO3,gid://shopify/DraftOrder/1521231987054,#D23982,cchg41626 - BO3.2,2026-04-16,1,1,52.0,130.0,40.00,1,2,partial_instock_split,false
2026-05-14T16:38:25+00:00,gid://shopify/DraftOrder/1515397513582,#D22349,AB2831364 - BO3,gid://shopify/DraftOrder/1521233363310,#D23983,AB2831364 - BO3.2,2026-04-15,2,4,104.0,312.0,33.33,1,2,partial_instock_split,false
2026-05-14T16:41:21+00:00,gid://shopify/DraftOrder/1516396216686,#D22582,VB1691134 - BO3,gid://shopify/DraftOrder/1521234116974,#D23984,VB1691134 - BO3.2,2026-04-24,2,5,104.0,390.0,26.67,1,2,partial_instock_split,false
2026-05-14T16:41:51+00:00,gid://shopify/DraftOrder/1516452020590,#D22600,VB1600737 - BO3,gid://shopify/DraftOrder/1521234248046,#D23985,VB1600737 - BO3.2,2026-04-22,2,5,104.0,390.0,26.67,1,2,partial_instock_split,false
2026-05-14T16:42:37+00:00,gid://shopify/DraftOrder/1516926140782,#D22634,CK042326 - BO3,gid://shopify/DraftOrder/1521234411886,#D23986,CK042326 - BO3.2,2026-04-23,2,4,52.0,208.0,25.00,1,2,partial_instock_split,false
2026-05-14T16:42:56+00:00,gid://shopify/DraftOrder/1516941312366,#D22638,HT042726 - BO3,gid://shopify/DraftOrder/1521234542958,#D23987,HT042726 - BO3.2,2026-04-27,2,4,78.0,260.0,30.00,1,2,partial_instock_split,false
2026-05-14T16:43:26+00:00,gid://shopify/DraftOrder/1517081067886,#D22729,7575776SRG - BO3,gid://shopify/DraftOrder/1521234805102,#D23988,7575776SRG - BO3.2,2026-04-27,2,3,52.0,130.0,40.00,1,2,partial_instock_split,false
2026-05-14T16:44:12+00:00,gid://shopify/DraftOrder/1517383909742,#D22820,BW6728 - BO3,gid://shopify/DraftOrder/1521234936174,#D23989,BW6728 - BO3.2,2026-04-23,2,5,104.0,390.0,26.67,1,2,partial_instock_split,false
2026-05-14T16:45:49+00:00,gid://shopify/DraftOrder/1517860061550,#D23130,BE2545339 - BO3,gid://shopify/DraftOrder/1521235591534,#D23990,BE2545339 - BO3.2,2026-04-27,2,4,104.0,234.0,44.44,1,2,partial_instock_split,false
2026-05-14T16:46:36+00:00,gid://shopify/DraftOrder/1517976191342,#D23190,L42726 - BO3,gid://shopify/DraftOrder/1521235755374,#D23992,L42726 - BO3.2,2026-04-30,2,1,234.0,312.0,75.00,1,2,partial_instock_split,false
2026-05-14T16:48:07+00:00,gid://shopify/DraftOrder/1518185742702,#D23256,CHHG042926 - BO3,gid://shopify/DraftOrder/1521236410734,#D23993,CHHG042926 - BO3.2,2026-04-29,2,2,104.0,208.0,50.00,1,2,partial_instock_split,false
2026-05-14T16:48:23+00:00,gid://shopify/DraftOrder/1518185873774,#D23258,HVHG042726 - BO3,gid://shopify/DraftOrder/1521236443502,#D23994,HVHG042726 - BO3.2,2026-04-27,2,2,52.0,104.0,50.00,1,2,partial_instock_split,false
2026-05-14T16:49:13+00:00,gid://shopify/DraftOrder/1518633058670,#D23304,CS1044121 - BO3,gid://shopify/DraftOrder/1521236771182,#D23995,CS1044121 - BO3.2,2026-05-03,2,4,104.0,338.0,30.77,1,2,partial_instock_split,false
2026-05-14T16:53:06+00:00,gid://shopify/DraftOrder/1519544500590,#D23532,JM1141944 - BO3,gid://shopify/DraftOrder/1521237983598,#D23996,JM1141944 - BO3.2,2026-05-07,2,3,52.0,130.0,40.00,1,2,partial_instock_split,false
2026-05-14T16:53:39+00:00,gid://shopify/DraftOrder/1519671771502,#D23575,2112 - BO3,gid://shopify/DraftOrder/1521238212974,#D23997,2112 - BO3.2,2026-05-07,2,3,52.0,130.0,40.00,1,2,partial_instock_split,false
2026-05-14T16:54:20+00:00,gid://shopify/DraftOrder/1519846359406,#D23601,AD-030326 - BO3,gid://shopify/DraftOrder/1521238409582,#D23998,AD-030326 - BO3.2,2026-05-08,2,4,104.0,338.0,30.77,1,2,partial_instock_split,false
2026-05-14T16:56:32+00:00,gid://shopify/DraftOrder/1520680730990,#D23724,AF4222059 - BO3,gid://shopify/DraftOrder/1521239064942,#D23999,AF4222059 - BO3.2,2026-05-12,2,2,130.0,260.0,50.00,1,2,partial_instock_split,false
2026-05-14T16:57:09+00:00,gid://shopify/DraftOrder/1520750068078,#D23778,JM7872325 - BO3,gid://shopify/DraftOrder/1521239196014,#D24000,JM7872325 - BO3.2,2026-05-12,2,4,78.0,260.0,30.00,1,2,partial_instock_split,false
2026-05-14T17:00:08+00:00,gid://shopify/DraftOrder/1520980296046,#D23906,MB3030432 - BO3,gid://shopify/DraftOrder/1521239818606,#D24001,MB3030432 - BO3.2,2026-05-12,1,2,52.0,130.0,40.00,1,2,partial_instock_split,false
2026-05-14T17:02:16+00:00,gid://shopify/DraftOrder/1521145741678,#D23950,50340526 - BO3,gid://shopify/DraftOrder/1521240375662,#D24002,50340526 - BO3.2,2026-05-07,1,1,52.0,104.0,50.00,1,2,partial_instock_split,false
2026-05-14T17:12:55+00:00,gid://shopify/DraftOrder/1504378683758,#D15702,PK7144800 BO - BO3,gid://shopify/DraftOrder/1521243947374,#D24004,PK7144800 BO - BO3.2,,2,3,52.0,130.0,40.00,1,2,partial_instock_split,false
2026-05-14T17:13:42+00:00,gid://shopify/DraftOrder/1504479117678,#D15857,6832-JC BO,gid://shopify/DraftOrder/1521244012910,#D24005,6832-JC BO.2,,2,1,104.0,156.0,66.67,1,2,partial_instock_split,false
2026-05-14T17:13:57+00:00,gid://shopify/DraftOrder/1504481313134,#D15860,126133 - BO3,gid://shopify/DraftOrder/1521244078446,#D24006,126133 - BO3.2,,2,5,52.0,182.0,28.57,1,2,partial_instock_split,false
2026-05-14T17:15:09+00:00,gid://shopify/DraftOrder/1505022476654,#D16045,SR2139700 - BO3,gid://shopify/DraftOrder/1521244406126,#D24007,SR2139700 - BO3.2,,3,3,52.0,130.0,40.00,1,2,partial_instock_split,false
2026-05-14T17:16:06+00:00,gid://shopify/DraftOrder/1505112490350,#D16075,JB010526 - BO3,gid://shopify/DraftOrder/1521244799342,#D24008,JB010526 - BO3.2,,2,4,52.0,201.0,25.87,1,2,partial_instock_split,false
2026-05-14T17:16:26+00:00,gid://shopify/DraftOrder/1505112686958,#D16079,LP-LL-10526-MW - BO3,gid://shopify/DraftOrder/1521244864878,#D24009,LP-LL-10526-MW - BO3.2,,1,1,130.0,260.0,50.00,1,2,partial_instock_split,false
2026-05-14T17:17:26+00:00,gid://shopify/DraftOrder/1505115308398,#D16103,LFN122825 - BO3,gid://shopify/DraftOrder/1521244995950,#D24010,LFN122825 - BO3.2,,2,1,52.0,78.0,66.67,1,2,partial_instock_split,false
2026-05-14T17:17:46+00:00,gid://shopify/DraftOrder/1505115537774,#D16106,0012 - BO3,gid://shopify/DraftOrder/1521245061486,#D24011,0012 - BO3.2,,2,1,104.0,156.0,66.67,1,2,partial_instock_split,false
2026-05-14T17:18:53+00:00,gid://shopify/DraftOrder/1505153155438,#D16130,RD4606355 - BO3,gid://shopify/DraftOrder/1521245356398,#D24012,RD4606355 - BO3.2,,1,3,78.0,312.0,25.00,1,2,partial_instock_split,false
2026-05-14T17:19:18+00:00,gid://shopify/DraftOrder/1505153483118,#D16134,1180 - BO3,gid://shopify/DraftOrder/1521245585774,#D24013,1180 - BO3.2,,1,2,78.0,234.0,33.33,1,2,partial_instock_split,false
2026-05-14T17:19:38+00:00,gid://shopify/DraftOrder/1505153745262,#D16140,4533523SRG - BO3,gid://shopify/DraftOrder/1521245684078,#D24014,4533523SRG - BO3.2,,1,2,156.0,468.0,33.33,1,2,partial_instock_split,false
2026-05-14T17:20:08+00:00,gid://shopify/DraftOrder/1505154400622,#D16145,3-10013- BO3,gid://shopify/DraftOrder/1521245782382,#D24015,3-10013- BO3.2,,2,3,78.0,156.0,50.00,1,2,partial_instock_split,false
2026-05-14T17:20:56+00:00,gid://shopify/DraftOrder/1505155645806,#D16156,MM7590719 - BO3,gid://shopify/DraftOrder/1521245978990,#D24016,MM7590719 - BO3.2,,2,3,104.0,208.0,50.00,1,2,partial_instock_split,false
2026-05-14T17:21:14+00:00,gid://shopify/DraftOrder/1505156137326,#D16163,AB5716370 BO - BO3,gid://shopify/DraftOrder/1521246011758,#D24017,AB5716370 BO - BO3.2,,2,1,104.0,156.0,66.67,1,2,partial_instock_split,false
2026-05-14T17:21:32+00:00,gid://shopify/DraftOrder/1505156661614,#D16168,6337687SRG - BO3,gid://shopify/DraftOrder/1521246110062,#D24018,6337687SRG - BO3.2,,1,1,78.0,182.0,42.86,1,2,partial_instock_split,false
2026-05-14T17:21:51+00:00,gid://shopify/DraftOrder/1505156890990,#D16172,VB4922513 - BO3,gid://shopify/DraftOrder/1521246241134,#D24019,VB4922513 - BO3.2,,2,6,104.0,338.0,30.77,1,2,partial_instock_split,false
2026-05-14T17:22:22+00:00,gid://shopify/DraftOrder/1505158431086,#D16186,RP2535554 BO - BO3,gid://shopify/DraftOrder/1521246306670,#D24020,RP2535554 BO - BO3.2,,1,3,52.0,208.0,25.00,1,2,partial_instock_split,false
2026-05-14T17:23:04+00:00,gid://shopify/DraftOrder/1505205584238,#D16221,GP3208033 - BO3,gid://shopify/DraftOrder/1521246404974,#D24021,GP3208033 - BO3.2,,1,2,78.0,246.0,31.71,1,2,partial_instock_split,false
2026-05-14T17:23:28+00:00,gid://shopify/DraftOrder/1505208861038,#D16237,TCC BO - BO3,gid://shopify/DraftOrder/1521246667118,#D24022,TCC BO - BO3.2,,2,4,312.0,960.0,32.50,1,2,partial_instock_split,false
2026-05-14T17:24:30+00:00,gid://shopify/DraftOrder/1505214595438,#D16263,MA1153949 - BO3,gid://shopify/DraftOrder/1521246929262,#D24024,MA1153949 - BO3.2,,1,1,52.0,104.0,50.00,1,2,partial_instock_split,false
2026-05-14T17:24:41+00:00,gid://shopify/DraftOrder/1505216659822,#D16271,LFN0205NK - BO3,gid://shopify/DraftOrder/1521246962030,#D24025,LFN0205NK - BO3.2,,1,2,52.0,156.0,33.33,1,2,partial_instock_split,false
2026-05-14T17:25:06+00:00,gid://shopify/DraftOrder/1505219051886,#D16282,MM5939787 - BO3,gid://shopify/DraftOrder/1521247060334,#D24026,MM5939787 - BO3.2,,2,3,52.0,156.0,33.33,1,2,partial_instock_split,false
2026-05-14T17:25:58+00:00,gid://shopify/DraftOrder/1505226981742,#D16308,AB9676463 - BO3,gid://shopify/DraftOrder/1521247584622,#D24027,AB9676463 - BO3.2,,1,2,52.0,156.0,33.33,1,2,partial_instock_split,false
2026-05-14T17:26:28+00:00,gid://shopify/DraftOrder/1505228718446,#D16316,SR5983058 - BO3,gid://shopify/DraftOrder/1521247846766,#D24028,SR5983058 - BO3.2,,1,3,52.0,208.0,25.00,1,2,partial_instock_split,false
2026-05-14T17:26:48+00:00,gid://shopify/DraftOrder/1505229898094,#D16321,4273429-CL - BO3,gid://shopify/DraftOrder/1521248010606,#D24029,4273429-CL - BO3.2,,2,3,104.0,260.0,40.00,1,2,partial_instock_split,false
2026-05-14T17:27:07+00:00,gid://shopify/DraftOrder/1505231143278,#D16324,SR9747862 - BO3,gid://shopify/DraftOrder/1521248076142,#D24030,SR9747862 - BO3.2,,2,3,52.0,182.0,28.57,1,2,partial_instock_split,false
2026-05-14T17:27:30+00:00,gid://shopify/DraftOrder/1505233568110,#D16333,EF08012642336 - BO3,gid://shopify/DraftOrder/1521248174446,#D24031,EF08012642336 - BO3.2,,2,4,78.0,227.0,34.36,1,2,partial_instock_split,false
2026-05-14T17:27:49+00:00,gid://shopify/DraftOrder/1505234878830,#D16338,TTR BO - BO3/ MAY Flart,gid://shopify/DraftOrder/1521248371054,#D24032,TTR BO - BO3/ MAY Flart-BO,,2,5,156.0,558.0,27.96,0,1,partial_instock_split,false
2026-05-14T17:28:17+00:00,gid://shopify/DraftOrder/1505237500270,#D16346,MM2818435 - BO3,gid://shopify/DraftOrder/1521248567662,#D24033,MM2818435 - BO3.2,,2,3,104.0,208.0,50.00,1,2,partial_instock_split,false
2026-05-14T17:28:35+00:00,gid://shopify/DraftOrder/1505239040366,#D16356,MM6841310 - BO3,gid://shopify/DraftOrder/1521248600430,#D24034,MM6841310 - BO3.2,,2,1,104.0,130.0,80.00,1,2,partial_instock_split,false
2026-05-14T17:29:16+00:00,gid://shopify/DraftOrder/1505250279790,#D16383,CF011526 - BO3/ MAY,gid://shopify/DraftOrder/1521248797038,#D24035,CF011526 - BO3/ MAY-BO,,1,2,52.0,156.0,33.33,0,1,partial_instock_split,false
2026-05-14T17:29:51+00:00,gid://shopify/DraftOrder/1505251033454,#D16395,SF6119623 - BO3,gid://shopify/DraftOrder/1521249091950,#D24036,SF6119623 - BO3.2,,1,2,78.0,286.0,27.27,1,2,partial_instock_split,false
2026-05-14T17:30:09+00:00,gid://shopify/DraftOrder/1505251164526,#D16398,VB4637560 - BO3,gid://shopify/DraftOrder/1521249157486,#D24037,VB4637560 - BO3.2,,2,3,52.0,130.0,40.00,1,2,partial_instock_split,false
2026-05-14T17:31:09+00:00,gid://shopify/DraftOrder/1505252082030,#D16416,YF3740903CY - BO3,gid://shopify/DraftOrder/1521249583470,#D24038,YF3740903CY - BO3.2,,2,3,52.0,182.0,28.57,1,2,partial_instock_split,false
2026-05-14T17:31:37+00:00,gid://shopify/DraftOrder/1505252376942,#D16422,CF2377537 - BO3,gid://shopify/DraftOrder/1521249780078,#D24039,CF2377537 - BO3.2,,2,3,52.0,175.0,29.71,1,2,partial_instock_split,false
2026-05-14T17:32:10+00:00,gid://shopify/DraftOrder/1505252868462,#D16433,VB3910300 - BO3,gid://shopify/DraftOrder/1521250238830,#D24040,VB3910300 - BO3.2,,1,2,52.0,156.0,33.33,1,2,partial_instock_split,false
2026-05-14T17:33:08+00:00,gid://shopify/DraftOrder/1505254277486,#D16460,AB5921861 - BO3,gid://shopify/DraftOrder/1521250435438,#D24041,AB5921861 - BO3.2,,2,3,78.0,156.0,50.00,1,2,partial_instock_split,false
2026-05-14T17:33:32+00:00,gid://shopify/DraftOrder/1505254703470,#D16469,AB7709041 - BO3,gid://shopify/DraftOrder/1521250599278,#D24042,AB7709041 - BO3.2,,2,3,104.0,260.0,40.00,1,2,partial_instock_split,false
2026-05-14T17:33:50+00:00,gid://shopify/DraftOrder/1505254867310,#D16472,AB9650646 BO - BO3,gid://shopify/DraftOrder/1521250730350,#D24043,AB9650646 BO - BO3.2,,2,4,52.0,182.0,28.57,1,2,partial_instock_split,false
2026-05-14T17:34:08+00:00,gid://shopify/DraftOrder/1505254998382,#D16476,4751822-CL - BO3,gid://shopify/DraftOrder/1521250795886,#D24044,4751822-CL - BO3.2,,2,1,52.0,78.0,66.67,1,2,partial_instock_split,false
2026-05-14T17:34:20+00:00,gid://shopify/DraftOrder/1505255129454,#D16479,MA8823246 - BO3,gid://shopify/DraftOrder/1521250828654,#D24045,MA8823246 - BO3.2,,1,2,52.0,156.0,33.33,1,2,partial_instock_split,false
2026-05-14T17:34:43+00:00,gid://shopify/DraftOrder/1505255489902,#D16487,4536 - BO3,gid://shopify/DraftOrder/1521251025262,#D24046,4536 - BO3.2,,1,1,52.0,104.0,50.00,1,2,partial_instock_split,false
2026-05-14T17:35:57+00:00,gid://shopify/DraftOrder/1505257161070,#D16521,2803599-CL - BO3,gid://shopify/DraftOrder/1521251287406,#D24047,2803599-CL - BO3.2,,2,1,52.0,78.0,66.67,1,2,partial_instock_split,false
2026-05-14T17:36:25+00:00,gid://shopify/DraftOrder/1505257455982,#D16528,4668097-CL - BO3,gid://shopify/DraftOrder/1521251385710,#D24048,4668097-CL - BO3.2,,2,2,208.0,416.0,50.00,1,2,partial_instock_split,false
2026-05-14T17:37:19+00:00,gid://shopify/DraftOrder/1505258504558,#D16550,SF5835648 - BO3,gid://shopify/DraftOrder/1521251516782,#D24049,SF5835648 - BO3.2,,2,3,104.0,260.0,40.00,1,2,partial_instock_split,false
2026-05-14T17:37:38+00:00,gid://shopify/DraftOrder/1505258832238,#D16556,26016 - BO3,gid://shopify/DraftOrder/1521251582318,#D24050,26016 - BO3.2,,2,3,52.0,130.0,40.00,1,2,partial_instock_split,false
2026-05-14T17:38:23+00:00,gid://shopify/DraftOrder/1505259880814,#D16577,TJ5669845 - BO3,gid://shopify/DraftOrder/1521251713390,#D24051,TJ5669845 - BO3.2,,1,1,78.0,130.0,60.00,1,2,partial_instock_split,false
2026-05-14T17:38:41+00:00,gid://shopify/DraftOrder/1505260077422,#D16582,5708882-CL - BO3,gid://shopify/DraftOrder/1521251778926,#D24052,5708882-CL - BO3.2,,2,2,104.0,208.0,50.00,1,2,partial_instock_split,false
2026-05-14T17:39:21+00:00,gid://shopify/DraftOrder/1505282720110,#D16611,SF0361302N BO - BO3,gid://shopify/DraftOrder/1521252237678,#D24053,SF0361302N BO - BO3.2,,1,1,78.0,156.0,50.00,1,2,partial_instock_split,false
2026-05-14T17:39:45+00:00,gid://shopify/DraftOrder/1505283768686,#D16630,JM6850646  BO - BO3,gid://shopify/DraftOrder/1521252270446,#D24054,JM6850646  BO - BO3.2,,1,1,78.0,156.0,50.00,1,2,partial_instock_split,false
2026-05-14T17:40:31+00:00,gid://shopify/DraftOrder/1505284391278,#D16647,WMT013026CY - BO3,gid://shopify/DraftOrder/1521252401518,#D24055,WMT013026CY - BO3.2,,2,3,52.0,130.0,40.00,1,2,partial_instock_split,false
2026-05-14T17:41:10+00:00,gid://shopify/DraftOrder/1505285013870,#D16665,LG012226YF6 - BO3,gid://shopify/DraftOrder/1521252598126,#D24056,LG012226YF6 - BO3.2,,2,3,104.0,286.0,36.36,1,2,partial_instock_split,false
2026-05-14T17:41:28+00:00,gid://shopify/DraftOrder/1505285538158,#D16679,225226DE - BO3,gid://shopify/DraftOrder/1521252663662,#D24057,225226DE - BO3.2,,2,3,52.0,156.0,33.33,1,2,partial_instock_split,false
2026-05-14T17:41:46+00:00,gid://shopify/DraftOrder/1505285833070,#D16688,PO: PO-1943 BO - BO3,gid://shopify/DraftOrder/1521252794734,#D24058,PO: PO-1943 BO - BO3.2,,2,3,52.0,156.0,33.33,1,2,partial_instock_split,false
2026-05-14T17:42:03+00:00,gid://shopify/DraftOrder/1505286357358,#D16700,CCHG022326 - BO3,gid://shopify/DraftOrder/1521252893038,#D24059,CCHG022326 - BO3.2,,2,2,104.0,208.0,50.00,1,2,partial_instock_split,false
2026-05-14T17:42:16+00:00,gid://shopify/DraftOrder/1505286521198,#D16704,MM6106501 BO - BO3,gid://shopify/DraftOrder/1521252958574,#D24060,MM6106501 BO - BO3.2,,2,2,104.0,208.0,50.00,1,2,partial_instock_split,false
2026-05-14T17:42:38+00:00,gid://shopify/DraftOrder/1505286717806,#D16709,SF7993052P - BO3,gid://shopify/DraftOrder/1521253089646,#D24061,SF7993052P - BO3.2,2026-04-25,2,3,104.0,312.0,33.33,1,2,partial_instock_split,false
2026-05-14T17:43:29+00:00,gid://shopify/DraftOrder/1505287668078,#D16735,DE3348041 - BO3,gid://shopify/DraftOrder/1521253319022,#D24062,DE3348041 - BO3.2,,2,3,78.0,182.0,42.86,1,2,partial_instock_split,false
2026-05-14T17:43:47+00:00,gid://shopify/DraftOrder/1505287962990,#D16741,SH7599419 - BO3,gid://shopify/DraftOrder/1521253417326,#D24063,SH7599419 - BO3.2,,2,3,104.0,260.0,40.00,1,2,partial_instock_split,false
2026-05-14T17:44:16+00:00,gid://shopify/DraftOrder/1505288421742,#D16752,SH1727352 - BO3,gid://shopify/DraftOrder/1521253548398,#D24064,SH1727352 - BO3.2,,2,1,52.0,78.0,66.67,1,2,partial_instock_split,false
2026-05-14T17:44:55+00:00,gid://shopify/DraftOrder/1505288880494,#D16764,LL021226-SB  BO - BO3,gid://shopify/DraftOrder/1521253679470,#D24065,LL021226-SB  BO - BO3.2,,2,3,104.0,260.0,40.00,1,2,partial_instock_split,false
2026-05-14T17:46:04+00:00,gid://shopify/DraftOrder/1505289699694,#D16784,MM7738100 - BO3,gid://shopify/DraftOrder/1521253974382,#D24067,MM7738100 - BO3.2,,2,4,52.0,175.0,29.71,1,2,partial_instock_split,false
2026-05-14T17:46:23+00:00,gid://shopify/DraftOrder/1505289961838,#D16792,756007595B  BO - BO3,gid://shopify/DraftOrder/1521254105454,#D24068,756007595B  BO - BO3.2,,2,2,156.0,338.0,46.15,1,2,partial_instock_split,false
2026-05-14T17:46:46+00:00,gid://shopify/DraftOrder/1505290322286,#D16799,12826VT-LL-TGTG - BO3,gid://shopify/DraftOrder/1521254170990,#D24069,12826VT-LL-TGTG - BO3.2,,2,4,78.0,383.0,20.37,1,2,partial_instock_split,false
2026-05-14T17:47:10+00:00,gid://shopify/DraftOrder/1505290518894,#D16805,AB6905942  BO - BO3,gid://shopify/DraftOrder/1521254203758,#D24070,AB6905942  BO - BO3.2,,2,3,52.0,130.0,40.00,1,2,partial_instock_split,false
2026-05-14T17:48:02+00:00,gid://shopify/DraftOrder/1505291436398,#D16825,#VT2418260 - BO3,gid://shopify/DraftOrder/1521254400366,#D24071,#VT2418260 - BO3.2,,1,2,52.0,156.0,33.33,1,2,partial_instock_split,false
2026-05-14T17:48:20+00:00,gid://shopify/DraftOrder/1505291862382,#D16833,5035458-CL - BO3,gid://shopify/DraftOrder/1521254465902,#D24072,5035458-CL - BO3.2,,1,1,52.0,104.0,50.00,1,2,partial_instock_split,false
2026-05-14T17:48:54+00:00,gid://shopify/DraftOrder/1505292321134,#D16847,mini/ flart bo - BO3,gid://shopify/DraftOrder/1521254596974,#D24073,mini/ flart bo - BO3.2,,1,3,52.0,364.0,14.29,1,2,partial_instock_split,false
2026-05-14T17:49:17+00:00,gid://shopify/DraftOrder/1505292452206,#D16851,SB5714557  BO - BO3,gid://shopify/DraftOrder/1521254695278,#D24074,SB5714557  BO - BO3.2,,2,3,52.0,156.0,33.33,1,2,partial_instock_split,false
2026-05-14T17:49:36+00:00,gid://shopify/DraftOrder/1505292648814,#D16855,LN0226 BO - BO3,gid://shopify/DraftOrder/1521254793582,#D24075,LN0226 BO - BO3.2,,2,2,156.0,312.0,50.00,1,2,partial_instock_split,false
2026-05-14T17:50:18+00:00,gid://shopify/DraftOrder/1505293074798,#D16867,40340226 BO - BO3,gid://shopify/DraftOrder/1521254924654,#D24076,40340226 BO - BO3.2,,1,1,52.0,104.0,50.00,1,2,partial_instock_split,false
2026-05-14T17:50:48+00:00,gid://shopify/DraftOrder/1505293369710,#D16875,MM7738100-SC BO - BO3,gid://shopify/DraftOrder/1521255154030,#D24077,MM7738100-SC BO - BO3.2,,2,4,52.0,175.0,29.71,1,2,partial_instock_split,false
2026-05-14T17:51:22+00:00,gid://shopify/DraftOrder/1505294123374,#D16893,CCHG21826  BO - BO3,gid://shopify/DraftOrder/1521255350638,#D24078,CCHG21826  BO - BO3.2,,1,1,52.0,104.0,50.00,1,2,partial_instock_split,false
2026-05-14T17:51:33+00:00,gid://shopify/DraftOrder/1505294254446,#D16895,HT021726  BO - BO3,gid://shopify/DraftOrder/1521255416174,#D24079,HT021726  BO - BO3.2,,1,1,78.0,130.0,60.00,1,2,partial_instock_split,false
2026-05-14T17:51:55+00:00,gid://shopify/DraftOrder/1505294418286,#D16900,FLART/ MINI/ JOURNAL /GLITTER/SPIRAL - BO3,gid://shopify/DraftOrder/1521255547246,#D24080,FLART/ MINI/ JOURNAL /GLITTER/SPIRAL - BO3.2,,1,2,52.0,130.0,40.00,1,2,partial_instock_split,false
2026-05-14T17:52:14+00:00,gid://shopify/DraftOrder/1505294680430,#D16906,AB3059704,gid://shopify/DraftOrder/1521255612782,#D24081,AB3059704-BO,,2,3,52.0,130.0,40.00,0,1,partial_instock_split,false
2026-05-14T17:53:06+00:00,gid://shopify/DraftOrder/1505296351598,#D16947,CANDLES/ FLOWART BO - BO3,gid://shopify/DraftOrder/1521255940462,#D24082,CANDLES/ FLOWART BO - BO3.2,,2,2,78.0,149.0,52.35,1,2,partial_instock_split,false
2026-05-14T17:53:19+00:00,gid://shopify/DraftOrder/1505296580974,#D16952,CANDLES/ FLART BO - BO3,gid://shopify/DraftOrder/1521256071534,#D24083,CANDLES/ FLART BO - BO3.2,,2,3,78.0,175.0,44.57,1,2,partial_instock_split,false
2026-05-14T17:53:31+00:00,gid://shopify/DraftOrder/1505296679278,#D16955,LL226  BO - BO3,gid://shopify/DraftOrder/1521256104302,#D24084,LL226  BO - BO3.2,,2,1,468.0,702.0,66.67,1,2,partial_instock_split,false
2026-05-14T17:55:13+00:00,gid://shopify/DraftOrder/1505298284910,#D16988,Toy Fair BO - BO3,gid://shopify/DraftOrder/1521256431982,#D24085,Toy Fair BO - BO3.2,,2,3,104.0,338.0,30.77,1,2,partial_instock_split,false
2026-05-14T17:56:00+00:00,gid://shopify/DraftOrder/1505298776430,#D17002,BO4,gid://shopify/DraftOrder/1521256759662,#D24086,BO4.2,,2,1,104.0,208.0,50.00,1,2,partial_instock_split,false
2026-05-14T17:56:17+00:00,gid://shopify/DraftOrder/1505298907502,#D17006,Grigg's 2.20.2026 BO - BO3,gid://shopify/DraftOrder/1521256923502,#D24087,Grigg's 2.20.2026 BO - BO3.2,,1,2,52.0,156.0,33.33,1,2,partial_instock_split,false
2026-05-14T17:56:30+00:00,gid://shopify/DraftOrder/1505298973038,#D17008,JM2247804 - BO3,gid://shopify/DraftOrder/1521257021806,#D24088,JM2247804 - BO3.2,,1,2,234.0,702.0,33.33,1,2,partial_instock_split,false
2026-05-14T17:56:48+00:00,gid://shopify/DraftOrder/1505299136878,#D17012,DE3380977 - BO3,gid://shopify/DraftOrder/1521257185646,#D24089,DE3380977 - BO3.2,,2,4,208.0,565.0,36.81,1,2,partial_instock_split,false
2026-05-14T17:57:06+00:00,gid://shopify/DraftOrder/1505299399022,#D17018,LL021026-SB - BO3,gid://shopify/DraftOrder/1521257251182,#D24090,LL021026-SB - BO3.2,,2,3,104.0,260.0,40.00,1,2,partial_instock_split,false
2026-05-14T17:57:22+00:00,gid://shopify/DraftOrder/1505299562862,#D17021,SF15022654782 - BO3,gid://shopify/DraftOrder/1521257316718,#D24091,SF15022654782 - BO3.2,,1,3,52.0,182.0,28.57,1,2,partial_instock_split,false
2026-05-14T17:57:40+00:00,gid://shopify/DraftOrder/1505300119918,#D17029,MM7738100-HURR BO - BO3,gid://shopify/DraftOrder/1521257349486,#D24092,MM7738100-HURR BO - BO3.2,,2,4,52.0,175.0,29.71,1,2,partial_instock_split,false
2026-05-14T17:57:58+00:00,gid://shopify/DraftOrder/1505300414830,#D17036,LSKR3669840 BO - BO3,gid://shopify/DraftOrder/1521257447790,#D24093,LSKR3669840 BO - BO3.2,,2,2,78.0,182.0,42.86,1,2,partial_instock_split,false
2026-05-14T17:58:23+00:00,gid://shopify/DraftOrder/1505300644206,#D17040,AB4047635 - BO3,gid://shopify/DraftOrder/1521257578862,#D24094,AB4047635 - BO3.2,,2,3,104.0,260.0,40.00,1,2,partial_instock_split,false
2026-05-14T17:58:48+00:00,gid://shopify/DraftOrder/1505301070190,#D17048,2122026 - BO3,gid://shopify/DraftOrder/1521257775470,#D24095,2122026 - BO3.2,,2,3,52.0,130.0,40.00,1,2,partial_instock_split,false
2026-05-14T17:59:01+00:00,gid://shopify/DraftOrder/1505301397870,#D17056,DE6054387 - BO3,gid://shopify/DraftOrder/1521257841006,#D24096,DE6054387 - BO3.2,,1,3,52.0,208.0,25.00,1,2,partial_instock_split,false
2026-05-14T17:59:13+00:00,gid://shopify/DraftOrder/1505301561710,#D17060,16367 BO - BO3,gid://shopify/DraftOrder/1521257906542,#D24097,16367 BO - BO3.2,,2,3,78.0,201.0,38.81,1,2,partial_instock_split,false
2026-05-14T17:59:35+00:00,gid://shopify/DraftOrder/1505301692782,#D17064,Stacys BO - BO3,gid://shopify/DraftOrder/1521257972078,#D24098,Stacys BO - BO3.2,,2,3,312.0,780.0,40.00,1,2,partial_instock_split,false
2026-05-14T18:00:21+00:00,gid://shopify/DraftOrder/1505302708590,#D17085,8225 - BO3,gid://shopify/DraftOrder/1521258201454,#D24099,8225 - BO3.2,,1,2,52.0,182.0,28.57,1,2,partial_instock_split,false
2026-05-14T18:00:39+00:00,gid://shopify/DraftOrder/1505302872430,#D17090,LL020326-Sb - BO3,gid://shopify/DraftOrder/1521258234222,#D24100,LL020326-Sb - BO3.2,,2,3,78.0,156.0,50.00,1,2,partial_instock_split,false
2026-05-14T18:01:15+00:00,gid://shopify/DraftOrder/1505303462254,#D17099,12926DE - BO3,gid://shopify/DraftOrder/1521258398062,#D24101,12926DE - BO3.2,,2,4,52.0,201.0,25.87,1,2,partial_instock_split,false
2026-05-14T18:02:01+00:00,gid://shopify/DraftOrder/1505304281454,#D17117,BW012126 - BO3,gid://shopify/DraftOrder/1521258725742,#D24102,BW012126 - BO3.2,,2,3,104.0,208.0,50.00,1,2,partial_instock_split,false
2026-05-14T18:04:28+00:00,gid://shopify/DraftOrder/1505306804590,#D17173,MA7143256 - BO3,gid://shopify/DraftOrder/1521260233070,#D24103,MA7143256 - BO3.2,,1,1,52.0,78.0,66.67,1,2,partial_instock_split,false
2026-05-14T18:04:51+00:00,gid://shopify/DraftOrder/1505306935662,#D17177,GP3208033 - BO3,gid://shopify/DraftOrder/1521260298606,#D24104,GP3208033 - BO3.2,,1,1,78.0,156.0,50.00,1,2,partial_instock_split,false
2026-05-14T18:05:10+00:00,gid://shopify/DraftOrder/1505307066734,#D17180,GP3208033 - BO3,gid://shopify/DraftOrder/1521260331374,#D24105,GP3208033 - BO3.2,,1,3,52.0,208.0,25.00,1,2,partial_instock_split,false
2026-05-14T18:05:39+00:00,gid://shopify/DraftOrder/1505307394414,#D17186,LL012826CY - BO3,gid://shopify/DraftOrder/1521260495214,#D24106,LL012826CY - BO3.2,,2,3,104.0,286.0,36.36,1,2,partial_instock_split,false
2026-05-14T18:05:57+00:00,gid://shopify/DraftOrder/1505307623790,#D17192,VT7723097 - BO3,gid://shopify/DraftOrder/1521260691822,#D24107,VT7723097 - BO3.2,,2,2,78.0,130.0,60.00,1,2,partial_instock_split,false
2026-05-14T18:06:50+00:00,gid://shopify/DraftOrder/1505308082542,#D17202,LL012826-SB - BO3,gid://shopify/DraftOrder/1521260953966,#D24108,LL012826-SB - BO3.2,,2,3,156.0,390.0,40.00,1,2,partial_instock_split,false
2026-05-14T18:07:08+00:00,gid://shopify/DraftOrder/1505308213614,#D17206,KF9526 - BO3,gid://shopify/DraftOrder/1521261117806,#D24109,KF9526 - BO3.2,,2,1,78.0,130.0,60.00,1,2,partial_instock_split,false
2026-05-14T18:07:55+00:00,gid://shopify/DraftOrder/1505309098350,#D17226,1282026 - BO3,gid://shopify/DraftOrder/1521261379950,#D24110,1282026 - BO3.2,,2,1,104.0,156.0,66.67,1,2,partial_instock_split,false
2026-05-14T18:08:14+00:00,gid://shopify/DraftOrder/1505309294958,#D17229,MM6902237 - BO3,gid://shopify/DraftOrder/1521261445486,#D24111,MM6902237 - BO3.2,,2,2,104.0,208.0,50.00,1,2,partial_instock_split,false
2026-05-14T18:09:00+00:00,gid://shopify/DraftOrder/1505309983086,#D17248,01.27.26 BO - BO3,gid://shopify/DraftOrder/1521261805934,#D24112,01.27.26 BO - BO3.2,,2,3,52.0,130.0,40.00,1,2,partial_instock_split,false
2026-05-14T18:09:17+00:00,gid://shopify/DraftOrder/1505310081390,#D17251,K009 - BO3,gid://shopify/DraftOrder/1521261904238,#D24113,K009 - BO3.2,,1,2,52.0,156.0,33.33,1,2,partial_instock_split,false
2026-05-14T18:09:41+00:00,gid://shopify/DraftOrder/1505310212462,#D17255,JC6713771 - BO3,gid://shopify/DraftOrder/1521262068078,#D24114,JC6713771 - BO3.2,,1,1,52.0,104.0,50.00,1,2,partial_instock_split,false
2026-05-14T18:09:52+00:00,gid://shopify/DraftOrder/1505310474606,#D17262,1506 - BO3,gid://shopify/DraftOrder/1521262133614,#D24115,1506 - BO3.2,,1,3,52.0,182.0,28.57,1,2,partial_instock_split,false
2026-05-14T18:10:11+00:00,gid://shopify/DraftOrder/1505310671214,#D17268,KH3268994 - BO3,gid://shopify/DraftOrder/1521262199150,#D24116,KH3268994 - BO3.2,,1,3,52.0,182.0,28.57,1,2,partial_instock_split,false
2026-05-14T18:10:30+00:00,gid://shopify/DraftOrder/1505382793582,#D17299,MM7148432 - BO3,gid://shopify/DraftOrder/1521262362990,#D24117,MM7148432 - BO3.2,,2,3,104.0,364.0,28.57,1,2,partial_instock_split,false
2026-05-14T18:13:16+00:00,gid://shopify/DraftOrder/1505496662382,#D17417,LL022626-SB  BO - BO3,gid://shopify/DraftOrder/1521262756206,#D24118,LL022626-SB  BO - BO3.2,,2,4,104.0,350.0,29.71,1,2,partial_instock_split,false
2026-05-14T18:13:46+00:00,gid://shopify/DraftOrder/1505497022830,#D17426,HVHG022826 BO - BO3,gid://shopify/DraftOrder/1521262952814,#D24119,HVHG022826 BO - BO3.2,,2,1,52.0,78.0,66.67,1,2,partial_instock_split,false
2026-05-14T18:13:56+00:00,gid://shopify/DraftOrder/1505503379822,#D17429,324669 - BO3,gid://shopify/DraftOrder/1521262985582,#D24120,324669 - BO3.2,,1,3,886.60,3546.40,25.00,1,2,partial_instock_split,false
2026-05-14T18:15:05+00:00,gid://shopify/DraftOrder/1505504887150,#D17462,2061 - BO3,gid://shopify/DraftOrder/1521263247726,#D24121,2061 - BO3.2,,2,1,52.0,78.0,66.67,1,2,partial_instock_split,false
2026-05-14T18:19:33+00:00,gid://shopify/DraftOrder/1505585398126,#D17584,PJ1720707 - BO3,gid://shopify/DraftOrder/1521264525678,#D24122,PJ1720707 - BO3.2,,2,2,104.0,182.0,57.14,1,2,partial_instock_split,false
2026-05-14T18:19:50+00:00,gid://shopify/DraftOrder/1505609875822,#D17593,PJ9557098 - BO3,gid://shopify/DraftOrder/1521264623982,#D24123,PJ9557098 - BO3.2,,2,3,104.0,208.0,50.00,1,2,partial_instock_split,false
2026-05-14T18:21:05+00:00,gid://shopify/DraftOrder/1505681113454,#D17634,NK5950784 BO - BO3,gid://shopify/DraftOrder/1521265082734,#D24124,NK5950784 BO - BO3.2,,1,3,52.0,208.0,25.00,1,2,partial_instock_split,false
2026-05-14T18:21:41+00:00,gid://shopify/DraftOrder/1505681473902,#D17642,EF7411154 - BO3,gid://shopify/DraftOrder/1521265181038,#D24125,EF7411154 - BO3.2,,2,2,156.0,312.0,50.00,1,2,partial_instock_split,false
2026-05-14T18:22:17+00:00,gid://shopify/DraftOrder/1505736950126,#D17659,AB8710009 - BO3,gid://shopify/DraftOrder/1521265246574,#D24126,AB8710009 - BO3.2,,2,3,52.0,130.0,40.00,1,2,partial_instock_split,false
2026-05-14T18:22:53+00:00,gid://shopify/DraftOrder/1505805566318,#D17682,UPHG31026 - BO3,gid://shopify/DraftOrder/1521265344878,#D24127,UPHG31026 - BO3.2,,2,2,104.0,208.0,50.00,1,2,partial_instock_split,false
2026-05-14T18:24:02+00:00,gid://shopify/DraftOrder/1505921466734,#D17772,3926DE - BO3,gid://shopify/DraftOrder/1521266393454,#D24128,3926DE - BO3.2,,2,3,104.0,234.0,44.44,1,2,partial_instock_split,false
2026-05-14T18:24:31+00:00,gid://shopify/DraftOrder/1506246558062,#D17914,SF2723338 - BO3,gid://shopify/DraftOrder/1521266524526,#D24129,SF2723338 - BO3.2,,2,3,78.0,234.0,33.33,1,2,partial_instock_split,false
2026-05-14T18:26:07+00:00,gid://shopify/DraftOrder/1506462892398,#D18141,MPHG31726 - BO3,gid://shopify/DraftOrder/1521267573102,#D24130,MPHG31726 - BO3.2,,1,1,52.0,104.0,50.00,1,2,partial_instock_split,false
2026-05-14T18:26:47+00:00,gid://shopify/DraftOrder/1506538717550,#D18168,JK2109372 BO - BO3,gid://shopify/DraftOrder/1521267704174,#D24131,JK2109372 BO - BO3.2,,2,1,52.0,78.0,66.67,1,2,partial_instock_split,false
2026-05-14T18:27:23+00:00,gid://shopify/DraftOrder/1506629321070,#D18193,SCHG3182026 - BO3,gid://shopify/DraftOrder/1521267900782,#D24132,SCHG3182026 - BO3.2,,2,2,52.0,104.0,50.00,1,2,partial_instock_split,false
2026-05-14T18:28:09+00:00,gid://shopify/DraftOrder/1506721661294,#D18328,AB6566733 BO - BO3,gid://shopify/DraftOrder/1521268195694,#D24133,AB6566733 BO - BO3.2,,1,1,52.0,104.0,50.00,1,2,partial_instock_split,false
2026-05-14T18:29:18+00:00,gid://shopify/DraftOrder/1507022111086,#D18390,LL021726CY - BO3,gid://shopify/DraftOrder/1521268785518,#D24134,LL021726CY - BO3.2,,2,4,52.0,156.0,33.33,1,2,partial_instock_split,false
2026-05-14T18:29:37+00:00,gid://shopify/DraftOrder/1507389931886,#D18409,grass / flart/ blue candle,gid://shopify/DraftOrder/1521268818286,#D24135,grass / flart/ blue candle-BO,,3,4,78.0,182.0,42.86,0,1,partial_instock_split,false
2026-05-14T18:30:00+00:00,gid://shopify/DraftOrder/1507483156846,#D18502,BACKORDER-3,gid://shopify/DraftOrder/1521268883822,#D24136,BACKORDER-3-BO,,2,3,52.0,130.0,40.00,0,1,partial_instock_split,false
2026-05-14T18:30:18+00:00,gid://shopify/DraftOrder/1507506225518,#D18511,CCHG322226 - BO3,gid://shopify/DraftOrder/1521268949358,#D24137,CCHG322226 - BO3.2,,1,2,78.0,234.0,33.33,1,2,partial_instock_split,false
2026-05-14T18:30:30+00:00,gid://shopify/DraftOrder/1507506291054,#D18513,PRHG032326 - BO3,gid://shopify/DraftOrder/1521269014894,#D24138,PRHG032326 - BO3.2,,2,2,52.0,104.0,50.00,1,2,partial_instock_split,false
2026-05-14T18:32:17+00:00,gid://shopify/DraftOrder/1507883680110,#D18629,MM7981651 BO - BO3,gid://shopify/DraftOrder/1521269473646,#D24139,MM7981651 BO - BO3.2,,1,2,104.0,416.0,25.00,1,2,partial_instock_split,false
2026-05-14T18:33:34+00:00,gid://shopify/DraftOrder/1508015440238,#D18673,LG010926BB - BO3,gid://shopify/DraftOrder/1521269899630,#D24140,LG010926BB - BO3.2,,1,3,52.0,208.0,25.00,1,2,partial_instock_split,false
2026-05-14T18:34:43+00:00,gid://shopify/DraftOrder/1508128555374,#D18698,DE3978134 BO - BO3,gid://shopify/DraftOrder/1521270391150,#D24141,DE3978134 BO - BO3.2,,2,4,52.0,156.0,33.33,1,2,partial_instock_split,false
2026-05-14T18:36:21+00:00,gid://shopify/DraftOrder/1508169515374,#D18794,LL22526 - BO3,gid://shopify/DraftOrder/1521270718830,#D24142,LL22526 - BO3.2,2026-02-25,1,1,52.0,104.0,50.00,1,2,partial_instock_split,false
2026-05-14T18:38:09+00:00,gid://shopify/DraftOrder/1508170924398,#D18819,LFN050126 BO - BO3 / MAy,gid://shopify/DraftOrder/1521271177582,#D24143,LFN050126 BO - BO3 / MAy-BO,,2,3,52.0,156.0,33.33,0,1,partial_instock_split,false
2026-05-14T18:38:33+00:00,gid://shopify/DraftOrder/1508189307246,#D18829,SP8829890 - BO3,gid://shopify/DraftOrder/1521271341422,#D24144,SP8829890 - BO3.2,,2,3,104.0,253.0,41.11,1,2,partial_instock_split,false
2026-05-14T18:41:39+00:00,gid://shopify/DraftOrder/1508249862510,#D18903,OSHG032526 - BO3,gid://shopify/DraftOrder/1521272586606,#D24145,OSHG032526 - BO3.2,2026-03-25,2,2,104.0,208.0,50.00,1,2,partial_instock_split,false
2026-05-14T18:42:19+00:00,gid://shopify/DraftOrder/1508260577646,#D18911,DL8902088 - BO3,gid://shopify/DraftOrder/1521272979822,#D24146,DL8902088 - BO3.2,,2,3,78.0,234.0,33.33,1,2,partial_instock_split,false
2026-05-14T18:42:37+00:00,gid://shopify/DraftOrder/1508260643182,#D18913,KM3244434 - BO3,gid://shopify/DraftOrder/1521273143662,#D24147,KM3244434 - BO3.2,,1,1,78.0,156.0,50.00,1,2,partial_instock_split,false
2026-05-14T18:44:30+00:00,gid://shopify/DraftOrder/1508366418286,#D18946,CB4751-MAL - BO3,gid://shopify/DraftOrder/1521274683758,#D24148,CB4751-MAL - BO3.2,2026-01-05,2,1,104.0,156.0,66.67,1,2,partial_instock_split,false
2026-05-14T18:44:47+00:00,gid://shopify/DraftOrder/1508366647662,#D18948,CB4407-MON - BO3,gid://shopify/DraftOrder/1521275142510,#D24149,CB4407-MON - BO3.2,2026-01-05,2,1,104.0,156.0,66.67,1,2,partial_instock_split,false
2026-05-14T18:45:05+00:00,gid://shopify/DraftOrder/1508366713198,#D18950,CB7570-SAN - BO3,gid://shopify/DraftOrder/1521275470190,#D24150,CB7570-SAN - BO3.2,2026-01-05,2,1,104.0,156.0,66.67,1,2,partial_instock_split,false
2026-05-20T21:36:50+00:00,gid://shopify/DraftOrder/1513240625518,#D20972,SP4749256 - BO1,gid://shopify/DraftOrder/1522803474798,#D24598,SP4749256 - BO1.2,2026-04-15,7,1,171.0,197.0,86.80,1,2,partial_instock_split,false
2026-05-20T21:37:16+00:00,gid://shopify/DraftOrder/1513296068974,#D20996,JM6110065 - BO1,gid://shopify/DraftOrder/1522803540334,#D24599,JM6110065 - BO1.2,2026-04-14,7,1,171.0,197.0,86.80,1,2,partial_instock_split,false
2026-05-20T21:40:36+00:00,gid://shopify/DraftOrder/1515060756846,#D21603,Sunshine 4.20.2026 - BO1,gid://shopify/DraftOrder/1522804326766,#D24600,Sunshine 4.20.2026 - BO1.2,,5,3,105.0,345.0,30.43,1,2,partial_instock_split,false
2026-05-20T21:40:53+00:00,gid://shopify/DraftOrder/1515074290030,#D21679,025894 - BO1,gid://shopify/DraftOrder/1522804490606,#D24601,025894 - BO1.2,2026-04-20,7,1,216.0,242.0,89.26,1,2,partial_instock_split,false
2026-05-20T21:41:14+00:00,gid://shopify/DraftOrder/1515074519406,#D21684,NK9488392 - BO1,gid://shopify/DraftOrder/1522804621678,#D24602,NK9488392 - BO1.2,2026-04-20,7,1,126.0,126.0,100.00,1,2,partial_instock_split,false
2026-05-20T21:42:15+00:00,gid://shopify/DraftOrder/1515938218350,#D22510,JP6015899 - BO1,gid://shopify/DraftOrder/1522804785518,#D24603,JP6015899 - BO1.2,2026-04-20,7,1,252.0,278.0,90.65,1,2,partial_instock_split,false
2026-05-20T21:42:31+00:00,gid://shopify/DraftOrder/1515971576174,#D22516,6084650 - BO1,gid://shopify/DraftOrder/1522804916590,#D24604,6084650 - BO1.2,2026-04-23,8,1,126.0,126.0,100.00,1,2,partial_instock_split,false
2026-05-20T21:43:50+00:00,gid://shopify/DraftOrder/1516319801710,#D22573,VB3249927 - BO1,gid://shopify/DraftOrder/1522805244270,#D24605,VB3249927 - BO1.2,2026-04-23,9,1,168.0,168.0,100.00,1,2,partial_instock_split,false
2026-05-20T21:45:54+00:00,gid://shopify/DraftOrder/1517563085166,#D22845,CS3834 - BO1,gid://shopify/DraftOrder/1522805440878,#D24606,CS3834 - BO1.2,2026-04-28,7,6,171.0,499.0,34.27,1,2,partial_instock_split,false
2026-05-20T21:46:30+00:00,gid://shopify/DraftOrder/1517698941294,#D22881,JM5779841 - BO1,gid://shopify/DraftOrder/1522805571950,#D24607,JM5779841 - BO1.2,2026-04-27,6,2,231.0,323.0,71.52,1,2,partial_instock_split,false
2026-05-20T21:46:41+00:00,gid://shopify/DraftOrder/1517698974062,#D22882,RD5275948 - BO1,gid://shopify/DraftOrder/1522805604718,#D24608,RD5275948 - BO1.2,2026-04-27,6,1,252.0,252.0,100.00,1,2,partial_instock_split,false
2026-05-20T21:47:49+00:00,gid://shopify/DraftOrder/1517976093038,#D23188,3-400241 - BO1,gid://shopify/DraftOrder/1522805801326,#D24609,3-400241 - BO1.2,2026-04-30,5,1,210.0,366.0,57.38,1,2,partial_instock_split,false
2026-05-20T21:48:32+00:00,gid://shopify/DraftOrder/1517976879470,#D23201,VT1474449 - BO1,gid://shopify/DraftOrder/1522805997934,#D24610,VT1474449 - BO1.2,2026-05-01,7,1,252.0,278.0,90.65,1,2,partial_instock_split,false
2026-05-20T21:48:53+00:00,gid://shopify/DraftOrder/1517976977774,#D23204,GP6471013 - BO1,gid://shopify/DraftOrder/1522806096238,#D24611,GP6471013 - BO1.2,2026-05-01,9,3,171.0,221.0,77.38,1,2,partial_instock_split,false
2026-05-20T21:49:09+00:00,gid://shopify/DraftOrder/1517977076078,#D23206,MB1989195 - BO1,gid://shopify/DraftOrder/1522806325614,#D24612,MB1989195 - BO1.2,2026-05-01,8,2,126.0,192.0,65.62,1,2,partial_instock_split,false
2026-05-20T21:49:35+00:00,gid://shopify/DraftOrder/1518406795630,#D23268,LFN0502NK - BO1,gid://shopify/DraftOrder/1522806456686,#D24613,LFN0502NK - BO1.2,2026-05-02,6,1,378.0,456.0,82.89,1,2,partial_instock_split,false
2026-05-20T21:50:16+00:00,gid://shopify/DraftOrder/1518632993134,#D23303,CS1044121 - BO1,gid://shopify/DraftOrder/1522806587758,#D24614,CS1044121 - BO1.2,2026-05-03,6,2,423.0,492.0,85.98,1,2,partial_instock_split,false
2026-05-20T21:50:32+00:00,gid://shopify/DraftOrder/1518633222510,#D23309,LA4976330 - BO1,gid://shopify/DraftOrder/1522806620526,#D24615,LA4976330 - BO1.2,2026-04-28,7,1,126.0,178.0,70.79,1,2,partial_instock_split,false
2026-05-20T21:50:54+00:00,gid://shopify/DraftOrder/1518725693806,#D23322,JE9506554 - BO1,gid://shopify/DraftOrder/1522806653294,#D24616,JE9506554 - BO1.2,2026-05-04,6,2,126.0,192.0,65.62,1,2,partial_instock_split,false
2026-05-20T21:56:07+00:00,gid://shopify/DraftOrder/1520741351790,#D23760,JT1666114,gid://shopify/DraftOrder/1522807636334,#D24617,JT1666114-BO,2026-05-07,13,1,316.0,342.0,92.40,0,1,partial_instock_split,false
2026-05-20T21:56:20+00:00,gid://shopify/DraftOrder/1520741745006,#D23768,JM7872325,gid://shopify/DraftOrder/1522807701870,#D24618,JM7872325-BO,2026-05-12,19,1,802.0,854.0,93.91,0,1,partial_instock_split,false
2026-05-20T21:57:36+00:00,gid://shopify/DraftOrder/1520815898990,#D23855,PP-3184,gid://shopify/DraftOrder/1522807996782,#D24619,PP-3184-BO,2026-05-21,14,6,334.0,516.0,64.73,0,1,partial_instock_split,false
2026-05-20T22:00:50+00:00,gid://shopify/DraftOrder/1521294213486,#D24174,CMF051426 - BO1,gid://shopify/DraftOrder/1522808652142,#D24620,CMF051426 - BO1.2,2026-05-14,2,3,120.0,304.0,39.47,1,2,partial_instock_split,false
2026-05-20T22:01:44+00:00,gid://shopify/DraftOrder/1521360863598,#D24209,DW6894733 - BO1,gid://shopify/DraftOrder/1522809012590,#D24621,DW6894733 - BO1.2,2026-05-14,2,3,272.0,860.0,31.63,1,2,partial_instock_split,false
2026-05-20T22:02:49+00:00,gid://shopify/DraftOrder/1521600692590,#D24259,AB7095089 - BO1,gid://shopify/DraftOrder/1522809405806,#D24622,AB7095089 - BO1.2,2026-05-13,2,2,120.0,276.0,43.48,1,2,partial_instock_split,false
2026-05-20T22:03:33+00:00,gid://shopify/DraftOrder/1522186158446,#D24287,051826LiLi BO,gid://shopify/DraftOrder/1522809733486,#D24623,051826LiLi BO.2,,3,1,136.0,176.0,77.27,1,2,partial_instock_split,false
2026-05-20T22:05:21+00:00,gid://shopify/DraftOrder/1522779488622,#D24563,9866-41062-AR,gid://shopify/DraftOrder/1522810290542,#D24624,9866-41062-AR-BO,2026-05-26,16,2,1022.0,1164.0,87.80,0,1,partial_instock_split,false
2026-05-20T22:05:33+00:00,gid://shopify/DraftOrder/1522779586926,#D24565,9846-41072-AR,gid://shopify/DraftOrder/1522810323310,#D24625,9846-41072-AR-BO,2026-05-26,15,1,932.0,984.0,94.72,0,1,partial_instock_split,false
2026-05-20T22:05:46+00:00,gid://shopify/DraftOrder/1522779619694,#D24566,9891-41056-AR,gid://shopify/DraftOrder/1522810356078,#D24626,9891-41056-AR-BO,2026-05-26,16,2,1533.0,1746.0,87.80,0,1,partial_instock_split,false
2026-05-20T22:05:59+00:00,gid://shopify/DraftOrder/1522779652462,#D24567,9886-41058-AR,gid://shopify/DraftOrder/1522810519918,#D24627,9886-41058-AR-BO,2026-05-26,16,2,1022.0,1164.0,87.80,0,1,partial_instock_split,false
2026-05-21T17:23:10+00:00,gid://shopify/DraftOrder/1521293885806,#D24168,MM6827327 - BO1,gid://shopify/DraftOrder/1523007095150,#D24658,MM6827327 - BO1.2,2026-05-14,3,1,125.0,177.0,70.62,1,2,partial_instock_split,false
2026-05-25T16:48:50+00:00,gid://shopify/DraftOrder/1517832470894,#D23122,BE2545339,gid://shopify/DraftOrder/1523795296622,#D24734,BE2545339-BO,2026-04-27,12,1,390.0,442.0,88.24,0,1,partial_instock_split,false
2026-05-25T16:49:59+00:00,gid://shopify/DraftOrder/1517975634286,#D23184,JB1231836,gid://shopify/DraftOrder/1523795689838,#D24735,JB1231836-BO,2026-04-30,18,1,554.5,580.5,95.52,0,1,partial_instock_split,false
2026-05-25T16:53:39+00:00,gid://shopify/DraftOrder/1519018213742,#D23427,DE6215693,gid://shopify/DraftOrder/1523796705646,#D24736,DE6215693-BO,2026-05-04,17,1,780.0,832.0,93.75,0,1,partial_instock_split,false
2026-05-25T16:54:32+00:00,gid://shopify/DraftOrder/1519063466350,#D23449,DS4060050,gid://shopify/DraftOrder/1523796803950,#D24737,DS4060050-BO,2026-05-15,17,2,601.0,674.0,89.17,0,1,partial_instock_split,false
2026-05-25T16:55:00+00:00,gid://shopify/DraftOrder/1519268823406,#D23475,MH6395938,gid://shopify/DraftOrder/1523796836718,#D24738,MH6395938-BO,2026-05-06,9,1,418.0,460.0,90.87,0,1,partial_instock_split,false
2026-05-25T16:55:13+00:00,gid://shopify/DraftOrder/1519318663534,#D23489,VB2540096,gid://shopify/DraftOrder/1523796935022,#D24739,VB2540096-BO,2026-05-06,9,2,590.0,705.0,83.69,0,1,partial_instock_split,false
2026-05-25T16:55:50+00:00,gid://shopify/DraftOrder/1519514026350,#D23521,LG6574698,gid://shopify/DraftOrder/1523797098862,#D24740,LG6574698-BO,2026-05-07,13,2,610.0,709.0,86.04,0,1,partial_instock_split,false
2026-05-25T16:56:02+00:00,gid://shopify/DraftOrder/1519577891182,#D23534,NOVAN886,gid://shopify/DraftOrder/1523797393774,#D24741,NOVAN886-BO,2026-05-06,13,2,550.0,618.0,89.00,0,1,partial_instock_split,false
2026-05-25T16:56:15+00:00,gid://shopify/DraftOrder/1519578055022,#D23536,1323,gid://shopify/DraftOrder/1523797426542,#D24742,1323-BO,2026-05-07,14,2,888.0,1008.0,88.10,0,1,partial_instock_split,false
2026-05-25T16:57:31+00:00,gid://shopify/DraftOrder/1519991226734,#D23616,751050520,gid://shopify/DraftOrder/1523797688686,#D24743,751050520-BO,2026-05-08,20,1,537.0,558.0,96.24,0,1,partial_instock_split,false
2026-05-25T16:58:00+00:00,gid://shopify/DraftOrder/1520435003758,#D23631,9333,gid://shopify/DraftOrder/1523797754222,#D24744,9333-BO,,9,1,626.0,704.0,88.92,0,1,partial_instock_split,false
2026-05-25T16:59:31+00:00,gid://shopify/DraftOrder/1520649994606,#D23715,AF4222059,gid://shopify/DraftOrder/1523798114670,#D24745,AF4222059-BO,2026-05-12,11,1,506.0,548.0,92.34,0,1,partial_instock_split,false
2026-05-25T17:00:03+00:00,gid://shopify/DraftOrder/1520741417326,#D23762,4493,gid://shopify/DraftOrder/1523798212974,#D24746,4493-BO,2026-05-12,16,2,1251.0,1392.0,89.87,0,1,partial_instock_split,false
2026-05-25T17:01:36+00:00,gid://shopify/DraftOrder/1520776282478,#D23848,JM5779841-BO,gid://shopify/DraftOrder/1523798540654,#D24747,JM5779841-BO.2,2026-04-27,19,1,1030.0,1056.0,97.54,1,2,partial_instock_split,false
2026-05-25T17:01:51+00:00,gid://shopify/DraftOrder/1520776839534,#D23849,CS1044121-BO,gid://shopify/DraftOrder/1523798573422,#D24748,CS1044121-BO.2,2026-05-03,11,1,590.0,642.0,91.90,1,2,partial_instock_split,false
2026-05-25T17:02:04+00:00,gid://shopify/DraftOrder/1520800760174,#D23854,VT9049106-BO,gid://shopify/DraftOrder/1523798671726,#D24749,VT9049106-BO.2,2026-05-07,10,1,416.0,468.0,88.89,1,2,partial_instock_split,false
2026-05-25T17:03:32+00:00,gid://shopify/DraftOrder/1521094328686,#D23932,VB8434706,gid://shopify/DraftOrder/1523799294318,#D24750,VB8434706-BO,2026-05-12,19,2,667.0,740.0,90.14,0,1,partial_instock_split,false
2026-05-25T17:04:31+00:00,gid://shopify/DraftOrder/1521143972206,#D23949,50340526,gid://shopify/DraftOrder/1523799687534,#D24751,50340526-BO,2026-05-07,16,1,928.0,970.0,95.67,0,1,partial_instock_split,false
2026-05-25T17:04:50+00:00,gid://shopify/DraftOrder/1521150919022,#D23952,,gid://shopify/DraftOrder/1523799785838,#D24752,BO,,15,2,370.0,417.0,88.73,0,1,partial_instock_split,false
2026-05-25T17:05:12+00:00,gid://shopify/DraftOrder/1521293066606,#D24151,CMF051426,gid://shopify/DraftOrder/1523799949678,#D24754,CMF051426-BO,2026-05-14,18,2,922.0,1016.0,90.75,0,1,partial_instock_split,false
2026-05-25T17:05:26+00:00,gid://shopify/DraftOrder/1521293132142,#D24153,MM6827327,gid://shopify/DraftOrder/1523800113518,#D24756,MM6827327-BO,2026-05-14,15,2,656.0,729.0,89.99,0,1,partial_instock_split,false
2026-05-25T17:05:39+00:00,gid://shopify/DraftOrder/1521293164910,#D24154,8269147-BF,gid://shopify/DraftOrder/1523800179054,#D24757,8269147-BF-BO,2026-05-14,12,2,355.0,402.0,88.31,0,1,partial_instock_split,false
2026-05-25T17:05:52+00:00,gid://shopify/DraftOrder/1521293263214,#D24156,PK1675651,gid://shopify/DraftOrder/1523800244590,#D24758,PK1675651-BO,2026-05-14,16,2,580.0,653.0,88.82,0,1,partial_instock_split,false
2026-05-25T17:06:06+00:00,gid://shopify/DraftOrder/1521293295982,#D24157,CF434,gid://shopify/DraftOrder/1523800408430,#D24759,CF434-BO,2026-05-14,15,2,436.0,504.0,86.51,0,1,partial_instock_split,false
2026-05-25T17:07:46+00:00,gid://shopify/DraftOrder/1521360011630,#D24196,DW6894733,gid://shopify/DraftOrder/1523800867182,#D24760,DW6894733-BO,2026-05-14,21,1,4500.0,4668.0,96.40,0,1,partial_instock_split,false
2026-05-25T17:08:46+00:00,gid://shopify/DraftOrder/1521409917294,#D24219,HT050526,gid://shopify/DraftOrder/1523801063790,#D24761,HT050526-BO,2026-05-05,14,2,386.0,433.0,89.15,0,1,partial_instock_split,false
2026-05-25T17:09:35+00:00,gid://shopify/DraftOrder/1521599644014,#D24250,AB7095089,gid://shopify/DraftOrder/1523801227630,#D24762,AB7095089-BO,2026-05-13,16,3,950.0,1084.0,87.64,0,1,partial_instock_split,false
2026-05-25T17:10:17+00:00,gid://shopify/DraftOrder/1521951736174,#D24270,MA8711607,gid://shopify/DraftOrder/1523801391470,#D24763,MA8711607-BO,2026-05-16,9,1,359.0,411.0,87.35,0,1,partial_instock_split,false
2026-05-25T17:11:09+00:00,gid://shopify/DraftOrder/1522252743022,#D24314,LG5919312,gid://shopify/DraftOrder/1523801751918,#D24764,LG5919312-BO,2026-05-18,7,1,234.0,260.0,90.00,0,1,partial_instock_split,false
2026-05-25T17:11:55+00:00,gid://shopify/DraftOrder/1522745606510,#D24538,2138,gid://shopify/DraftOrder/1523801915758,#D24765,2138-BO,,14,2,339.0,386.0,87.82,0,1,partial_instock_split,false
2026-05-25T17:15:07+00:00,gid://shopify/DraftOrder/1522807701870,#D24618,JM7872325-BO,gid://shopify/DraftOrder/1523802210670,#D24766,JM7872325-BO.2,2026-05-12,17,2,729.0,802.0,90.90,1,2,partial_instock_split,false
2026-05-25T17:15:37+00:00,gid://shopify/DraftOrder/1523009192302,#D24659,PLMAY26-VT,gid://shopify/DraftOrder/1523802440046,#D24767,PLMAY26-VT-BO,2026-05-19,9,2,365.0,438.0,83.33,0,1,partial_instock_split,false
2026-05-25T17:15:51+00:00,gid://shopify/DraftOrder/1523028099438,#D24660,,gid://shopify/DraftOrder/1523802538350,#D24768,BO,,19,1,652.0,704.0,92.61,0,1,partial_instock_split,false
2026-05-25T17:16:16+00:00,gid://shopify/DraftOrder/1523115950446,#D24694,RE3203767,gid://shopify/DraftOrder/1523802669422,#D24769,RE3203767-BO,2026-05-19,7,1,324.0,345.0,93.91,0,1,partial_instock_split,false
2026-05-25T17:16:35+00:00,gid://shopify/DraftOrder/1523142721902,#D24696,025975,gid://shopify/DraftOrder/1523802702190,#D24770,025975-BO,2026-05-22,8,1,303.0,355.0,85.35,0,1,partial_instock_split,false
2026-05-25T17:17:03+00:00,gid://shopify/DraftOrder/1523268813166,#D24714,TNHG52126,gid://shopify/DraftOrder/1523802866030,#D24771,TNHG52126-BO,2026-05-21,8,1,245.0,287.0,85.37,0,1,partial_instock_split,false
2026-05-25T21:33:29+00:00,gid://shopify/DraftOrder/1523799916910,#D24753,298LFN52526,gid://shopify/DraftOrder/1523858080110,#D24777,298LFN52526-BO,2026-05-26,10,3,523.0,692.0,75.58,0,1,partial_instock_split,false
2026-05-26T17:35:51+00:00,gid://shopify/DraftOrder/1521361060206,#D24214,A21725 - BO1,gid://shopify/DraftOrder/1524031684974,#D24804,A21725 - BO1.2,2026-04-21,2,2,73.0,149.0,48.99,1,2,partial_instock_split,false
2026-05-26T17:37:43+00:00,gid://shopify/DraftOrder/1522264834414,#D24317,DS4315744 - BO1,gid://shopify/DraftOrder/1524032536942,#D24805,DS4315744 - BO1.2,2026-05-18,1,1,52.0,92.0,56.52,1,2,partial_instock_split,false
2026-05-26T17:37:54+00:00,gid://shopify/DraftOrder/1522264899950,#D24318,LG5919312 - BO1,gid://shopify/DraftOrder/1524032668014,#D24806,LG5919312 - BO1.2,2026-05-18,4,1,84.0,110.0,76.36,1,2,partial_instock_split,false
2026-05-26T17:38:17+00:00,gid://shopify/DraftOrder/1522334663022,#D24322,EF1534689,gid://shopify/DraftOrder/1524032733550,#D24807,EF1534689-BO,2026-05-18,15,4,428.0,532.0,80.45,0,1,partial_instock_split,false
2026-05-26T17:41:51+00:00,gid://shopify/DraftOrder/1523148849518,#D24697,025975 - BO1,gid://shopify/DraftOrder/1524033618286,#D24808,025975 - BO1.2,2026-05-22,1,1,52.0,92.0,56.52,1,2,partial_instock_split,false
2026-05-26T17:42:47+00:00,gid://shopify/DraftOrder/1523845103982,#D24774,VB3390702 - BO1,gid://shopify/DraftOrder/1524034142574,#D24809,VB3390702 - BO1.2,2026-05-25,2,2,73.0,151.0,48.34,1,2,partial_instock_split,false
2026-05-26T17:43:08+00:00,gid://shopify/DraftOrder/1524000522606,#D24801,100-1010313-01,gid://shopify/DraftOrder/1524034273646,#D24810,100-1010313-01-BO,2026-05-25,2,1,234.0,390.0,60.00,0,1,partial_instock_split,false
2026-05-26T17:43:19+00:00,gid://shopify/DraftOrder/1524000588142,#D24802,100-1010313-02,gid://shopify/DraftOrder/1524034371950,#D24811,100-1010313-02-BO,2026-05-25,2,1,234.0,390.0,60.00,0,1,partial_instock_split,false
2026-05-26T21:23:57+00:00,gid://shopify/DraftOrder/1508203168110,#D18850,JM1561839,gid://shopify/DraftOrder/1524095943022,#D24828,JM1561839-BO,2026-05-25,19,2,661.0,708.0,93.36,0,1,partial_instock_split,false
2026-05-26T22:09:47+00:00,gid://shopify/DraftOrder/1523800047982,#D24755,2668-SB,gid://shopify/DraftOrder/1524106723694,#D24832,2668-SB-BO,2026-05-25,6,2,146.0,193.0,75.65,0,1,partial_instock_split,false
2026-05-27T15:29:13+00:00,gid://shopify/DraftOrder/1524241760622,#D24859,DE5926954,gid://shopify/DraftOrder/1524275380590,#D24912,DE5926954-BO,2026-06-01,12,6,392.0,560.0,70.00,0,1,partial_instock_split,false
2026-05-27T18:16:13+00:00,gid://shopify/DraftOrder/1505254048110,#D16456,KH3005870 - BO3,gid://shopify/DraftOrder/1524325187950,#D24932,KH3005870 - BO3.2,,1,1,52.0,78.0,66.67,1,2,partial_instock_split,false
2026-05-27T18:17:50+00:00,gid://shopify/DraftOrder/1505256833390,#D16515,kg8456753-DE - BO3,gid://shopify/DraftOrder/1524325613934,#D24933,kg8456753-DE - BO3.2,,1,1,52.0,130.0,40.00,1,2,partial_instock_split,false
2026-05-27T18:21:47+00:00,gid://shopify/DraftOrder/1505286816110,#D16712,LG012126SC5 - BO3,gid://shopify/DraftOrder/1524326924654,#D24934,LG012126SC5 - BO3.2,,1,2,52.0,123.0,42.28,1,2,partial_instock_split,false
2026-05-27T18:23:47+00:00,gid://shopify/DraftOrder/1505289372014,#D16777,LL021726-SB BO - BO3,gid://shopify/DraftOrder/1524327743854,#D24935,LL021726-SB BO - BO3.2,,1,2,52.0,156.0,33.33,1,2,partial_instock_split,false
2026-05-27T18:26:59+00:00,gid://shopify/DraftOrder/1505293599086,#D16881,SB1449115NK  BO - BO3,gid://shopify/DraftOrder/1524328759662,#D24936,SB1449115NK  BO - BO3.2,,1,1,52.0,104.0,50.00,1,2,partial_instock_split,false
2026-05-27T18:31:53+00:00,gid://shopify/DraftOrder/1505301987694,#D17071,JG7371755 - BO3,gid://shopify/DraftOrder/1524330955118,#D24937,JG7371755 - BO3.2,,1,2,78.0,234.0,33.33,1,2,partial_instock_split,false
2026-05-27T18:34:41+00:00,gid://shopify/DraftOrder/1505305788782,#D17152,RG1331099 - BO3,gid://shopify/DraftOrder/1524331643246,#D24938,RG1331099 - BO3.2,,1,2,52.0,104.0,50.00,1,2,partial_instock_split,false
2026-05-27T18:37:58+00:00,gid://shopify/DraftOrder/1505309720942,#D17241,VB1361152 - BO3,gid://shopify/DraftOrder/1524332790126,#D24939,VB1361152 - BO3.2,,1,1,52.0,78.0,66.67,1,2,partial_instock_split,false
2026-05-27T18:39:48+00:00,gid://shopify/DraftOrder/1505495089518,#D17378,JK4229732 BO - BO3,gid://shopify/DraftOrder/1524333216110,#D24940,JK4229732 BO - BO3.2,,1,1,52.0,104.0,50.00,1,2,partial_instock_split,false
2026-05-27T18:40:36+00:00,gid://shopify/DraftOrder/1505495351662,#D17384,JC5228174 - BO3,gid://shopify/DraftOrder/1524333445486,#D24941,JC5228174 - BO3.2,,2,1,52.0,78.0,66.67,1,2,partial_instock_split,false
2026-05-27T18:43:15+00:00,gid://shopify/DraftOrder/1505505411438,#D17475,116600 - BO3,gid://shopify/DraftOrder/1524334494062,#D24942,116600 - BO3.2,,1,1,104.0,208.0,50.00,1,2,partial_instock_split,false
2026-05-27T18:45:52+00:00,gid://shopify/DraftOrder/1505515766126,#D17529,AB3405660 - BO3,gid://shopify/DraftOrder/1524335083886,#D24943,AB3405660 - BO3.2,,1,2,52.0,156.0,33.33,1,2,partial_instock_split,false
2026-05-27T18:46:30+00:00,gid://shopify/DraftOrder/1505548763502,#D17564,SF3901404 - BO3,gid://shopify/DraftOrder/1524335313262,#D24944,SF3901404 - BO3.2,,2,3,52.0,130.0,40.00,1,2,partial_instock_split,false
2026-05-27T18:47:30+00:00,gid://shopify/DraftOrder/1505623048558,#D17606,SB9185884 - BO3,gid://shopify/DraftOrder/1524335575406,#D24945,SB9185884 - BO3.2,,1,4,52.0,175.0,29.71,1,2,partial_instock_split,false
2026-05-27T18:48:41+00:00,gid://shopify/DraftOrder/1505691861358,#D17650,BACKORDER-4/ wags/ garden/ beach,gid://shopify/DraftOrder/1524335903086,#D24946,BACKORDER-4/ wags/ garden/ beach-BO,,1,2,52.0,156.0,33.33,0,1,partial_instock_split,false
2026-05-27T18:52:09+00:00,gid://shopify/DraftOrder/1506525512046,#D18163,SF3930633Y - BO3,gid://shopify/DraftOrder/1524336918894,#D24947,SF3930633Y - BO3.2,,1,1,52.0,78.0,66.67,1,2,partial_instock_split,false
2026-05-27T18:53:40+00:00,gid://shopify/DraftOrder/1506753118574,#D18344,KF2436 BO/ CANDLES & FLART - BO3,gid://shopify/DraftOrder/1524337639790,#D24948,KF2436 BO/ CANDLES & FLART - BO3.2,,2,1,78.0,104.0,75.00,1,2,partial_instock_split,false
2026-05-27T19:01:06+00:00,gid://shopify/DraftOrder/1508189765998,#D18834,LL021026-SB - BO3,gid://shopify/DraftOrder/1524340752750,#D24949,LL021026-SB - BO3.2,2026-02-11,1,2,52.0,130.0,40.00,1,2,partial_instock_split,false
2026-05-27T19:01:39+00:00,gid://shopify/DraftOrder/1508190486894,#D18840,LFL-021626 - BO3,gid://shopify/DraftOrder/1524340851054,#D24950,LFL-021626 - BO3.2,2026-02-16,1,1,104.0,208.0,50.00,1,2,partial_instock_split,false
2026-05-27T19:05:43+00:00,gid://shopify/DraftOrder/1508366188910,#D18941,LL011226-SB - BO3,gid://shopify/DraftOrder/1524341801326,#D24951,LL011226-SB - BO3.2,,1,2,52.0,104.0,50.00,1,2,partial_instock_split,false
2026-05-27T19:06:35+00:00,gid://shopify/DraftOrder/1508470129006,#D19135,JC8574861 /MINI/ FLART/JOURNAL/ PENS - BO3,gid://shopify/DraftOrder/1524342161774,#D24952,JC8574861 /MINI/ FLART/JOURNAL/ PENS - BO3.2,,2,3,78.0,156.0,50.00,1,2,partial_instock_split,false
2026-05-27T19:07:12+00:00,gid://shopify/DraftOrder/1508471144814,#D19156,01.30.2026 BO - BO4,gid://shopify/DraftOrder/1524342292846,#D24953,01.30.2026 BO - BO4.2,,1,1,104.0,208.0,50.00,1,2,partial_instock_split,false
2026-05-27T19:07:22+00:00,gid://shopify/DraftOrder/1508471406958,#D19159,GP3577613 - BO4,gid://shopify/DraftOrder/1524342325614,#D24954,GP3577613 - BO4.2,2026-01-28,1,1,78.0,234.0,33.33,1,2,partial_instock_split,false
2026-05-27T19:14:48+00:00,gid://shopify/DraftOrder/1511948222830,#D20512,DW9170590 - BO3,gid://shopify/DraftOrder/1524343996782,#D24956,DW9170590 - BO3.2,2026-04-09,1,1,78.0,156.0,50.00,1,2,partial_instock_split,false
2026-05-27T19:17:24+00:00,gid://shopify/DraftOrder/1513296789870,#D21007,5851109SRG - BO3,gid://shopify/DraftOrder/1524344815982,#D24959,5851109SRG - BO3.2,2026-04-15,1,1,52.0,104.0,50.00,1,2,partial_instock_split,false
2026-05-27T19:18:39+00:00,gid://shopify/DraftOrder/1514100621678,#D21113,DS5755166 - BO3,gid://shopify/DraftOrder/1524345176430,#D24960,DS5755166 - BO3.2,2026-04-16,1,1,52.0,104.0,50.00,1,2,partial_instock_split,false
2026-05-27T19:20:37+00:00,gid://shopify/DraftOrder/1515074584942,#D21686,EF10012660 - BO3,gid://shopify/DraftOrder/1524345897326,#D24961,EF10012660 - BO3.2,2026-04-20,2,1,52.0,78.0,66.67,1,2,partial_instock_split,false
2026-05-27T19:25:49+00:00,gid://shopify/DraftOrder/1517900202350,#D23168,MM8799591 - BO3,gid://shopify/DraftOrder/1524347044206,#D24964,MM8799591 - BO3.2,2026-04-23,1,4,52.0,156.0,33.33,1,2,partial_instock_split,false
2026-05-27T19:26:37+00:00,gid://shopify/DraftOrder/1517976846702,#D23200,3458D----RJ - BO3,gid://shopify/DraftOrder/1524347339118,#D24965,3458D----RJ - BO3.2,2026-05-01,1,1,52.0,104.0,50.00,1,2,partial_instock_split,false
2026-05-27T19:28:03+00:00,gid://shopify/DraftOrder/1518633517422,#D23314,JR3344294 - BO3,gid://shopify/DraftOrder/1524347666798,#D24966,JR3344294 - BO3.2,2026-05-04,1,2,52.0,123.0,42.28,1,2,partial_instock_split,false
2026-05-27T19:28:36+00:00,gid://shopify/DraftOrder/1518762164590,#D23342,LG041326DS - BO3,gid://shopify/DraftOrder/1524347863406,#D24968,LG041326DS - BO3.2,2026-05-04,1,1,52.0,104.0,50.00,1,2,partial_instock_split,false
2026-05-27T19:29:14+00:00,gid://shopify/DraftOrder/1518897070446,#D23398,JM7090785 - BO3,gid://shopify/DraftOrder/1524348092782,#D24969,JM7090785 - BO3.2,2026-05-05,2,3,52.0,130.0,40.00,1,2,partial_instock_split,false
2026-05-27T19:30:25+00:00,gid://shopify/DraftOrder/1519368143214,#D23516,2600059 - BO3,gid://shopify/DraftOrder/1524348649838,#D24970,2600059 - BO3.2,2026-05-06,1,2,52.0,130.0,40.00,1,2,partial_instock_split,false
2026-05-27T19:34:32+00:00,gid://shopify/DraftOrder/1520918692206,#D23881,MM8785016 - BO3,gid://shopify/DraftOrder/1524349305198,#D24971,MM8785016 - BO3.2,2026-05-12,1,3,52.0,156.0,33.33,1,2,partial_instock_split,false
2026-05-27T19:37:51+00:00,gid://shopify/DraftOrder/1521331437934,#D24192,LL051426-BV-1 - BO3,gid://shopify/DraftOrder/1524350157166,#D24974,LL051426-BV-1 - BO3.2,2026-05-14,1,1,78.0,130.0,60.00,1,2,partial_instock_split,false
2026-05-27T19:39:21+00:00,gid://shopify/DraftOrder/1521600627054,#D24257,AB5027333 - BO1,gid://shopify/DraftOrder/1524350681454,#D24976,AB5027333 - BO1.2,2026-05-13,3,2,78.0,130.0,60.00,1,2,partial_instock_split,false
2026-05-27T19:41:28+00:00,gid://shopify/DraftOrder/1522750685550,#D24542,SF6893356 - BO3,gid://shopify/DraftOrder/1524351172974,#D24978,SF6893356 - BO3.2,2026-05-19,1,1,52.0,104.0,50.00,1,2,partial_instock_split,false
2026-05-27T19:44:45+00:00,gid://shopify/DraftOrder/1523352076654,#D24724,MM1890474 - BO3,gid://shopify/DraftOrder/1524351959406,#D24979,MM1890474 - BO3.2,2026-04-24,1,4,52.0,182.0,28.57,1,2,partial_instock_split,false
2026-05-27T19:45:01+00:00,gid://shopify/DraftOrder/1523544883566,#D24729,CO3491619 - BO3,gid://shopify/DraftOrder/1524352090478,#D24980,CO3491619 - BO3.2,2026-05-23,1,3,156.0,286.0,54.55,1,2,partial_instock_split,false
2026-05-27T19:45:24+00:00,gid://shopify/DraftOrder/1523845136750,#D24775,VB3390702 - BO3,gid://shopify/DraftOrder/1524352254318,#D24981,VB3390702 - BO3.2,2026-05-25,1,5,52.0,208.0,25.00,1,2,partial_instock_split,false
2026-05-27T19:45:46+00:00,gid://shopify/DraftOrder/1524072284526,#D24817,VF-8029328 - BO1,gid://shopify/DraftOrder/1524352385390,#D24982,VF-8029328 - BO1.2,2026-05-26,1,3,63.0,261.0,24.14,1,2,partial_instock_split,false
2026-05-27T19:45:56+00:00,gid://shopify/DraftOrder/1524072317294,#D24818,VF-8029328 - BO3,gid://shopify/DraftOrder/1524352450926,#D24983,VF-8029328 - BO3.2,2026-05-26,1,4,78.0,390.0,20.00,1,2,partial_instock_split,false
2026-05-27T19:46:22+00:00,gid://shopify/DraftOrder/1524077298030,#D24827,AT6656014 - BO1,gid://shopify/DraftOrder/1524352516462,#D24984,AT6656014 - BO1.2,2026-05-26,1,1,126.0,210.0,60.00,1,2,partial_instock_split,false
2026-05-27T19:46:54+00:00,gid://shopify/DraftOrder/1524121469294,#D24842,21294-VT - BO3,gid://shopify/DraftOrder/1524352811374,#D24985,21294-VT - BO3.2,2026-05-23,1,4,78.0,390.0,20.00,1,2,partial_instock_split,false
2026-05-27T19:48:20+00:00,gid://shopify/DraftOrder/1524243562862,#D24893,402529 - BO3,gid://shopify/DraftOrder/1524353565038,#D24986,402529 - BO3.2,2026-05-21,1,1,52.0,130.0,40.00,1,2,partial_instock_split,false
2026-05-27T19:48:37+00:00,gid://shopify/DraftOrder/1524243628398,#D24895,MM7139335 - BO3,gid://shopify/DraftOrder/1524353663342,#D24987,MM7139335 - BO3.2,2026-05-21,1,4,78.0,234.0,33.33,1,2,partial_instock_split,false
2026-05-27T19:49:36+00:00,gid://shopify/DraftOrder/1524319584622,#D24922,DM5056048,gid://shopify/DraftOrder/1524353728878,#D24988,DM5056048-BO,2026-05-27,8,2,399.0,504.0,79.17,0,1,partial_instock_split,false
2026-05-27T21:52:40+00:00,gid://shopify/DraftOrder/1504383566190,#D15705,lif0202cmv - BO3,gid://shopify/DraftOrder/1524383973742,#D24999,lif0202cmv - BO3.2,,1,1,26.0,52.0,50.00,1,2,partial_instock_split,false
2026-05-27T21:53:55+00:00,gid://shopify/DraftOrder/1505111638382,#D16059,JMVS0107 BO - BO3,gid://shopify/DraftOrder/1524384203118,#D25001,JMVS0107 BO - BO3.2,,1,1,26.0,52.0,50.00,1,2,partial_instock_split,false
2026-05-27T22:01:47+00:00,gid://shopify/DraftOrder/1505251590510,#D16406,MM2754842 - BO3,gid://shopify/DraftOrder/1524386431342,#D25006,MM2754842 - BO3.2,,1,1,26.0,52.0,50.00,1,2,partial_instock_split,false
2026-05-27T22:04:46+00:00,gid://shopify/DraftOrder/1505256735086,#D16513,B0040-2425 - BO3,gid://shopify/DraftOrder/1524386988398,#D25007,B0040-2425 - BO3.2,,1,1,26.0,52.0,50.00,1,2,partial_instock_split,false
2026-05-27T22:05:45+00:00,gid://shopify/DraftOrder/1505258242414,#D16545,AL1497998 - BO3,gid://shopify/DraftOrder/1524387185006,#D25008,AL1497998 - BO3.2,,1,1,26.0,52.0,50.00,1,2,partial_instock_split,false
2026-05-27T22:05:56+00:00,gid://shopify/DraftOrder/1505258307950,#D16547,AL1497998 - BO7,gid://shopify/DraftOrder/1524387217774,#D25009,AL1497998 - BO7.2,,1,2,26.0,96.0,27.08,1,2,partial_instock_split,false
2026-05-27T22:07:01+00:00,gid://shopify/DraftOrder/1505260437870,#D16589,VT9688043 - BO3,gid://shopify/DraftOrder/1524387545454,#D25010,VT9688043 - BO3.2,,1,1,26.0,52.0,50.00,1,2,partial_instock_split,false
2026-05-27T22:07:20+00:00,gid://shopify/DraftOrder/1505260568942,#D16591,MA8005056 - BO3,gid://shopify/DraftOrder/1524387676526,#D25011,MA8005056 - BO3.2,,1,1,26.0,52.0,50.00,1,2,partial_instock_split,false
2026-05-27T22:07:58+00:00,gid://shopify/DraftOrder/1505284129134,#D16640,RG1488420 - BO3,gid://shopify/DraftOrder/1524387807598,#D25012,RG1488420 - BO3.2,,1,2,26.0,78.0,33.33,1,2,partial_instock_split,false
2026-05-27T22:12:13+00:00,gid://shopify/DraftOrder/1505290781038,#D16810,SR4339813 - BO3,gid://shopify/DraftOrder/1524388561262,#D25015,SR4339813 - BO3.2,,1,2,26.0,78.0,33.33,1,2,partial_instock_split,false
2026-05-27T22:14:27+00:00,gid://shopify/DraftOrder/1505293861230,#D16888,CC7754598 BO - BO3,gid://shopify/DraftOrder/1524388987246,#D25017,CC7754598 BO - BO3.2,,1,1,26.0,52.0,50.00,1,2,partial_instock_split,false
2026-05-27T22:16:41+00:00,gid://shopify/DraftOrder/1505297760622,#D16979,#PK8433835 BO - BO3,gid://shopify/DraftOrder/1524389511534,#D25019,#PK8433835 BO - BO3.2,,1,2,26.0,78.0,33.33,1,2,partial_instock_split,false
2026-05-27T22:19:09+00:00,gid://shopify/DraftOrder/1505302544750,#D17082,AB5268942 - BO3,gid://shopify/DraftOrder/1524390232430,#D25021,AB5268942 - BO3.2,,1,1,26.0,52.0,50.00,1,2,partial_instock_split,false
2026-05-27T22:19:55+00:00,gid://shopify/DraftOrder/1505304084846,#D17112,LG20226H2- BO3,gid://shopify/DraftOrder/1524390461806,#D25022,LG20226H2- BO3.2,,1,3,26.0,104.0,25.00,1,2,partial_instock_split,false
2026-05-27T22:20:22+00:00,gid://shopify/DraftOrder/1505304478062,#D17123,VT7027929 - BO3,gid://shopify/DraftOrder/1524390625646,#D25023,VT7027929 - BO3.2,,1,2,26.0,78.0,33.33,1,2,partial_instock_split,false
2026-05-27T22:20:53+00:00,gid://shopify/DraftOrder/1505304904046,#D17132,VT3531049 - BO3,gid://shopify/DraftOrder/1524390691182,#D25024,VT3531049 - BO3.2,,1,2,26.0,78.0,33.33,1,2,partial_instock_split,false
2026-05-27T22:21:36+00:00,gid://shopify/DraftOrder/1505305690478,#D17150,MSC937J - BO3,gid://shopify/DraftOrder/1524390822254,#D25025,MSC937J - BO3.2,,1,1,26.0,52.0,50.00,1,2,partial_instock_split,false
2026-05-27T22:23:26+00:00,gid://shopify/DraftOrder/1505307885934,#D17197,GP3208033 - BO3,gid://shopify/DraftOrder/1524391117166,#D25026,GP3208033 - BO3.2,,1,3,26.0,104.0,25.00,1,2,partial_instock_split,false
2026-05-27T22:25:47+00:00,gid://shopify/DraftOrder/1505494434158,#D17360,BE2726905 - BO3,gid://shopify/DraftOrder/1524391412078,#D25028,BE2726905 - BO3.2,,1,1,26.0,52.0,50.00,1,2,partial_instock_split,false
2026-05-27T22:27:07+00:00,gid://shopify/DraftOrder/1505496039790,#D17399,BACKORDER-3,gid://shopify/DraftOrder/1524391543150,#D25029,BACKORDER-3-BO,,1,2,26.0,78.0,33.33,0,1,partial_instock_split,false
2026-05-27T22:28:46+00:00,gid://shopify/DraftOrder/1505505149294,#D17468,UP030526 BO - BO3,gid://shopify/DraftOrder/1524391706990,#D25030,UP030526 BO - BO3.2,,1,1,26.0,52.0,50.00,1,2,partial_instock_split,false
2026-05-27T22:33:20+00:00,gid://shopify/DraftOrder/1505681342830,#D17639,DS5787895 - BO3,gid://shopify/DraftOrder/1524392919406,#D25031,DS5787895 - BO3.2,,1,1,26.0,52.0,50.00,1,2,partial_instock_split,false
2026-05-27T22:35:25+00:00,gid://shopify/DraftOrder/1506225226094,#D17821,new flart bo - BO4,gid://shopify/DraftOrder/1524393476462,#D25033,new flart bo - BO4.2,,1,1,26.0,52.0,50.00,1,2,partial_instock_split,false
2026-05-27T22:35:49+00:00,gid://shopify/DraftOrder/1506274181486,#D17958,OM2163867 - BO3,gid://shopify/DraftOrder/1524393607534,#D25034,OM2163867 - BO3.2,,1,1,26.0,52.0,50.00,1,2,partial_instock_split,false
2026-05-27T22:37:37+00:00,gid://shopify/DraftOrder/1506629583214,#D18199,RJ5080432 - BO3,gid://shopify/DraftOrder/1524393869678,#D25035,RJ5080432 - BO3.2,,1,2,26.0,78.0,33.33,1,2,partial_instock_split,false
2026-05-27T22:38:25+00:00,gid://shopify/DraftOrder/1506735227246,#D18341,MH9446876 - BO3,gid://shopify/DraftOrder/1524393935214,#D25036,MH9446876 - BO3.2,,1,2,26.0,78.0,33.33,1,2,partial_instock_split,false
2026-05-27T22:45:15+00:00,gid://shopify/DraftOrder/1508170727790,#D18814,SP9905140 - BO3,gid://shopify/DraftOrder/1524394983790,#D25037,SP9905140 - BO3.2,,1,1,26.0,52.0,50.00,1,2,partial_instock_split,false
2026-05-27T22:49:17+00:00,gid://shopify/DraftOrder/1508298162542,#D18923,KS4236822 - BO3,gid://shopify/DraftOrder/1524395606382,#D25038,KS4236822 - BO3.2,2026-01-30,1,2,26.0,78.0,33.33,1,2,partial_instock_split,false
2026-05-27T22:50:16+00:00,gid://shopify/DraftOrder/1508366057838,#D18939,KS6976140 - BO3,gid://shopify/DraftOrder/1524395737454,#D25039,KS6976140 - BO3.2,,1,2,26.0,97.0,26.80,1,2,partial_instock_split,false
2026-05-27T22:51:08+00:00,gid://shopify/DraftOrder/1508469899630,#D19133,FLART /MAY - BO3,gid://shopify/DraftOrder/1524395802990,#D25040,FLART /MAY - BO3.2,,1,1,26.0,52.0,50.00,1,2,partial_instock_split,false
2026-05-27T22:52:09+00:00,gid://shopify/DraftOrder/1508948083054,#D19186,SE4531894 - BO3,gid://shopify/DraftOrder/1524395934062,#D25041,SE4531894 - BO3.2,2026-03-28,1,1,26.0,52.0,50.00,1,2,partial_instock_split,false
2026-05-27T22:52:40+00:00,gid://shopify/DraftOrder/1509333008750,#D19263,WT770 - BO3,gid://shopify/DraftOrder/1524396032366,#D25042,WT770 - BO3.2,2026-03-31,1,1,26.0,52.0,50.00,1,2,partial_instock_split,false
2026-05-27T22:52:55+00:00,gid://shopify/DraftOrder/1509333205358,#D19265,NW2500 - BO3,gid://shopify/DraftOrder/1524396097902,#D25043,NW2500 - BO3.2,2026-03-31,1,1,26.0,52.0,50.00,1,2,partial_instock_split,false
2026-05-27T22:53:11+00:00,gid://shopify/DraftOrder/1509333336430,#D19267,DH3103 - BO3,gid://shopify/DraftOrder/1524396163438,#D25044,DH3103 - BO3.2,2026-03-31,1,1,26.0,52.0,50.00,1,2,partial_instock_split,false
2026-05-27T22:53:26+00:00,gid://shopify/DraftOrder/1509333467502,#D19269,BR3532 - BO3,gid://shopify/DraftOrder/1524396228974,#D25045,BR3532 - BO3.2,2026-03-31,1,1,26.0,52.0,50.00,1,2,partial_instock_split,false
2026-05-27T22:53:42+00:00,gid://shopify/DraftOrder/1509333565806,#D19271,AR4368 - BO3,gid://shopify/DraftOrder/1524396261742,#D25046,AR4368 - BO3.2,2026-03-31,1,1,26.0,52.0,50.00,1,2,partial_instock_split,false
2026-05-27T22:53:58+00:00,gid://shopify/DraftOrder/1509333631342,#D19273,CH732 - BO3,gid://shopify/DraftOrder/1524396294510,#D25047,CH732 - BO3.2,2026-03-31,1,1,26.0,52.0,50.00,1,2,partial_instock_split,false
2026-05-27T22:54:14+00:00,gid://shopify/DraftOrder/1509333696878,#D19275,PV3841 - BO3,gid://shopify/DraftOrder/1524396327278,#D25048,PV3841 - BO3.2,2026-03-31,1,1,26.0,52.0,50.00,1,2,partial_instock_split,false
2026-05-27T22:54:29+00:00,gid://shopify/DraftOrder/1509333827950,#D19277,NB2800 - BO3,gid://shopify/DraftOrder/1524396425582,#D25049,NB2800 - BO3.2,2026-03-31,1,1,26.0,52.0,50.00,1,2,partial_instock_split,false
2026-05-27T22:54:46+00:00,gid://shopify/DraftOrder/1509333926254,#D19279,CA3597 - BO3,gid://shopify/DraftOrder/1524396458350,#D25050,CA3597 - BO3.2,2026-03-31,1,1,26.0,52.0,50.00,1,2,partial_instock_split,false
2026-05-27T22:55:01+00:00,gid://shopify/DraftOrder/1509333991790,#D19281,IP2818 - BO3,gid://shopify/DraftOrder/1524396523886,#D25051,IP2818 - BO3.2,2026-03-31,1,1,26.0,52.0,50.00,1,2,partial_instock_split,false
2026-05-27T22:59:29+00:00,gid://shopify/DraftOrder/1511947796846,#D20506,BS4106308 - BO3,gid://shopify/DraftOrder/1524397801838,#D25052,BS4106308 - BO3.2,2026-04-09,1,3,26.0,104.0,25.00,1,2,partial_instock_split,false
2026-05-27T23:00:16+00:00,gid://shopify/DraftOrder/1512560853358,#D20582,DS3619080 - BO3,gid://shopify/DraftOrder/1524397932910,#D25053,DS3619080 - BO3.2,2026-04-13,1,2,21.0,73.0,28.77,1,2,partial_instock_split,false
2026-05-27T23:00:31+00:00,gid://shopify/DraftOrder/1512701821294,#D20828,MH9179160 - BO3,gid://shopify/DraftOrder/1524398031214,#D25054,MH9179160 - BO3.2,2026-04-13,1,1,26.0,52.0,50.00,1,2,partial_instock_split,false
2026-05-27T23:00:54+00:00,gid://shopify/DraftOrder/1513104179566,#D20928,SP08042653880 - BO3,gid://shopify/DraftOrder/1524398129518,#D25055,SP08042653880 - BO3.2,2026-04-08,1,3,26.0,104.0,25.00,1,2,partial_instock_split,false
2026-05-27T23:01:34+00:00,gid://shopify/DraftOrder/1513296101742,#D20997,JM6110065 - BO3,gid://shopify/DraftOrder/1524398391662,#D25056,JM6110065 - BO3.2,2026-04-14,1,2,26.0,78.0,33.33,1,2,partial_instock_split,false
2026-05-27T23:02:25+00:00,gid://shopify/DraftOrder/1513334997358,#D21026,LG41526RB - BO3,gid://shopify/DraftOrder/1524398555502,#D25058,LG41526RB - BO3.2,2026-04-15,1,2,26.0,78.0,33.33,1,2,partial_instock_split,false
2026-05-27T23:05:08+00:00,gid://shopify/DraftOrder/1515074388334,#D21681,LSDN1781483 - BO3,gid://shopify/DraftOrder/1524399210862,#D25061,LSDN1781483 - BO3.2,2026-04-20,1,1,26.0,52.0,50.00,1,2,partial_instock_split,false
2026-05-27T23:06:43+00:00,gid://shopify/DraftOrder/1516319572334,#D22566,DS7100648hb - BO3,gid://shopify/DraftOrder/1524399538542,#D25062,DS7100648hb - BO3.2,2026-04-23,1,2,26.0,78.0,33.33,1,2,partial_instock_split,false
2026-05-27T23:07:03+00:00,gid://shopify/DraftOrder/1516319703406,#D22570,DS7100648 - BO3,gid://shopify/DraftOrder/1524399636846,#D25063,DS7100648 - BO3.2,2026-04-23,1,2,26.0,78.0,33.33,1,2,partial_instock_split,false
2026-05-27T23:08:38+00:00,gid://shopify/DraftOrder/1517161415022,#D22782,JB1462366 - BO3,gid://shopify/DraftOrder/1524400095598,#D25065,JB1462366 - BO3.2,2026-04-27,1,2,26.0,78.0,33.33,1,2,partial_instock_split,false
2026-05-27T23:09:38+00:00,gid://shopify/DraftOrder/1517813334382,#D23115,,gid://shopify/DraftOrder/1524400226670,#D25066,BO,,1,1,26.0,52.0,50.00,0,1,partial_instock_split,false
2026-05-27T23:10:05+00:00,gid://shopify/DraftOrder/1517860389230,#D23134,AM2168592 - BO3,gid://shopify/DraftOrder/1524400390510,#D25067,AM2168592 - BO3.2,2026-04-29,1,1,26.0,52.0,50.00,1,2,partial_instock_split,false
2026-05-27T23:10:50+00:00,gid://shopify/DraftOrder/1517976748398,#D23198,KH1707889 - BO3,gid://shopify/DraftOrder/1524400521582,#D25068,KH1707889 - BO3.2,2026-05-01,1,1,26.0,52.0,50.00,1,2,partial_instock_split,false
2026-05-27T23:11:17+00:00,gid://shopify/DraftOrder/1518089470318,#D23228,AG8594514 - BO3,gid://shopify/DraftOrder/1524400652654,#D25069,AG8594514 - BO3.2,2026-05-01,1,1,26.0,52.0,50.00,1,2,partial_instock_split,false
2026-05-27T23:11:55+00:00,gid://shopify/DraftOrder/1518632829294,#D23299,LL050126-SB - BO3,gid://shopify/DraftOrder/1524400783726,#D25070,LL050126-SB - BO3.2,2026-05-03,1,2,26.0,78.0,33.33,1,2,partial_instock_split,false
2026-05-27T23:12:55+00:00,gid://shopify/DraftOrder/1518934655342,#D23412,JC9275078 - BO3,gid://shopify/DraftOrder/1524400947566,#D25072,JC9275078 - BO3.2,2026-05-03,1,1,26.0,52.0,50.00,1,2,partial_instock_split,false
2026-05-27T23:13:45+00:00,gid://shopify/DraftOrder/1519327609198,#D23500,RB050626B - BO3,gid://shopify/DraftOrder/1524401111406,#D25073,RB050626B - BO3.2,2026-05-06,1,1,26.0,116.0,22.41,1,2,partial_instock_split,false
2026-05-27T23:14:05+00:00,gid://shopify/DraftOrder/1519599485294,#D23542,NOVAN886 - BO3,gid://shopify/DraftOrder/1524401209710,#D25074,NOVAN886 - BO3.2,2026-05-06,1,1,26.0,52.0,50.00,1,2,partial_instock_split,false
2026-05-27T23:16:06+00:00,gid://shopify/DraftOrder/1520591765870,#D23714,MM6086764 - BO3,gid://shopify/DraftOrder/1524401733998,#D25075,MM6086764 - BO3.2,,1,2,26.0,78.0,33.33,1,2,partial_instock_split,false
2026-05-27T23:17:34+00:00,gid://shopify/DraftOrder/1520750788974,#D23792,JT1666114 - BO3,gid://shopify/DraftOrder/1524401996142,#D25076,JT1666114 - BO3.2,2026-05-07,1,2,26.0,78.0,33.33,1,2,partial_instock_split,false
2026-05-27T23:18:04+00:00,gid://shopify/DraftOrder/1520920330606,#D23885,RRA BO - BO3/ May,gid://shopify/DraftOrder/1524402094446,#D25077,RRA BO - BO3/ May-BO,,1,4,26.0,156.0,16.67,0,1,partial_instock_split,false
2026-05-27T23:18:24+00:00,gid://shopify/DraftOrder/1520980033902,#D23903,3336564SRG - BO1,gid://shopify/DraftOrder/1524402192750,#D25078,3336564SRG - BO1.2,2026-05-13,2,1,42.0,94.0,44.68,1,2,partial_instock_split,false
2026-05-27T23:19:51+00:00,gid://shopify/DraftOrder/1521293427054,#D24158,CF434 - BO1,gid://shopify/DraftOrder/1524402356590,#D25079,CF434 - BO1.2,2026-05-14,1,1,42.0,68.0,61.76,1,2,partial_instock_split,false
2026-05-27T23:20:13+00:00,gid://shopify/DraftOrder/1521293590894,#D24161,PK1675651 - BO1,gid://shopify/DraftOrder/1524402520430,#D25080,PK1675651 - BO1.2,2026-05-14,1,2,21.0,73.0,28.77,1,2,partial_instock_split,false
2026-05-27T23:20:23+00:00,gid://shopify/DraftOrder/1521293623662,#D24162,LL-51426-MW - BO1,gid://shopify/DraftOrder/1524402553198,#D25081,LL-51426-MW - BO1.2,2026-05-14,1,1,42.0,122.0,34.43,1,2,partial_instock_split,false
2026-05-27T23:20:39+00:00,gid://shopify/DraftOrder/1521293754734,#D24165,8269147-BF - BO1,gid://shopify/DraftOrder/1524402585966,#D25082,8269147-BF - BO1.2,2026-05-14,1,1,21.0,61.0,34.43,1,2,partial_instock_split,false
2026-05-27T23:21:56+00:00,gid://shopify/DraftOrder/1521528635758,#D24241,KH5538225 - BO3,gid://shopify/DraftOrder/1524402913646,#D25083,KH5538225 - BO3.2,2026-05-14,1,1,26.0,52.0,50.00,1,2,partial_instock_split,false
2026-05-27T23:22:11+00:00,gid://shopify/DraftOrder/1521528799598,#D24243,MH2936395JM - BO3,gid://shopify/DraftOrder/1524402979182,#D25084,MH2936395JM - BO3.2,2026-05-13,1,4,26.0,149.0,17.45,1,2,partial_instock_split,false
2026-05-27T23:22:21+00:00,gid://shopify/DraftOrder/1521600463214,#D24255,60515LL - BO1,gid://shopify/DraftOrder/1524403077486,#D25085,60515LL - BO1.2,2026-05-15,1,1,42.0,94.0,44.68,1,2,partial_instock_split,false
2026-05-27T23:22:41+00:00,gid://shopify/DraftOrder/1521657971054,#D24266,CK051526 - BO1,gid://shopify/DraftOrder/1524403143022,#D25086,CK051526 - BO1.2,2026-05-15,1,2,26.0,66.0,39.39,1,2,partial_instock_split,false
2026-05-27T23:22:58+00:00,gid://shopify/DraftOrder/1522236129646,#D24302,5875925 - BO3,gid://shopify/DraftOrder/1524403306862,#D25087,5875925 - BO3.2,2026-05-15,1,1,26.0,78.0,33.33,1,2,partial_instock_split,false
2026-05-27T23:23:23+00:00,gid://shopify/DraftOrder/1522264998254,#D24319,LG5919312 - BO3,gid://shopify/DraftOrder/1524403339630,#D25088,LG5919312 - BO3.2,2026-05-18,1,1,26.0,52.0,50.00,1,2,partial_instock_split,false
2026-05-27T23:23:44+00:00,gid://shopify/DraftOrder/1522438275438,#D24333,WAGS/ BEACH,gid://shopify/DraftOrder/1524403372398,#D25089,WAGS/ BEACH-BO,,1,1,26.0,52.0,50.00,0,1,partial_instock_split,false
2026-05-27T23:24:23+00:00,gid://shopify/DraftOrder/1522750620014,#D24540,1755 - BO3,gid://shopify/DraftOrder/1524403437934,#D25090,1755 - BO3.2,2026-05-19,1,1,26.0,78.0,33.33,1,2,partial_instock_split,false
2026-05-27T23:25:10+00:00,gid://shopify/DraftOrder/1522785845614,#D24574,KB9524302 - BO3,gid://shopify/DraftOrder/1524403536238,#D25091,KB9524302 - BO3.2,2026-05-20,1,5,26.0,208.0,12.50,1,2,partial_instock_split,false
2026-05-27T23:26:15+00:00,gid://shopify/DraftOrder/1522786402670,#D24588,DS9734239 - BO3,gid://shopify/DraftOrder/1524403732846,#D25092,DS9734239 - BO3.2,2026-05-14,1,2,26.0,97.0,26.80,1,2,partial_instock_split,false
2026-05-27T23:27:06+00:00,gid://shopify/DraftOrder/1522833031534,#D24631,SB7174705 - BO3,gid://shopify/DraftOrder/1524403896686,#D25093,SB7174705 - BO3.2,2026-05-20,1,1,26.0,52.0,50.00,1,2,partial_instock_split,false
2026-05-27T23:27:33+00:00,gid://shopify/DraftOrder/1523125518702,#D24695,RE3203767 - BO1,gid://shopify/DraftOrder/1524403994990,#D25094,RE3203767 - BO1.2,2026-05-19,1,3,26.0,182.0,14.29,1,2,partial_instock_split,false
2026-05-27T23:28:04+00:00,gid://shopify/DraftOrder/1523544850798,#D24728,CO3491619 - BO1,gid://shopify/DraftOrder/1524404093294,#D25095,CO3491619 - BO1.2,2026-05-23,1,1,42.0,94.0,44.68,1,2,partial_instock_split,false
2026-05-27T23:28:17+00:00,gid://shopify/DraftOrder/1523676348782,#D24730,JM1561839 - BO1,gid://shopify/DraftOrder/1524404126062,#D25096,JM1561839 - BO1.2,2026-05-25,1,5,21.0,196.0,10.71,1,2,partial_instock_split,false
2026-05-27T23:28:27+00:00,gid://shopify/DraftOrder/1523676414318,#D24731,JM1561839 - BO3,gid://shopify/DraftOrder/1524404191598,#D25097,JM1561839 - BO3.2,2026-05-25,1,3,26.0,104.0,25.00,1,2,partial_instock_split,false
2026-05-27T23:28:53+00:00,gid://shopify/DraftOrder/1524072481134,#D24821,PO91 - BO1,gid://shopify/DraftOrder/1524404289902,#D25098,PO91 - BO1.2,2026-05-26,1,1,21.0,63.0,33.33,1,2,partial_instock_split,false
2026-05-27T23:29:10+00:00,gid://shopify/DraftOrder/1524121207150,#D24838,DS7905018 - BO1,gid://shopify/DraftOrder/1524404355438,#D25099,DS7905018 - BO1.2,2026-05-26,1,1,42.0,63.0,66.67,1,2,partial_instock_split,false
2026-05-27T23:29:32+00:00,gid://shopify/DraftOrder/1524121370990,#D24841,21294-VT - BO1,gid://shopify/DraftOrder/1524404388206,#D25100,21294-VT - BO1.2,2026-05-23,1,5,42.0,396.0,10.61,1,2,partial_instock_split,false
2026-05-27T23:29:47+00:00,gid://shopify/DraftOrder/1524165640558,#D24849,2797RJ - BO1,gid://shopify/DraftOrder/1524404453742,#D25101,2797RJ - BO1.2,2026-05-26,1,1,42.0,84.0,50.00,1,2,partial_instock_split,false
2026-05-27T23:30:21+00:00,gid://shopify/DraftOrder/1524242973038,#D24880,LFN52626 - BO3,gid://shopify/DraftOrder/1524404519278,#D25102,LFN52626 - BO3.2,2026-05-26,1,1,26.0,52.0,50.00,1,2,partial_instock_split,false
2026-05-27T23:30:46+00:00,gid://shopify/DraftOrder/1524243267950,#D24887,SR3294814 - BO3,gid://shopify/DraftOrder/1524404584814,#D25103,SR3294814 - BO3.2,2026-05-24,1,1,26.0,52.0,50.00,1,2,partial_instock_split,false
2026-05-27T23:31:22+00:00,gid://shopify/DraftOrder/1524243923310,#D24901,CP8227209 - BO3,gid://shopify/DraftOrder/1524404814190,#D25104,CP8227209 - BO3.2,2026-05-21,1,3,26.0,149.0,17.45,1,2,partial_instock_split,false
2026-05-27T23:31:47+00:00,gid://shopify/DraftOrder/1524296974702,#D24914,2026LIFELINES810/ wags/ garden,gid://shopify/DraftOrder/1524404912494,#D25105,2026LIFELINES810/ wags/ garden-BO,,1,1,21.0,47.0,44.68,0,1,partial_instock_split,false
2026-05-27T23:32:14+00:00,gid://shopify/DraftOrder/1524319781230,#D24926,7199GM - BO1,gid://shopify/DraftOrder/1524404945262,#D25106,7199GM - BO1.2,2026-05-26,1,1,42.0,84.0,50.00,1,2,partial_instock_split,false
2026-05-28T15:59:41+00:00,gid://shopify/DraftOrder/1503923437934,#D15614,HRUSKASLIFELINES - BO3,gid://shopify/DraftOrder/1524552827246,#D25130,HRUSKASLIFELINES - BO3.2,,1,3,52.0,234.0,22.22,1,2,partial_instock_split,false
2026-05-28T15:59:51+00:00,gid://shopify/DraftOrder/1504378683758,#D15702,PK7144800 BO - BO3,gid://shopify/DraftOrder/1524552892782,#D25131,PK7144800 BO - BO3.2,,1,2,26.0,78.0,33.33,1,2,partial_instock_split,false
2026-05-28T16:00:29+00:00,gid://shopify/DraftOrder/1504481313134,#D15860,126133 - BO3,gid://shopify/DraftOrder/1524553220462,#D25132,126133 - BO3.2,,2,3,52.0,130.0,40.00,1,2,partial_instock_split,false
2026-05-28T16:00:40+00:00,gid://shopify/DraftOrder/1504482066798,#D15864,LE070LL0226 - BO3,gid://shopify/DraftOrder/1524553351534,#D25133,LE070LL0226 - BO3.2,,1,2,52.0,182.0,28.57,1,2,partial_instock_split,false
2026-05-28T16:02:02+00:00,gid://shopify/DraftOrder/1505112490350,#D16075,JB010526 - BO3,gid://shopify/DraftOrder/1524553843054,#D25136,JB010526 - BO3.2,,1,3,26.0,149.0,17.45,1,2,partial_instock_split,false
2026-05-28T16:04:00+00:00,gid://shopify/DraftOrder/1505153155438,#D16130,RD4606355 - BO3,gid://shopify/DraftOrder/1524554170734,#D25139,RD4606355 - BO3.2,,1,2,78.0,234.0,33.33,1,2,partial_instock_split,false
2026-05-28T16:04:22+00:00,gid://shopify/DraftOrder/1505153483118,#D16134,1180 - BO3,gid://shopify/DraftOrder/1524554236270,#D25140,1180 - BO3.2,,1,1,78.0,156.0,50.00,1,2,partial_instock_split,false
2026-05-28T16:04:38+00:00,gid://shopify/DraftOrder/1505153745262,#D16140,4533523SRG - BO3,gid://shopify/DraftOrder/1524554400110,#D25141,4533523SRG - BO3.2,,1,1,234.0,312.0,75.00,1,2,partial_instock_split,false
2026-05-28T16:05:04+00:00,gid://shopify/DraftOrder/1505154400622,#D16145,3-10013- BO3,gid://shopify/DraftOrder/1524554498414,#D25142,3-10013- BO3.2,,1,2,26.0,78.0,33.33,1,2,partial_instock_split,false
2026-05-28T16:05:41+00:00,gid://shopify/DraftOrder/1505155645806,#D16156,MM7590719 - BO3,gid://shopify/DraftOrder/1524554596718,#D25143,MM7590719 - BO3.2,,1,2,52.0,104.0,50.00,1,2,partial_instock_split,false
2026-05-28T16:06:08+00:00,gid://shopify/DraftOrder/1505156890990,#D16172,VB4922513 - BO3,gid://shopify/DraftOrder/1524554662254,#D25144,VB4922513 - BO3.2,,3,3,104.0,234.0,44.44,1,2,partial_instock_split,false
2026-05-28T16:06:29+00:00,gid://shopify/DraftOrder/1505158431086,#D16186,RP2535554 BO - BO3,gid://shopify/DraftOrder/1524554727790,#D25145,RP2535554 BO - BO3.2,,1,2,52.0,156.0,33.33,1,2,partial_instock_split,false
2026-05-28T16:07:09+00:00,gid://shopify/DraftOrder/1505205584238,#D16221,GP3208033 - BO3,gid://shopify/DraftOrder/1524554891630,#D25147,GP3208033 - BO3.2,,1,1,78.0,168.0,46.43,1,2,partial_instock_split,false
2026-05-28T16:08:10+00:00,gid://shopify/DraftOrder/1505216659822,#D16271,LFN0205NK - BO3,gid://shopify/DraftOrder/1524555055470,#D25148,LFN0205NK - BO3.2,,1,1,52.0,104.0,50.00,1,2,partial_instock_split,false
2026-05-28T16:08:32+00:00,gid://shopify/DraftOrder/1505219051886,#D16282,MM5939787 - BO3,gid://shopify/DraftOrder/1524555153774,#D25149,MM5939787 - BO3.2,,1,2,52.0,104.0,50.00,1,2,partial_instock_split,false
2026-05-28T16:09:28+00:00,gid://shopify/DraftOrder/1505226981742,#D16308,AB9676463 - BO3,gid://shopify/DraftOrder/1524555284846,#D25151,AB9676463 - BO3.2,,1,1,52.0,104.0,50.00,1,2,partial_instock_split,false
2026-05-28T16:09:49+00:00,gid://shopify/DraftOrder/1505228718446,#D16316,SR5983058 - BO3,gid://shopify/DraftOrder/1524555415918,#D25152,SR5983058 - BO3.2,,1,2,52.0,156.0,33.33,1,2,partial_instock_split,false
2026-05-28T16:10:05+00:00,gid://shopify/DraftOrder/1505229898094,#D16321,4273429-CL - BO3,gid://shopify/DraftOrder/1524555481454,#D25153,4273429-CL - BO3.2,,1,2,52.0,156.0,33.33,1,2,partial_instock_split,false
2026-05-28T16:10:21+00:00,gid://shopify/DraftOrder/1505231143278,#D16324,SR9747862 - BO3,gid://shopify/DraftOrder/1524555546990,#D25154,SR9747862 - BO3.2,,1,2,78.0,130.0,60.00,1,2,partial_instock_split,false
2026-05-28T16:10:43+00:00,gid://shopify/DraftOrder/1505233568110,#D16333,EF08012642336 - BO3,gid://shopify/DraftOrder/1524555612526,#D25155,EF08012642336 - BO3.2,,1,3,52.0,149.0,34.90,1,2,partial_instock_split,false
2026-05-28T16:11:08+00:00,gid://shopify/DraftOrder/1505237500270,#D16346,MM2818435 - BO3,gid://shopify/DraftOrder/1524555645294,#D25156,MM2818435 - BO3.2,,2,1,78.0,104.0,75.00,1,2,partial_instock_split,false
2026-05-28T16:12:04+00:00,gid://shopify/DraftOrder/1505250279790,#D16383,CF011526 - BO3/ MAY,gid://shopify/DraftOrder/1524556005742,#D25158,CF011526 - BO3/ MAY-BO,,1,1,52.0,104.0,50.00,0,1,partial_instock_split,false
2026-05-28T16:12:34+00:00,gid://shopify/DraftOrder/1505251033454,#D16395,SF6119623 - BO3,gid://shopify/DraftOrder/1524556104046,#D25159,SF6119623 - BO3.2,,1,1,130.0,208.0,62.50,1,2,partial_instock_split,false
2026-05-28T16:12:50+00:00,gid://shopify/DraftOrder/1505251164526,#D16398,VB4637560 - BO3,gid://shopify/DraftOrder/1524556169582,#D25160,VB4637560 - BO3.2,,1,2,26.0,78.0,33.33,1,2,partial_instock_split,false
2026-05-28T16:13:31+00:00,gid://shopify/DraftOrder/1505252082030,#D16416,YF3740903CY - BO3,gid://shopify/DraftOrder/1524556398958,#D25161,YF3740903CY - BO3.2,,1,2,26.0,130.0,20.00,1,2,partial_instock_split,false
2026-05-28T16:14:17+00:00,gid://shopify/DraftOrder/1505252868462,#D16433,VB3910300 - BO3,gid://shopify/DraftOrder/1524556530030,#D25162,VB3910300 - BO3.2,,1,1,52.0,104.0,50.00,1,2,partial_instock_split,false
2026-05-28T16:15:03+00:00,gid://shopify/DraftOrder/1505254277486,#D16460,AB5921861 - BO3,gid://shopify/DraftOrder/1524556857710,#D25163,AB5921861 - BO3.2,,1,2,26.0,78.0,33.33,1,2,partial_instock_split,false
2026-05-28T16:15:38+00:00,gid://shopify/DraftOrder/1505254703470,#D16469,AB7709041 - BO3,gid://shopify/DraftOrder/1524556988782,#D25165,AB7709041 - BO3.2,,1,2,52.0,156.0,33.33,1,2,partial_instock_split,false
2026-05-28T16:15:54+00:00,gid://shopify/DraftOrder/1505254867310,#D16472,AB9650646 BO - BO3,gid://shopify/DraftOrder/1524557119854,#D25166,AB9650646 BO - BO3.2,,2,2,78.0,130.0,60.00,1,2,partial_instock_split,false
2026-05-28T16:16:10+00:00,gid://shopify/DraftOrder/1505255129454,#D16479,MA8823246 - BO3,gid://shopify/DraftOrder/1524557152622,#D25167,MA8823246 - BO3.2,,1,1,52.0,104.0,50.00,1,2,partial_instock_split,false
2026-05-28T16:17:02+00:00,gid://shopify/DraftOrder/1505256276334,#D16504,indigo BO - BO3,gid://shopify/DraftOrder/1524557316462,#D25168,indigo BO - BO3.2,,1,3,156.0,624.0,25.00,1,2,partial_instock_split,false
2026-05-28T16:18:10+00:00,gid://shopify/DraftOrder/1505258504558,#D16550,SF5835648 - BO3,gid://shopify/DraftOrder/1524557775214,#D25169,SF5835648 - BO3.2,,1,2,52.0,156.0,33.33,1,2,partial_instock_split,false
2026-05-28T16:20:35+00:00,gid://shopify/DraftOrder/1505284391278,#D16647,WMT013026CY - BO3,gid://shopify/DraftOrder/1524558397806,#D25174,WMT013026CY - BO3.2,,1,2,26.0,78.0,33.33,1,2,partial_instock_split,false
2026-05-28T16:21:01+00:00,gid://shopify/DraftOrder/1505285013870,#D16665,LG012226YF6 - BO3,gid://shopify/DraftOrder/1524558496110,#D25175,LG012226YF6 - BO3.2,,1,2,78.0,182.0,42.86,1,2,partial_instock_split,false
2026-05-28T16:21:17+00:00,gid://shopify/DraftOrder/1505285538158,#D16679,225226DE - BO3,gid://shopify/DraftOrder/1524558528878,#D25176,225226DE - BO3.2,,1,2,52.0,104.0,50.00,1,2,partial_instock_split,false
2026-05-28T16:21:34+00:00,gid://shopify/DraftOrder/1505285833070,#D16688,PO: PO-1943 BO - BO3,gid://shopify/DraftOrder/1524558659950,#D25177,PO: PO-1943 BO - BO3.2,,1,2,52.0,104.0,50.00,1,2,partial_instock_split,false
2026-05-28T16:21:49+00:00,gid://shopify/DraftOrder/1505286521198,#D16704,MM6106501 BO - BO3,gid://shopify/DraftOrder/1524558725486,#D25178,MM6106501 BO - BO3.2,,1,1,52.0,104.0,50.00,1,2,partial_instock_split,false
2026-05-28T16:22:09+00:00,gid://shopify/DraftOrder/1505286717806,#D16709,SF7993052P - BO3,gid://shopify/DraftOrder/1524558823790,#D25179,SF7993052P - BO3.2,2026-04-25,1,2,104.0,208.0,50.00,1,2,partial_instock_split,false
2026-05-28T16:23:04+00:00,gid://shopify/DraftOrder/1505287668078,#D16735,DE3348041 - BO3,gid://shopify/DraftOrder/1524558987630,#D25181,DE3348041 - BO3.2,,1,2,26.0,104.0,25.00,1,2,partial_instock_split,false
2026-05-28T16:23:19+00:00,gid://shopify/DraftOrder/1505287962990,#D16741,SH7599419 - BO3,gid://shopify/DraftOrder/1524559053166,#D25182,SH7599419 - BO3.2,,1,2,52.0,156.0,33.33,1,2,partial_instock_split,false
2026-05-28T16:24:11+00:00,gid://shopify/DraftOrder/1505288880494,#D16764,LL021226-SB  BO - BO3,gid://shopify/DraftOrder/1524559249774,#D25183,LL021226-SB  BO - BO3.2,,1,2,52.0,156.0,33.33,1,2,partial_instock_split,false
2026-05-28T16:25:02+00:00,gid://shopify/DraftOrder/1505289699694,#D16784,MM7738100 - BO3,gid://shopify/DraftOrder/1524559544686,#D25184,MM7738100 - BO3.2,,1,3,26.0,123.0,21.14,1,2,partial_instock_split,false
2026-05-28T16:25:18+00:00,gid://shopify/DraftOrder/1505289961838,#D16792,756007595B  BO - BO3,gid://shopify/DraftOrder/1524559642990,#D25185,756007595B  BO - BO3.2,,1,1,78.0,182.0,42.86,1,2,partial_instock_split,false
2026-05-28T16:25:39+00:00,gid://shopify/DraftOrder/1505290322286,#D16799,12826VT-LL-TGTG - BO3,gid://shopify/DraftOrder/1524559774062,#D25186,12826VT-LL-TGTG - BO3.2,,1,3,130.0,305.0,42.62,1,2,partial_instock_split,false
2026-05-28T16:26:00+00:00,gid://shopify/DraftOrder/1505290518894,#D16805,AB6905942  BO - BO3,gid://shopify/DraftOrder/1524559839598,#D25187,AB6905942  BO - BO3.2,,1,2,26.0,78.0,33.33,1,2,partial_instock_split,false
2026-05-28T16:26:26+00:00,gid://shopify/DraftOrder/1505291075950,#D16817,MINI / FL ART BO - BO3,gid://shopify/DraftOrder/1524559905134,#D25188,MINI / FL ART BO - BO3.2,,1,2,156.0,260.0,60.00,1,2,partial_instock_split,false
2026-05-28T16:26:47+00:00,gid://shopify/DraftOrder/1505291436398,#D16825,#VT2418260 - BO3,gid://shopify/DraftOrder/1524560134510,#D25189,#VT2418260 - BO3.2,,1,1,52.0,104.0,50.00,1,2,partial_instock_split,false
2026-05-28T16:27:39+00:00,gid://shopify/DraftOrder/1505292321134,#D16847,mini/ flart bo - BO3,gid://shopify/DraftOrder/1524560298350,#D25191,mini/ flart bo - BO3.2,,1,2,234.0,312.0,75.00,1,2,partial_instock_split,false
2026-05-28T16:28:00+00:00,gid://shopify/DraftOrder/1505292452206,#D16851,SB5714557  BO - BO3,gid://shopify/DraftOrder/1524560462190,#D25192,SB5714557  BO - BO3.2,,1,2,52.0,104.0,50.00,1,2,partial_instock_split,false
2026-05-28T16:28:15+00:00,gid://shopify/DraftOrder/1505292648814,#D16855,LN0226 BO - BO3,gid://shopify/DraftOrder/1524560560494,#D25193,LN0226 BO - BO3.2,,1,1,78.0,156.0,50.00,1,2,partial_instock_split,false
2026-05-28T16:28:52+00:00,gid://shopify/DraftOrder/1505293205870,#D16870,LL022126-SB BO - BO3,gid://shopify/DraftOrder/1524560691566,#D25194,LL022126-SB BO - BO3.2,,1,2,156.0,468.0,33.33,1,2,partial_instock_split,false
2026-05-28T16:29:14+00:00,gid://shopify/DraftOrder/1505293369710,#D16875,MM7738100-SC BO - BO3,gid://shopify/DraftOrder/1524560789870,#D25195,MM7738100-SC BO - BO3.2,,1,3,26.0,123.0,21.14,1,2,partial_instock_split,false
2026-05-28T16:29:51+00:00,gid://shopify/DraftOrder/1505294680430,#D16906,AB3059704,gid://shopify/DraftOrder/1524561117550,#D25196,AB3059704-BO,,1,2,26.0,78.0,33.33,0,1,partial_instock_split,false
2026-05-28T16:31:49+00:00,gid://shopify/DraftOrder/1505298284910,#D16988,Toy Fair BO - BO3,gid://shopify/DraftOrder/1524561510766,#D25197,Toy Fair BO - BO3.2,,1,2,78.0,234.0,33.33,1,2,partial_instock_split,false
2026-05-28T16:32:35+00:00,gid://shopify/DraftOrder/1505298973038,#D17008,JM2247804 - BO3,gid://shopify/DraftOrder/1524561740142,#D25198,JM2247804 - BO3.2,,1,1,234.0,468.0,50.00,1,2,partial_instock_split,false
2026-05-28T16:32:50+00:00,gid://shopify/DraftOrder/1505299136878,#D17012,DE3380977 - BO3,gid://shopify/DraftOrder/1524561871214,#D25199,DE3380977 - BO3.2,,1,3,130.0,357.0,36.41,1,2,partial_instock_split,false
2026-05-28T16:33:05+00:00,gid://shopify/DraftOrder/1505299399022,#D17018,LL021026-SB - BO3,gid://shopify/DraftOrder/1524561936750,#D25200,LL021026-SB - BO3.2,,1,2,52.0,156.0,33.33,1,2,partial_instock_split,false
2026-05-28T16:33:20+00:00,gid://shopify/DraftOrder/1505299562862,#D17021,SF15022654782 - BO3,gid://shopify/DraftOrder/1524562035054,#D25201,SF15022654782 - BO3.2,,1,2,52.0,130.0,40.00,1,2,partial_instock_split,false
2026-05-28T16:33:36+00:00,gid://shopify/DraftOrder/1505300119918,#D17029,MM7738100-HURR BO - BO3,gid://shopify/DraftOrder/1524562100590,#D25202,MM7738100-HURR BO - BO3.2,,1,3,26.0,123.0,21.14,1,2,partial_instock_split,false
2026-05-28T16:33:52+00:00,gid://shopify/DraftOrder/1505300414830,#D17036,LSKR3669840 BO - BO3,gid://shopify/DraftOrder/1524562231662,#D25203,LSKR3669840 BO - BO3.2,,1,1,52.0,104.0,50.00,1,2,partial_instock_split,false
2026-05-28T16:34:12+00:00,gid://shopify/DraftOrder/1505300644206,#D17040,AB4047635 - BO3,gid://shopify/DraftOrder/1524562264430,#D25204,AB4047635 - BO3.2,,1,2,52.0,156.0,33.33,1,2,partial_instock_split,false
2026-05-28T16:34:35+00:00,gid://shopify/DraftOrder/1505301070190,#D17048,2122026 - BO3,gid://shopify/DraftOrder/1524562362734,#D25205,2122026 - BO3.2,,1,2,26.0,78.0,33.33,1,2,partial_instock_split,false
2026-05-28T16:34:46+00:00,gid://shopify/DraftOrder/1505301397870,#D17056,DE6054387 - BO3,gid://shopify/DraftOrder/1524562461038,#D25206,DE6054387 - BO3.2,,1,2,52.0,156.0,33.33,1,2,partial_instock_split,false
2026-05-28T16:34:57+00:00,gid://shopify/DraftOrder/1505301561710,#D17060,16367 BO - BO3,gid://shopify/DraftOrder/1524562526574,#D25207,16367 BO - BO3.2,,1,2,26.0,123.0,21.14,1,2,partial_instock_split,false
2026-05-28T16:35:32+00:00,gid://shopify/DraftOrder/1505302348142,#D17076,RebeccaCOllection BO - BO3,gid://shopify/DraftOrder/1524562624878,#D25208,RebeccaCOllection BO - BO3.2,,1,3,104.0,260.0,40.00,1,2,partial_instock_split,false
2026-05-28T16:35:53+00:00,gid://shopify/DraftOrder/1505302872430,#D17090,LL020326-Sb - BO3,gid://shopify/DraftOrder/1524562690414,#D25209,LL020326-Sb - BO3.2,,1,2,26.0,78.0,33.33,1,2,partial_instock_split,false
2026-05-28T16:36:19+00:00,gid://shopify/DraftOrder/1505303462254,#D17099,12926DE - BO3,gid://shopify/DraftOrder/1524562821486,#D25210,12926DE - BO3.2,,1,3,52.0,149.0,34.90,1,2,partial_instock_split,false
2026-05-28T16:36:55+00:00,gid://shopify/DraftOrder/1505304281454,#D17117,BW012126 - BO3,gid://shopify/DraftOrder/1524563018094,#D25211,BW012126 - BO3.2,,1,2,26.0,104.0,25.00,1,2,partial_instock_split,false
2026-05-28T16:39:16+00:00,gid://shopify/DraftOrder/1505307066734,#D17180,GP3208033 - BO3,gid://shopify/DraftOrder/1524563673454,#D25213,GP3208033 - BO3.2,,1,2,52.0,156.0,33.33,1,2,partial_instock_split,false
2026-05-28T16:39:42+00:00,gid://shopify/DraftOrder/1505307394414,#D17186,LL012826CY - BO3,gid://shopify/DraftOrder/1524563771758,#D25214,LL012826CY - BO3.2,,1,2,78.0,182.0,42.86,1,2,partial_instock_split,false
2026-05-28T16:39:57+00:00,gid://shopify/DraftOrder/1505307623790,#D17192,VT7723097 - BO3,gid://shopify/DraftOrder/1524563804526,#D25215,VT7723097 - BO3.2,,1,1,26.0,52.0,50.00,1,2,partial_instock_split,false
2026-05-28T16:40:39+00:00,gid://shopify/DraftOrder/1505308082542,#D17202,LL012826-SB - BO3,gid://shopify/DraftOrder/1524564001134,#D25216,LL012826-SB - BO3.2,,1,2,78.0,234.0,33.33,1,2,partial_instock_split,false
2026-05-28T16:41:26+00:00,gid://shopify/DraftOrder/1505309294958,#D17229,MM6902237 - BO3,gid://shopify/DraftOrder/1524564263278,#D25217,MM6902237 - BO3.2,,1,1,52.0,104.0,50.00,1,2,partial_instock_split,false
2026-05-28T16:42:17+00:00,gid://shopify/DraftOrder/1505309983086,#D17248,01.27.26 BO - BO3,gid://shopify/DraftOrder/1524564623726,#D25219,01.27.26 BO - BO3.2,,1,2,26.0,78.0,33.33,1,2,partial_instock_split,false
2026-05-28T16:42:28+00:00,gid://shopify/DraftOrder/1505310081390,#D17251,K009 - BO3,gid://shopify/DraftOrder/1524564754798,#D25220,K009 - BO3.2,,1,1,52.0,104.0,50.00,1,2,partial_instock_split,false
2026-05-28T16:42:47+00:00,gid://shopify/DraftOrder/1505310474606,#D17262,1506 - BO3,gid://shopify/DraftOrder/1524564951406,#D25221,1506 - BO3.2,,1,2,52.0,130.0,40.00,1,2,partial_instock_split,false
2026-05-28T16:43:02+00:00,gid://shopify/DraftOrder/1505310671214,#D17268,KH3268994 - BO3,gid://shopify/DraftOrder/1524565148014,#D25222,KH3268994 - BO3.2,,1,2,52.0,130.0,40.00,1,2,partial_instock_split,false
2026-05-28T16:43:18+00:00,gid://shopify/DraftOrder/1505382793582,#D17299,MM7148432 - BO3,gid://shopify/DraftOrder/1524565180782,#D25223,MM7148432 - BO3.2,,1,2,156.0,260.0,60.00,1,2,partial_instock_split,false
2026-05-28T16:46:48+00:00,gid://shopify/DraftOrder/1505496662382,#D17417,LL022626-SB  BO - BO3,gid://shopify/DraftOrder/1524565868910,#D25230,LL022626-SB  BO - BO3.2,,1,3,52.0,246.0,21.14,1,2,partial_instock_split,false
2026-05-28T16:47:13+00:00,gid://shopify/DraftOrder/1505503379822,#D17429,324669 - BO3,gid://shopify/DraftOrder/1524565999982,#D25231,324669 - BO3.2,,1,2,886.60,2659.80,33.33,1,2,partial_instock_split,false
2026-05-28T16:51:33+00:00,gid://shopify/DraftOrder/1505609875822,#D17593,PJ9557098 - BO3,gid://shopify/DraftOrder/1524567245166,#D25232,PJ9557098 - BO3.2,,1,2,26.0,104.0,25.00,1,2,partial_instock_split,false
2026-05-28T16:51:49+00:00,gid://shopify/DraftOrder/1505618329966,#D17597,JB9167554 - BO3,gid://shopify/DraftOrder/1524567277934,#D25233,JB9167554 - BO3.2,,1,2,78.0,130.0,60.00,1,2,partial_instock_split,false
2026-05-28T16:52:44+00:00,gid://shopify/DraftOrder/1505681113454,#D17634,NK5950784 BO - BO3,gid://shopify/DraftOrder/1524567343470,#D25234,NK5950784 BO - BO3.2,,1,2,52.0,156.0,33.33,1,2,partial_instock_split,false
2026-05-28T16:53:11+00:00,gid://shopify/DraftOrder/1505681473902,#D17642,EF7411154 - BO3,gid://shopify/DraftOrder/1524567572846,#D25235,EF7411154 - BO3.2,,1,1,78.0,156.0,50.00,1,2,partial_instock_split,false
2026-05-28T16:55:40+00:00,gid://shopify/DraftOrder/1505921466734,#D17772,3926DE - BO3,gid://shopify/DraftOrder/1524568064366,#D25240,3926DE - BO3.2,,2,1,78.0,130.0,60.00,1,2,partial_instock_split,false
2026-05-28T16:56:00+00:00,gid://shopify/DraftOrder/1506246558062,#D17914,SF2723338 - BO3,gid://shopify/DraftOrder/1524568162670,#D25241,SF2723338 - BO3.2,,1,2,52.0,156.0,33.33,1,2,partial_instock_split,false
2026-05-28T16:56:44+00:00,gid://shopify/DraftOrder/1506360590702,#D17982,LE373LL0226 - BO3,gid://shopify/DraftOrder/1524568523118,#D25243,LE373LL0226 - BO3.2,,1,1,52.0,104.0,50.00,1,2,partial_instock_split,false
2026-05-28T16:59:08+00:00,gid://shopify/DraftOrder/1506721923438,#D18332,SP7522313 BO - BO3,gid://shopify/DraftOrder/1524569112942,#D25245,SP7522313 BO - BO3.2,,1,1,52.0,104.0,50.00,1,2,partial_instock_split,false
2026-05-28T17:00:08+00:00,gid://shopify/DraftOrder/1507022111086,#D18390,LL021726CY - BO3,gid://shopify/DraftOrder/1524569375086,#D25247,LL021726CY - BO3.2,,2,2,52.0,104.0,50.00,1,2,partial_instock_split,false
2026-05-28T17:00:24+00:00,gid://shopify/DraftOrder/1507389931886,#D18409,FLART,gid://shopify/DraftOrder/1524569440622,#D25248,FLART-BO,,1,3,26.0,104.0,25.00,0,1,partial_instock_split,false
2026-05-28T17:00:45+00:00,gid://shopify/DraftOrder/1507483124078,#D18501,BACKORDER-1/ May flart,gid://shopify/DraftOrder/1524569571694,#D25249,BACKORDER-1/ May flart-BO,,3,1,104.0,156.0,66.67,0,1,partial_instock_split,false
2026-05-28T17:03:25+00:00,gid://shopify/DraftOrder/1507883680110,#D18629,MM7981651 BO - BO3,gid://shopify/DraftOrder/1524570227054,#D25254,MM7981651 BO - BO3.2,,1,1,156.0,312.0,50.00,1,2,partial_instock_split,false
2026-05-28T17:04:32+00:00,gid://shopify/DraftOrder/1508015440238,#D18673,LG010926BB - BO3,gid://shopify/DraftOrder/1524570325358,#D25255,LG010926BB - BO3.2,,1,2,52.0,156.0,33.33,1,2,partial_instock_split,false
2026-05-28T17:05:35+00:00,gid://shopify/DraftOrder/1508128555374,#D18698,DE3978134 BO - BO3,gid://shopify/DraftOrder/1524571210094,#D25256,DE3978134 BO - BO3.2,,1,2,26.0,78.0,33.33,1,2,partial_instock_split,false
2026-05-28T17:08:32+00:00,gid://shopify/DraftOrder/1508170924398,#D18819,LFN050126 BO - BO3 / MAy,gid://shopify/DraftOrder/1524571832686,#D25257,LFN050126 BO - BO3 / MAy-BO,,1,2,26.0,104.0,25.00,0,1,partial_instock_split,false
2026-05-28T17:08:53+00:00,gid://shopify/DraftOrder/1508189307246,#D18829,SP8829890 - BO3,gid://shopify/DraftOrder/1524571963758,#D25258,SP8829890 - BO3.2,,1,2,52.0,149.0,34.90,1,2,partial_instock_split,false
2026-05-28T17:11:59+00:00,gid://shopify/DraftOrder/1508260577646,#D18911,DL8902088 - BO3,gid://shopify/DraftOrder/1524572782958,#D25259,DL8902088 - BO3.2,,1,2,52.0,156.0,33.33,1,2,partial_instock_split,false
2026-05-28T17:17:00+00:00,gid://shopify/DraftOrder/1509543706990,#D19732,MM5026787 - BO3,gid://shopify/DraftOrder/1524574585198,#D25264,MM5026787 - BO3.2,2026-03-31,2,1,52.0,78.0,66.67,1,2,partial_instock_split,false
2026-05-28T17:17:47+00:00,gid://shopify/DraftOrder/1509795987822,#D19871,KB8528092 - BO3,gid://shopify/DraftOrder/1524575142254,#D25266,KB8528092 - BO3.2,2026-04-01,1,1,52.0,104.0,50.00,1,2,partial_instock_split,false
2026-05-28T17:20:08+00:00,gid://shopify/DraftOrder/1510798721390,#D20150,CK040426-2 - BO3,gid://shopify/DraftOrder/1524575764846,#D25271,CK040426-2 - BO3.2,2026-04-04,1,3,26.0,104.0,25.00,1,2,partial_instock_split,false
2026-05-28T17:21:37+00:00,gid://shopify/DraftOrder/1511140295022,#D20249,2279,gid://shopify/DraftOrder/1524576026990,#D25274,2279-BO,2026-05-01,1,1,26.0,52.0,50.00,0,1,partial_instock_split,false
2026-05-28T17:21:48+00:00,gid://shopify/DraftOrder/1511360594286,#D20284,44805342 - BO3,gid://shopify/DraftOrder/1524576158062,#D25275,44805342 - BO3.2,,1,2,52.0,156.0,33.33,1,2,partial_instock_split,false
2026-05-28T17:23:24+00:00,gid://shopify/DraftOrder/1511845462382,#D20444,MM5108688 - BO3,gid://shopify/DraftOrder/1524576551278,#D25277,MM5108688 - BO3.2,2026-04-10,2,1,52.0,78.0,66.67,1,2,partial_instock_split,false
2026-05-28T17:23:45+00:00,gid://shopify/DraftOrder/1511904739694,#D20477,SF4873445 - BO3,gid://shopify/DraftOrder/1524576747886,#D25279,SF4873445 - BO3.2,2026-04-07,1,2,52.0,104.0,50.00,1,2,partial_instock_split,false
2026-05-28T17:24:27+00:00,gid://shopify/DraftOrder/1512085225838,#D20521,SR2574838 - BO3,gid://shopify/DraftOrder/1524577239406,#D25282,SR2574838 - BO3.2,2026-04-10,1,1,78.0,130.0,60.00,1,2,partial_instock_split,false
2026-05-28T17:24:48+00:00,gid://shopify/DraftOrder/1512354120046,#D20531,AB1081560 - BO3,gid://shopify/DraftOrder/1524577304942,#D25283,AB1081560 - BO3.2,2026-04-12,2,2,104.0,156.0,66.67,1,2,partial_instock_split,false
2026-05-28T17:25:03+00:00,gid://shopify/DraftOrder/1512377811310,#D20537,MM2660809 - BO3,gid://shopify/DraftOrder/1524577501550,#D25284,MM2660809 - BO3.2,2026-04-12,1,2,52.0,130.0,40.00,1,2,partial_instock_split,false
2026-05-28T17:25:29+00:00,gid://shopify/DraftOrder/1512942403950,#D20875,AB2570278 - BO3,gid://shopify/DraftOrder/1524577567086,#D25285,AB2570278 - BO3.2,2026-04-14,1,2,52.0,104.0,50.00,1,2,partial_instock_split,false
2026-05-28T17:25:45+00:00,gid://shopify/DraftOrder/1513239314798,#D20951,LL041426-SB - BO3,gid://shopify/DraftOrder/1524577632622,#D25286,LL041426-SB - BO3.2,2026-04-15,2,2,104.0,208.0,50.00,1,2,partial_instock_split,false
2026-05-28T17:26:00+00:00,gid://shopify/DraftOrder/1513239740782,#D20957,16397-K - BO3,gid://shopify/DraftOrder/1524577763694,#D25287,16397-K - BO3.2,2026-04-15,1,2,52.0,156.0,33.33,1,2,partial_instock_split,false
2026-05-28T17:26:21+00:00,gid://shopify/DraftOrder/1513240658286,#D20973,SP4749256 - BO3,gid://shopify/DraftOrder/1524577829230,#D25288,SP4749256 - BO3.2,2026-04-15,2,1,104.0,149.0,69.80,1,2,partial_instock_split,false
2026-05-28T17:26:37+00:00,gid://shopify/DraftOrder/1513240920430,#D20979,MM7388918 - BO3,gid://shopify/DraftOrder/1524577894766,#D25289,MM7388918 - BO3.2,2026-04-15,1,1,156.0,201.0,77.61,1,2,partial_instock_split,false
2026-05-28T17:29:35+00:00,gid://shopify/DraftOrder/1515397513582,#D22349,AB2831364 - BO3,gid://shopify/DraftOrder/1524578484590,#D25290,AB2831364 - BO3.2,2026-04-15,2,2,130.0,208.0,62.50,1,2,partial_instock_split,false
2026-05-28T17:31:31+00:00,gid://shopify/DraftOrder/1516396216686,#D22582,VB1691134 - BO3,gid://shopify/DraftOrder/1524579074414,#D25291,VB1691134 - BO3.2,2026-04-24,2,3,130.0,286.0,45.45,1,2,partial_instock_split,false
2026-05-28T17:31:57+00:00,gid://shopify/DraftOrder/1516452020590,#D22600,VB1600737 - BO3,gid://shopify/DraftOrder/1524579107182,#D25292,VB1600737 - BO3.2,2026-04-22,2,3,130.0,286.0,45.45,1,2,partial_instock_split,false
2026-05-28T17:32:30+00:00,gid://shopify/DraftOrder/1516926140782,#D22634,CK042326 - BO3,gid://shopify/DraftOrder/1524579238254,#D25293,CK042326 - BO3.2,2026-04-23,2,2,104.0,156.0,66.67,1,2,partial_instock_split,false
2026-05-28T17:32:46+00:00,gid://shopify/DraftOrder/1516941312366,#D22638,HT042726 - BO3,gid://shopify/DraftOrder/1524579303790,#D25294,HT042726 - BO3.2,2026-04-27,1,3,26.0,182.0,14.29,1,2,partial_instock_split,false
2026-05-28T17:33:12+00:00,gid://shopify/DraftOrder/1517081067886,#D22729,7575776SRG - BO3,gid://shopify/DraftOrder/1524579467630,#D25295,7575776SRG - BO3.2,2026-04-27,2,1,52.0,78.0,66.67,1,2,partial_instock_split,false
2026-05-28T17:33:38+00:00,gid://shopify/DraftOrder/1517383909742,#D22820,BW6728 - BO3,gid://shopify/DraftOrder/1524579631470,#D25296,BW6728 - BO3.2,2026-04-23,2,3,130.0,286.0,45.45,1,2,partial_instock_split,false
2026-05-28T17:34:39+00:00,gid://shopify/DraftOrder/1517860061550,#D23130,BE2545339 - BO3,gid://shopify/DraftOrder/1524579795310,#D25297,BE2545339 - BO3.2,2026-04-27,2,2,78.0,130.0,60.00,1,2,partial_instock_split,false
2026-05-28T17:36:11+00:00,gid://shopify/DraftOrder/1518633058670,#D23304,CS1044121 - BO3,gid://shopify/DraftOrder/1524579959150,#D25298,CS1044121 - BO3.2,2026-05-03,1,3,52.0,234.0,22.22,1,2,partial_instock_split,false
2026-05-28T17:37:38+00:00,gid://shopify/DraftOrder/1519544500590,#D23532,JM1141944 - BO3,gid://shopify/DraftOrder/1524580876654,#D25299,JM1141944 - BO3.2,2026-05-07,1,2,26.0,78.0,33.33,1,2,partial_instock_split,false
2026-05-28T17:37:54+00:00,gid://shopify/DraftOrder/1519671771502,#D23575,2112 - BO3,gid://shopify/DraftOrder/1524580974958,#D25300,2112 - BO3.2,2026-05-07,1,2,26.0,78.0,33.33,1,2,partial_instock_split,false
2026-05-28T17:38:25+00:00,gid://shopify/DraftOrder/1519846359406,#D23601,AD-030326 - BO3,gid://shopify/DraftOrder/1524581073262,#D25301,AD-030326 - BO3.2,2026-05-08,1,3,78.0,234.0,33.33,1,2,partial_instock_split,false
2026-05-28T17:39:59+00:00,gid://shopify/DraftOrder/1520680730990,#D23724,AF4222059 - BO3,gid://shopify/DraftOrder/1524581597550,#D25302,AF4222059 - BO3.2,2026-05-12,1,1,52.0,130.0,40.00,1,2,partial_instock_split,false
2026-05-28T17:40:30+00:00,gid://shopify/DraftOrder/1520750068078,#D23778,JM7872325 - BO3,gid://shopify/DraftOrder/1524581761390,#D25303,JM7872325 - BO3.2,2026-05-12,1,3,52.0,182.0,28.57,1,2,partial_instock_split,false
2026-05-28T17:40:40+00:00,gid://shopify/DraftOrder/1520750199150,#D23780,JS1472293 - BO1,gid://shopify/DraftOrder/1524581794158,#D25304,JS1472293 - BO1.2,2026-05-12,1,1,26.0,26.0,100.00,1,2,partial_instock_split,false
2026-05-28T17:42:02+00:00,gid://shopify/DraftOrder/1520980296046,#D23906,MB3030432 - BO3,gid://shopify/DraftOrder/1524582056302,#D25305,MB3030432 - BO3.2,2026-05-12,1,1,52.0,78.0,66.67,1,2,partial_instock_split,false
2026-05-28T17:46:50+00:00,gid://shopify/DraftOrder/1522785943918,#D24576,2138 - BO1,gid://shopify/DraftOrder/1524583694702,#D25309,2138 - BO1.2,,1,1,26.0,26.0,100.00,1,2,partial_instock_split,false
2026-05-28T17:47:15+00:00,gid://shopify/DraftOrder/1522786107758,#D24580,RD5781151 - BO1,gid://shopify/DraftOrder/1524583825774,#D25310,RD5781151 - BO1.2,2026-05-15,2,1,52.0,92.0,56.52,1,2,partial_instock_split,false
2026-05-28T17:49:11+00:00,gid://shopify/DraftOrder/1524038435182,#D24812,EF1534689 - BO3,gid://shopify/DraftOrder/1524584546670,#D25311,EF1534689 - BO3.2,2026-05-18,1,1,26.0,52.0,50.00,1,2,partial_instock_split,false
2026-05-28T17:49:22+00:00,gid://shopify/DraftOrder/1524046463342,#D24814,Craftiviti BO,gid://shopify/DraftOrder/1524584644974,#D25312,Craftiviti BO.2,,2,1,52.0,78.0,66.67,1,2,partial_instock_split,false
2026-05-28T17:50:58+00:00,gid://shopify/DraftOrder/1524243857774,#D24900,CP8227209 - BO1,gid://shopify/DraftOrder/1524585005422,#D25313,CP8227209 - BO1.2,2026-05-21,2,2,52.0,118.0,44.07,1,2,partial_instock_split,false
2026-05-28T17:51:19+00:00,gid://shopify/DraftOrder/1524244218222,#D24906,22421-JC - BO1,gid://shopify/DraftOrder/1524585136494,#D25314,22421-JC - BO1.2,2026-05-12,2,1,52.0,104.0,50.00,1,2,partial_instock_split,false
2026-05-28T17:51:39+00:00,gid://shopify/DraftOrder/1524318470510,#D24917,2139 BO1,gid://shopify/DraftOrder/1524585267566,#D25315,2139 BO1.2,,1,1,26.0,52.0,50.00,1,2,partial_instock_split,false
2026-05-28T17:52:10+00:00,gid://shopify/DraftOrder/1524438073710,#D25112,AV4777161 - BO3,gid://shopify/DraftOrder/1524585660782,#D25316,AV4777161 - BO3.2,2026-05-27,1,1,104.0,130.0,80.00,1,2,partial_instock_split,false
2026-05-28T20:50:01+00:00,gid://shopify/DraftOrder/1505284424046,#D16648,WMT013026CY - BO4,gid://shopify/DraftOrder/1524631503214,#D25334,WMT013026CY - BO4.2,,1,1,26.0,52.0,50.00,1,2,partial_instock_split,false
2026-05-28T21:09:08+00:00,gid://shopify/DraftOrder/1505548829038,#D17565,SF3901404 - BO4,gid://shopify/DraftOrder/1524635009390,#D25335,SF3901404 - BO4.2,,1,1,26.0,78.0,33.33,1,2,partial_instock_split,false
2026-05-28T21:09:18+00:00,gid://shopify/DraftOrder/1505584742766,#D17576,MM6592046 - BO4,gid://shopify/DraftOrder/1524635042158,#D25336,MM6592046 - BO4.2,,1,1,52.0,104.0,50.00,1,2,partial_instock_split,false
2026-05-28T21:15:18+00:00,gid://shopify/DraftOrder/1507427385710,#D18451,10104428	0006,gid://shopify/DraftOrder/1524635926894,#D25338,10104428	0006-BO,,1,1,23.40,46.80,50.00,0,1,partial_instock_split,false
2026-05-28T21:52:00+00:00,gid://shopify/DraftOrder/1524590051694,#D25319,JB050826 - BO3,gid://shopify/DraftOrder/1524643168622,#D25341,JB050826 - BO3.2,2026-05-08,1,4,52.0,227.0,22.91,1,2,partial_instock_split,false
2026-05-28T21:52:16+00:00,gid://shopify/DraftOrder/1524590281070,#D25324,PL-LIFELINES-MAY26 - BO3,gid://shopify/DraftOrder/1524643266926,#D25342,PL-LIFELINES-MAY26 - BO3.2,2026-05-08,1,2,52.0,149.0,34.90,1,2,partial_instock_split,false
2026-05-29T00:06:20+00:00,gid://shopify/DraftOrder/1524651262318,#D25348,MM8566464,gid://shopify/DraftOrder/1524664861038,#D25365,MM8566464-BO,2026-05-28,19,11,854.0,1292.0,66.10,0,1,partial_instock_split,false
2026-05-29T00:06:41+00:00,gid://shopify/DraftOrder/1524651327854,#D25350,MM8874646,gid://shopify/DraftOrder/1524664893806,#D25366,MM8874646-BO,2026-05-28,19,11,854.0,1292.0,66.10,0,1,partial_instock_split,false
2026-05-29T00:07:02+00:00,gid://shopify/DraftOrder/1524651393390,#D25352,MM7456643,gid://shopify/DraftOrder/1524664959342,#D25367,MM7456643-BO,2026-05-28,19,11,854.0,1292.0,66.10,0,1,partial_instock_split,false
2026-05-29T00:07:19+00:00,gid://shopify/DraftOrder/1524651622766,#D25354,OSHG052326,gid://shopify/DraftOrder/1524665057646,#D25368,OSHG052326-BO,2026-05-23,9,5,392.0,652.0,60.12,0,1,partial_instock_split,false
2026-05-29T00:07:35+00:00,gid://shopify/DraftOrder/1524651688302,#D25356,WSHG052626,gid://shopify/DraftOrder/1524665090414,#D25369,WSHG052626-BO,2026-05-26,12,1,313.0,339.0,92.33,0,1,partial_instock_split,false
2026-05-29T00:07:54+00:00,gid://shopify/DraftOrder/1524651753838,#D25358,HVHG052526,gid://shopify/DraftOrder/1524665155950,#D25370,HVHG052526-BO,2026-05-25,15,3,786.0,916.0,85.81,0,1,partial_instock_split,false
2026-05-29T17:04:41+00:00,gid://shopify/DraftOrder/1511360692590,#D20285,44805342 ^44805522- BO4/ wags/ minis,gid://shopify/DraftOrder/1524798783854,#D25398,44805342 ^44805522- BO4/ wags/ minis-BO,,1,2,84.0,220.0,38.18,0,1,partial_instock_split,false
2026-05-29T21:52:20+00:00,gid://shopify/DraftOrder/1524319617390,#D24923,8587 - BO1,gid://shopify/DraftOrder/1524868284782,#D25419,8587 - BO1.2,2026-05-26,1,1,78.0,130.0,60.00,1,2,partial_instock_split,false
2026-05-29T21:52:31+00:00,gid://shopify/DraftOrder/1524319650158,#D24924,8587 - BO3,gid://shopify/DraftOrder/1524868350318,#D25420,8587 - BO3.2,2026-05-26,1,6,78.0,506.0,15.42,1,2,partial_instock_split,false
2026-05-29T21:54:11+00:00,gid://shopify/DraftOrder/1524651360622,#D25351,MM8456655 - BO3,gid://shopify/DraftOrder/1524868710766,#D25421,MM8456655 - BO3.2,2026-05-28,1,5,52.0,260.0,20.00,1,2,partial_instock_split,false
2026-05-29T21:54:43+00:00,gid://shopify/DraftOrder/1524651852142,#D25360,MM8577443 - BO3,gid://shopify/DraftOrder/1524868776302,#D25422,MM8577443 - BO3.2,2026-05-28,1,5,52.0,260.0,20.00,1,2,partial_instock_split,false
2026-05-30T00:03:13+00:00,gid://shopify/DraftOrder/1524319486318,#D24919,8587,gid://shopify/DraftOrder/1524904690030,#D25437,8587-BO,2026-05-26,15,2,869.0,951.0,91.38,0,1,partial_instock_split,false
2026-05-30T00:04:59+00:00,gid://shopify/DraftOrder/1524651000174,#D25343,BH3570547,gid://shopify/DraftOrder/1524905083246,#D25438,BH3570547-BO,2026-05-27,10,1,276.0,302.0,91.39,0,1,partial_instock_split,false
2026-05-30T00:05:12+00:00,gid://shopify/DraftOrder/1524651131246,#D25345,MM8577443,gid://shopify/DraftOrder/1524905148782,#D25439,MM8577443-BO,2026-05-28,18,1,776.0,854.0,90.87,0,1,partial_instock_split,false
2026-05-30T00:05:27+00:00,gid://shopify/DraftOrder/1524651229550,#D25347,MM8456655,gid://shopify/DraftOrder/1524905214318,#D25440,MM8456655-BO,2026-05-28,18,1,776.0,854.0,90.87,0,1,partial_instock_split,false
2026-06-01T19:31:31+00:00,gid://shopify/DraftOrder/1521325310318,#D24184,JC7790231,gid://shopify/DraftOrder/1525404369262,#D25513,JC7790231-BO,2026-06-05,18,1,482.0,503.0,95.83,0,1,partial_instock_split,false
2026-06-01T19:40:57+00:00,gid://shopify/DraftOrder/1524877853038,#D25431,CW2143057 - BO1,gid://shopify/DraftOrder/1525406892398,#D25515,CW2143057 - BO1.2,2026-05-28,1,1,52.0,104.0,50.00,1,2,partial_instock_split,false
2026-06-01T19:41:08+00:00,gid://shopify/DraftOrder/1524877885806,#D25432,CW2143057 - BO3,gid://shopify/DraftOrder/1525406925166,#D25516,CW2143057 - BO3.2,2026-05-28,1,3,52.0,156.0,33.33,1,2,partial_instock_split,false
2026-06-01T19:41:20+00:00,gid://shopify/DraftOrder/1524877951342,#D25433,GB1397354 - BO1,gid://shopify/DraftOrder/1525406990702,#D25517,GB1397354 - BO1.2,2026-05-28,1,1,78.0,156.0,50.00,1,2,partial_instock_split,false
2026-06-01T19:41:42+00:00,gid://shopify/DraftOrder/1524878082414,#D25436,LG52526TP - BO3,gid://shopify/DraftOrder/1525407154542,#D25518,LG52526TP - BO3.2,2026-05-25,1,3,52.0,208.0,25.00,1,2,partial_instock_split,false
2026-06-01T19:43:32+00:00,gid://shopify/DraftOrder/1525216346478,#D25476,5006311 - BO3,gid://shopify/DraftOrder/1525407613294,#D25519,5006311 - BO3.2,2026-06-01,1,2,52.0,156.0,33.33,1,2,partial_instock_split,false
2026-06-01T19:44:10+00:00,gid://shopify/DraftOrder/1525370978670,#D25495,JW3627816-BF,gid://shopify/DraftOrder/1525407744366,#D25520,JW3627816-BF-BO,2026-06-01,16,6,568.0,772.0,73.58,0,1,partial_instock_split,false
2026-06-02T00:26:38+00:00,gid://shopify/DraftOrder/1523676348782,#D24730,JM1561839 - BO1,gid://shopify/DraftOrder/1525481177454,#D25525,JM1561839 - BO1.2,2026-05-25,1,1,78.0,104.0,75.00,1,2,partial_instock_split,false
2026-06-02T00:32:11+00:00,gid://shopify/DraftOrder/1525032681838,#D25445,AG4452253,gid://shopify/DraftOrder/1525481963886,#D25526,AG4452253-BO,2026-05-27,7,1,199.0,225.0,88.44,0,1,partial_instock_split,false
2026-06-02T00:32:22+00:00,gid://shopify/DraftOrder/1525032812910,#D25447,CB3145-SAN,gid://shopify/DraftOrder/1525482029422,#D25527,CB3145-SAN-BO,2026-05-30,7,1,334.0,386.0,86.53,0,1,partial_instock_split,false
2026-06-02T00:32:34+00:00,gid://shopify/DraftOrder/1525032845678,#D25448,CB8086-MON,gid://shopify/DraftOrder/1525482127726,#D25528,CB8086-MON-BO,2026-05-30,7,1,334.0,386.0,86.53,0,1,partial_instock_split,false
2026-06-02T00:32:45+00:00,gid://shopify/DraftOrder/1525032878446,#D25449,CB8430-MAL,gid://shopify/DraftOrder/1525482160494,#D25529,CB8430-MAL-BO,2026-05-30,7,1,334.0,386.0,86.53,0,1,partial_instock_split,false
2026-06-02T01:14:12+00:00,gid://shopify/DraftOrder/1502900453742,#D15419,KB1491624 BO,gid://shopify/DraftOrder/1525488976238,#D25530,KB1491624 BO.2,,1,1,52.0,104.0,50.00,1,2,partial_instock_split,false
2026-06-02T01:14:41+00:00,gid://shopify/DraftOrder/1503923437934,#D15614,HRUSKASLIFELINES - BO3,gid://shopify/DraftOrder/1525489041774,#D25531,HRUSKASLIFELINES - BO3.2,,1,2,52.0,182.0,28.57,1,2,partial_instock_split,false
2026-06-02T02:01:37+00:00,gid://shopify/DraftOrder/1505495515502,#D17389,AB8453971 - BO1,gid://shopify/DraftOrder/1525496840558,#D25533,AB8453971 - BO1.2,,2,1,156.0,162.5,96.00,1,2,partial_instock_split,false
2026-06-02T02:03:23+00:00,gid://shopify/DraftOrder/1505503379822,#D17429,324669 - BO3,gid://shopify/DraftOrder/1525497233774,#D25534,324669 - BO3.2,,1,1,886.60,1773.20,50.00,1,2,partial_instock_split,false
2026-06-02T02:10:08+00:00,gid://shopify/DraftOrder/1505651163502,#D17619,VB7583994-01 - BO1,gid://shopify/DraftOrder/1525497889134,#D25535,VB7583994-01 - BO1.2,,1,1,52.0,247.0,21.05,1,2,partial_instock_split,false
2026-06-02T02:11:04+00:00,gid://shopify/DraftOrder/1505691861358,#D17650,BACKORDER-4/ wags/ garden/ beach,gid://shopify/DraftOrder/1525498020206,#D25536,BACKORDER-4/ wags/ garden/ beach-BO,,1,1,52.0,104.0,50.00,0,1,partial_instock_split,false
2026-06-02T03:12:03+00:00,gid://shopify/DraftOrder/1521294213486,#D24174,CMF051426 - BO1,gid://shopify/DraftOrder/1525506441582,#D25538,CMF051426 - BO1.2,2026-05-14,1,1,52.0,104.0,50.00,1,2,partial_instock_split,false
2026-06-02T03:13:11+00:00,gid://shopify/DraftOrder/1521360863598,#D24209,DW6894733 - BO1,gid://shopify/DraftOrder/1525506572654,#D25539,DW6894733 - BO1.2,2026-05-14,1,1,234.0,468.0,50.00,1,2,partial_instock_split,false
2026-06-02T03:22:20+00:00,gid://shopify/DraftOrder/1523799916910,#D24753,298LFN52526,gid://shopify/DraftOrder/1525507621230,#D25540,298LFN52526-BO,2026-05-26,1,1,63.0,143.0,44.06,0,1,partial_instock_split,false
2026-06-02T03:24:26+00:00,gid://shopify/DraftOrder/1524121370990,#D24841,21294-VT - BO1,gid://shopify/DraftOrder/1525508276590,#D25541,21294-VT - BO1.2,2026-05-23,1,4,78.0,354.0,22.03,1,2,partial_instock_split,false
2026-06-02T03:27:00+00:00,gid://shopify/DraftOrder/1524319486318,#D24919,8587,gid://shopify/DraftOrder/1525508702574,#D25542,8587-BO,2026-05-26,1,1,52.0,82.0,63.41,0,1,partial_instock_split,false
2026-06-02T03:31:08+00:00,gid://shopify/DraftOrder/1524665319790,#D25374,MM7456643 - BO3,gid://shopify/DraftOrder/1525509259630,#D25543,MM7456643 - BO3.2,2026-05-28,1,5,52.0,260.0,20.00,1,2,partial_instock_split,false
2026-06-02T03:31:26+00:00,gid://shopify/DraftOrder/1524665385326,#D25376,MM8874646 - BO3,gid://shopify/DraftOrder/1525509390702,#D25544,MM8874646 - BO3.2,2026-05-28,1,5,52.0,260.0,20.00,1,2,partial_instock_split,false
2026-06-02T03:31:44+00:00,gid://shopify/DraftOrder/1524665450862,#D25378,MM8566464 - BO3,gid://shopify/DraftOrder/1525509456238,#D25545,MM8566464 - BO3.2,2026-05-28,1,5,52.0,260.0,20.00,1,2,partial_instock_split,false
2026-06-03T19:43:52+00:00,gid://shopify/DraftOrder/1525541175662,#D25659,N0175,gid://shopify/DraftOrder/1525972730222,#D25735,N0175-BO,2026-06-01,7,1,219.0,245.0,89.39,0,1,partial_instock_split,false
2026-06-03T19:44:54+00:00,gid://shopify/DraftOrder/1525848801646,#D25717,AH052926 - BO3,gid://shopify/DraftOrder/1525972959598,#D25736,AH052926 - BO3.2,2026-05-29,1,3,52.0,156.0,33.33,1,2,partial_instock_split,false
2026-06-03T23:49:21+00:00,gid://shopify/DraftOrder/1525937078638,#D25729,PK8279588 - BO3,gid://shopify/DraftOrder/1526021980526,#D25760,PK8279588 - BO3.2,2026-06-03,1,1,78.0,156.0,50.00,1,2,partial_instock_split,false
2026-06-03T23:49:32+00:00,gid://shopify/DraftOrder/1525937176942,#D25730,SG397 - BO3,gid://shopify/DraftOrder/1526022013294,#D25761,SG397 - BO3.2,2026-06-03,1,1,78.0,130.0,60.00,1,2,partial_instock_split,false
2026-06-04T16:21:39+00:00,gid://shopify/DraftOrder/1505301758318,#D17065,Stacys BO - BO4/Wags/Pocket / Gr Stone,gid://shopify/DraftOrder/1526148137326,#D25775,Stacys BO - BO4/Wags/Pocket / Gr Stone-BO,,1,2,126.0,522.0,24.14,0,1,partial_instock_split,false
2026-06-04T17:08:30+00:00,gid://shopify/DraftOrder/1511360692590,#D20285,44805342 ^44805522- BO4/ wags/ minis,gid://shopify/DraftOrder/1526159147374,#D25791,44805342 ^44805522- BO4/ wags/ minis-BO,,1,1,84.0,136.0,61.76,0,1,partial_instock_split,false
2026-06-04T17:57:17+00:00,gid://shopify/DraftOrder/1525059944814,#D25463,26457,gid://shopify/DraftOrder/1526170288494,#D25796,26457-BO,2026-06-10,13,5,490.0,750.0,65.33,0,1,partial_instock_split,false
2026-06-04T21:45:26+00:00,gid://shopify/DraftOrder/1509986304366,#D20044,BACKORDER-4/ Wags/med stone/blue candle,gid://shopify/DraftOrder/1526217867630,#D25823,BACKORDER-4/ Wags/med stone/blue candle-BO,,2,3,198.0,387.0,51.16,0,1,partial_instock_split,false
2026-06-05T17:50:21+00:00,gid://shopify/DraftOrder/1526521659758,#D25836,CA3704,gid://shopify/DraftOrder/1526577496430,#D25859,CA3704-BO,2026-06-05,6,1,105.0,126.0,83.33,0,1,partial_instock_split,false
2026-06-05T17:50:33+00:00,gid://shopify/DraftOrder/1526521889134,#D25837,DH3208,gid://shopify/DraftOrder/1526577594734,#D25860,DH3208-BO,,6,1,105.0,126.0,83.33,0,1,partial_instock_split,false
2026-06-05T17:50:45+00:00,gid://shopify/DraftOrder/1526522052974,#D25838,AR4486,gid://shopify/DraftOrder/1526577693038,#D25861,AR4486-BO,,6,1,105.0,126.0,83.33,0,1,partial_instock_split,false
2026-06-05T22:37:10+00:00,gid://shopify/DraftOrder/1526522249582,#D25839,WY873,gid://shopify/DraftOrder/1526653026670,#D25896,WY873-BO,,6,1,105.0,126.0,83.33,0,1,partial_instock_split,false
2026-06-08T18:39:17+00:00,gid://shopify/DraftOrder/1525986754926,#D25737,MM7083795,gid://shopify/DraftOrder/1527313301870,#D26038,MM7083795-BO,2026-06-03,5,1,384.0,474.0,81.01,0,1,partial_instock_split,false
2026-06-08T18:43:02+00:00,gid://shopify/DraftOrder/1526567666030,#D25848,NB2901,gid://shopify/DraftOrder/1527314383214,#D26039,NB2901-BO,,6,1,105.0,126.0,83.33,0,1,partial_instock_split,false
2026-06-08T18:43:14+00:00,gid://shopify/DraftOrder/1526567698798,#D25849,BR3641,gid://shopify/DraftOrder/1527314415982,#D26040,BR3641-BO,,6,1,105.0,126.0,83.33,0,1,partial_instock_split,false
2026-06-08T18:43:25+00:00,gid://shopify/DraftOrder/1526567731566,#D25850,NW2606,gid://shopify/DraftOrder/1527314514286,#D26041,NW2606-BO,,6,1,105.0,126.0,83.33,0,1,partial_instock_split,false
2026-06-08T18:43:37+00:00,gid://shopify/DraftOrder/1526567764334,#D25851,IR2927,gid://shopify/DraftOrder/1527314547054,#D26042,IR2927-BO,,6,1,105.0,126.0,83.33,0,1,partial_instock_split,false
2026-06-09T01:12:26+00:00,gid://shopify/DraftOrder/1526165832046,#D25793,7105-JC,gid://shopify/DraftOrder/1527392567662,#D26055,7105-JC-BO,2026-06-04,10,1,282.0,334.0,84.43,0,1,partial_instock_split,false
2026-06-09T01:13:42+00:00,gid://shopify/DraftOrder/1526198108526,#D25811,PL-LIFELINE-JUNE26,gid://shopify/DraftOrder/1527392698734,#D26056,PL-LIFELINE-JUNE26-BO,2026-06-15,3,4,234.0,546.0,42.86,0,1,partial_instock_split,false
2026-06-09T01:14:17+00:00,gid://shopify/DraftOrder/1526222618990,#D25824,HV-LIFELINE-JUNE26,gid://shopify/DraftOrder/1527393091950,#D26057,HV-LIFELINE-JUNE26-BO,2026-06-15,3,4,234.0,546.0,42.86,0,1,partial_instock_split,false
2026-06-09T01:15:09+00:00,gid://shopify/DraftOrder/1526794486126,#D25911,3517,gid://shopify/DraftOrder/1527393354094,#D26058,3517-BO,2026-06-06,10,1,308.0,360.0,85.56,0,1,partial_instock_split,false
2026-06-09T01:15:45+00:00,gid://shopify/DraftOrder/1526812836206,#D25920,SF7996750M,gid://shopify/DraftOrder/1527393452398,#D26059,SF7996750M-BO,2026-06-06,18,1,738.0,816.0,90.44,0,1,partial_instock_split,false
2026-06-09T01:16:32+00:00,gid://shopify/DraftOrder/1526834757998,#D25929,VT4480029,gid://shopify/DraftOrder/1527393681774,#D26060,VT4480029-BO,2026-06-06,11,1,632.0,736.0,85.87,0,1,partial_instock_split,false
2026-06-09T01:16:44+00:00,gid://shopify/DraftOrder/1526834790766,#D25930,astra60626-LL-mw,gid://shopify/DraftOrder/1527393747310,#D26061,astra60626-LL-mw-BO,2026-06-06,11,1,256.0,282.0,90.78,0,1,partial_instock_split,false
2026-06-09T01:17:59+00:00,gid://shopify/DraftOrder/1526936764782,#D25953,DG4792496,gid://shopify/DraftOrder/1527393878382,#D26062,DG4792496-BO,2026-06-07,16,1,454.0,480.0,94.58,0,1,partial_instock_split,false
2026-06-09T01:19:03+00:00,gid://shopify/DraftOrder/1526981853550,#D25975,JM2442890,gid://shopify/DraftOrder/1527394238830,#D26063,JM2442890-BO,2026-06-07,9,1,468.0,546.0,85.71,0,1,partial_instock_split,false
2026-06-09T01:19:16+00:00,gid://shopify/DraftOrder/1526981886318,#D25976,JM8844688,gid://shopify/DraftOrder/1527394271598,#D26064,JM8844688-BO,2026-06-07,9,1,468.0,546.0,85.71,0,1,partial_instock_split,false
2026-06-09T01:19:47+00:00,gid://shopify/DraftOrder/1527020519790,#D25980,KW5164193,gid://shopify/DraftOrder/1527394337134,#D26065,KW5164193-BO,2026-06-04,14,1,416.0,442.0,94.12,0,1,partial_instock_split,false
2026-06-09T01:19:59+00:00,gid://shopify/DraftOrder/1527020618094,#D25982,JM7565023,gid://shopify/DraftOrder/1527394435438,#D26066,JM7565023-BO,2026-06-07,9,1,468.0,546.0,85.71,0,1,partial_instock_split,false
2026-06-09T01:20:12+00:00,gid://shopify/DraftOrder/1527020650862,#D25983,JM6660190,gid://shopify/DraftOrder/1527394468206,#D26067,JM6660190-BO,2026-06-07,9,1,468.0,546.0,85.71,0,1,partial_instock_split,false
2026-06-09T01:20:24+00:00,gid://shopify/DraftOrder/1527020716398,#D25984,JM8317122,gid://shopify/DraftOrder/1527394500974,#D26068,JM8317122-BO,2026-06-07,9,1,468.0,546.0,85.71,0,1,partial_instock_split,false
2026-06-09T01:20:37+00:00,gid://shopify/DraftOrder/1527020749166,#D25985,JM4958003,gid://shopify/DraftOrder/1527394632046,#D26069,JM4958003-BO,2026-06-08,9,1,468.0,546.0,85.71,0,1,partial_instock_split,false
2026-06-09T01:20:50+00:00,gid://shopify/DraftOrder/1527020814702,#D25986,JM2439848,gid://shopify/DraftOrder/1527394763118,#D26070,JM2439848-BO,2026-06-08,9,1,468.0,546.0,85.71,0,1,partial_instock_split,false
2026-06-09T01:21:03+00:00,gid://shopify/DraftOrder/1527020880238,#D25987,LL060826ACY,gid://shopify/DraftOrder/1527394828654,#D26071,LL060826ACY-BO,2026-06-08,17,1,806.0,884.0,91.18,0,1,partial_instock_split,false
2026-06-09T01:22:31+00:00,gid://shopify/DraftOrder/1527183540590,#D26010,,gid://shopify/DraftOrder/1527394959726,#D26072,BO,,11,3,246.0,318.0,77.36,0,1,partial_instock_split,false
2026-06-09T01:22:45+00:00,gid://shopify/DraftOrder/1527189307758,#D26012,SK2633857,gid://shopify/DraftOrder/1527395025262,#D26073,SK2633857-BO,2026-06-07,11,1,1304.0,1408.0,92.61,0,1,partial_instock_split,false
2026-06-09T16:19:12+00:00,gid://shopify/DraftOrder/1505496662382,#D17417,LL022626-SB  BO - BO3,gid://shopify/DraftOrder/1527588782446,#D26093,LL022626-SB  BO - BO3.2,,1,2,90.0,194.0,46.39,1,2,partial_instock_split,false
2026-06-09T16:24:09+00:00,gid://shopify/DraftOrder/1505516093806,#D17535,01.09.26 BO - BO3,gid://shopify/DraftOrder/1527589863790,#D26094,01.09.26 BO - BO3.2,,1,1,180.0,249.0,72.29,1,2,partial_instock_split,false
2026-06-09T17:16:34+00:00,gid://shopify/DraftOrder/1518185742702,#D23256,CHHG042926 - BO3,gid://shopify/DraftOrder/1527604871534,#D26120,CHHG042926 - BO3.2,2026-04-29,1,1,52.0,104.0,50.00,1,2,partial_instock_split,false
2026-06-09T17:17:41+00:00,gid://shopify/DraftOrder/1518633058670,#D23304,CS1044121 - BO3,gid://shopify/DraftOrder/1527605231982,#D26121,CS1044121 - BO3.2,2026-05-03,1,2,78.0,182.0,42.86,1,2,partial_instock_split,false
2026-06-09T17:20:30+00:00,gid://shopify/DraftOrder/1519368143214,#D23516,2600059 - BO3,gid://shopify/DraftOrder/1527605920110,#D26122,2600059 - BO3.2,2026-05-06,1,1,52.0,78.0,66.67,1,2,partial_instock_split,false
2026-06-09T17:21:46+00:00,gid://shopify/DraftOrder/1519846359406,#D23601,AD-030326 - BO3,gid://shopify/DraftOrder/1527606313326,#D26123,AD-030326 - BO3.2,2026-05-08,1,2,52.0,156.0,33.33,1,2,partial_instock_split,false
2026-06-09T17:23:31+00:00,gid://shopify/DraftOrder/1520750068078,#D23778,JM7872325 - BO3,gid://shopify/DraftOrder/1527606903150,#D26128,JM7872325 - BO3.2,2026-05-12,1,2,52.0,130.0,40.00,1,2,partial_instock_split,false
2026-06-09T17:28:19+00:00,gid://shopify/DraftOrder/1521293984110,#D24169,MM6827327 - BO3,gid://shopify/DraftOrder/1527608017262,#D26130,MM6827327 - BO3.2,2026-05-14,1,4,52.0,208.0,25.00,1,2,partial_instock_split,false
2026-06-09T17:28:43+00:00,gid://shopify/DraftOrder/1521294279022,#D24175,CMF051426 - BO3,gid://shopify/DraftOrder/1527608148334,#D26131,CMF051426 - BO3.2,2026-05-14,1,4,52.0,260.0,20.00,1,2,partial_instock_split,false
2026-06-09T17:29:29+00:00,gid://shopify/DraftOrder/1521360929134,#D24210,DW6894733 - BO3,gid://shopify/DraftOrder/1527608312174,#D26132,DW6894733 - BO3.2,2026-05-14,1,3,234.0,936.0,25.00,1,2,partial_instock_split,false
2026-06-09T17:33:18+00:00,gid://shopify/DraftOrder/1522750685550,#D24542,SF6893356 - BO3,gid://shopify/DraftOrder/1527608803694,#D26134,SF6893356 - BO3.2,2026-05-19,1,1,63.0,115.0,54.78,1,2,partial_instock_split,false
2026-06-09T17:33:53+00:00,gid://shopify/DraftOrder/1522768740718,#D24551,46799 BO,gid://shopify/DraftOrder/1527608967534,#D26135,46799 BO.2,,1,1,156.0,312.0,50.00,1,2,partial_instock_split,false
2026-06-09T17:37:22+00:00,gid://shopify/DraftOrder/1523544883566,#D24729,CO3491619 - BO3,gid://shopify/DraftOrder/1527610442094,#D26136,CO3491619 - BO3.2,2026-05-23,2,2,110.0,214.0,51.40,1,2,partial_instock_split,false
2026-06-09T17:37:41+00:00,gid://shopify/DraftOrder/1523796803950,#D24737,DS4060050-BO,gid://shopify/DraftOrder/1527610540398,#D26137,DS4060050-BO.2,2026-05-15,15,2,497.0,601.0,82.70,1,2,partial_instock_split,false
2026-06-09T17:37:53+00:00,gid://shopify/DraftOrder/1523796935022,#D24739,VB2540096-BO,gid://shopify/DraftOrder/1527610900846,#D26138,VB2540096-BO.2,2026-05-06,8,1,538.0,590.0,91.19,1,2,partial_instock_split,false
2026-06-09T17:38:06+00:00,gid://shopify/DraftOrder/1523797098862,#D24740,LG6574698-BO,gid://shopify/DraftOrder/1527610999150,#D26139,LG6574698-BO.2,2026-05-07,12,1,532.0,610.0,87.21,1,2,partial_instock_split,false
2026-06-09T17:38:19+00:00,gid://shopify/DraftOrder/1523797393774,#D24741,NOVAN886-BO,gid://shopify/DraftOrder/1527611097454,#D26140,NOVAN886-BO.2,2026-05-06,11,2,472.0,550.0,85.82,1,2,partial_instock_split,false
2026-06-09T17:38:31+00:00,gid://shopify/DraftOrder/1523797426542,#D24742,1323-BO,gid://shopify/DraftOrder/1527611228526,#D26141,1323-BO.2,2026-05-07,12,2,758.0,888.0,85.36,1,2,partial_instock_split,false
2026-06-09T17:38:45+00:00,gid://shopify/DraftOrder/1523797688686,#D24743,751050520-BO,gid://shopify/DraftOrder/1527611392366,#D26142,751050520-BO.2,2026-05-08,18,2,485.0,537.0,90.32,1,2,partial_instock_split,false
2026-06-09T17:38:58+00:00,gid://shopify/DraftOrder/1523798114670,#D24745,AF4222059-BO,gid://shopify/DraftOrder/1527611457902,#D26143,AF4222059-BO.2,2026-05-12,9,2,376.0,506.0,74.31,1,2,partial_instock_split,false
2026-06-09T17:39:11+00:00,gid://shopify/DraftOrder/1523799687534,#D24751,50340526-BO,gid://shopify/DraftOrder/1527611523438,#D26144,50340526-BO.2,2026-05-07,14,2,798.0,928.0,85.99,1,2,partial_instock_split,false
2026-06-09T17:39:24+00:00,gid://shopify/DraftOrder/1523799785838,#D24752,BO,gid://shopify/DraftOrder/1527611621742,#D26145,BO.2,,12,3,292.0,370.0,78.92,1,2,partial_instock_split,false
2026-06-09T17:39:38+00:00,gid://shopify/DraftOrder/1523799949678,#D24754,CMF051426-BO,gid://shopify/DraftOrder/1527611654510,#D26146,CMF051426-BO.2,2026-05-14,15,3,766.0,922.0,83.08,1,2,partial_instock_split,false
2026-06-09T17:39:58+00:00,gid://shopify/DraftOrder/1523800113518,#D24756,MM6827327-BO,gid://shopify/DraftOrder/1527611720046,#D26147,MM6827327-BO.2,2026-05-14,12,3,500.0,656.0,76.22,1,2,partial_instock_split,false
2026-06-09T17:40:12+00:00,gid://shopify/DraftOrder/1523800179054,#D24757,8269147-BF-BO,gid://shopify/DraftOrder/1527611851118,#D26148,8269147-BF-BO.2,2026-05-14,9,3,277.0,355.0,78.03,1,2,partial_instock_split,false
2026-06-09T17:40:25+00:00,gid://shopify/DraftOrder/1523800244590,#D24758,PK1675651-BO,gid://shopify/DraftOrder/1527611883886,#D26149,PK1675651-BO.2,2026-05-14,14,2,476.0,580.0,82.07,1,2,partial_instock_split,false
2026-06-09T17:40:50+00:00,gid://shopify/DraftOrder/1523800867182,#D24760,DW6894733-BO,gid://shopify/DraftOrder/1527611982190,#D26150,DW6894733-BO.2,2026-05-14,17,4,3642.0,4500.0,80.93,1,2,partial_instock_split,false
2026-06-09T17:41:04+00:00,gid://shopify/DraftOrder/1523801063790,#D24761,HT050526-BO,gid://shopify/DraftOrder/1527612178798,#D26151,HT050526-BO.2,2026-05-05,13,1,360.0,386.0,93.26,1,2,partial_instock_split,false
2026-06-09T17:41:18+00:00,gid://shopify/DraftOrder/1523801227630,#D24762,AB7095089-BO,gid://shopify/DraftOrder/1527612244334,#D26152,AB7095089-BO.2,2026-05-13,13,3,742.0,950.0,78.11,1,2,partial_instock_split,false
2026-06-09T17:41:33+00:00,gid://shopify/DraftOrder/1523802210670,#D24766,JM7872325-BO.2,gid://shopify/DraftOrder/1527612309870,#D26153,JM7872325-BO.2.1,2026-05-12,14,3,573.0,729.0,78.60,2,3,partial_instock_split,false
2026-06-09T17:42:37+00:00,gid://shopify/DraftOrder/1524072284526,#D24817,VF-8029328 - BO1,gid://shopify/DraftOrder/1527612473710,#D26154,VF-8029328 - BO1.2,2026-05-26,2,1,120.0,198.0,60.61,1,2,partial_instock_split,false
2026-06-09T17:42:49+00:00,gid://shopify/DraftOrder/1524072317294,#D24818,VF-8029328 - BO3,gid://shopify/DraftOrder/1527612506478,#D26155,VF-8029328 - BO3.2,2026-05-26,1,3,78.0,312.0,25.00,1,2,partial_instock_split,false
2026-06-09T17:43:42+00:00,gid://shopify/DraftOrder/1524121469294,#D24842,21294-VT - BO3,gid://shopify/DraftOrder/1527612801390,#D26156,21294-VT - BO3.2,2026-05-23,1,3,78.0,312.0,25.00,1,2,partial_instock_split,false
2026-06-09T17:46:13+00:00,gid://shopify/DraftOrder/1524319650158,#D24924,8587 - BO3,gid://shopify/DraftOrder/1527613292910,#D26157,8587 - BO3.2,2026-05-26,2,4,142.0,428.0,33.18,1,2,partial_instock_split,false
2026-06-09T17:47:58+00:00,gid://shopify/DraftOrder/1524590051694,#D25319,JB050826 - BO3,gid://shopify/DraftOrder/1527613981038,#D26158,JB050826 - BO3.2,2026-05-08,2,2,97.0,175.0,55.43,1,2,partial_instock_split,false
2026-06-09T17:49:08+00:00,gid://shopify/DraftOrder/1524651360622,#D25351,MM8456655 - BO3,gid://shopify/DraftOrder/1527614177646,#D26159,MM8456655 - BO3.2,2026-05-28,1,4,52.0,208.0,25.00,1,2,partial_instock_split,false
2026-06-09T17:49:42+00:00,gid://shopify/DraftOrder/1524651622766,#D25354,OSHG052326,gid://shopify/DraftOrder/1527614308718,#D26160,OSHG052326-BO,2026-05-23,1,3,52.0,208.0,25.00,0,1,partial_instock_split,false
2026-06-09T17:50:17+00:00,gid://shopify/DraftOrder/1524651852142,#D25360,MM8577443 - BO3,gid://shopify/DraftOrder/1527614603630,#D26161,MM8577443 - BO3.2,2026-05-28,1,4,52.0,208.0,25.00,1,2,partial_instock_split,false
2026-06-09T17:50:42+00:00,gid://shopify/DraftOrder/1524651950446,#D25363,BH3570547 - BO3,gid://shopify/DraftOrder/1527614734702,#D26162,BH3570547 - BO3.2,2026-05-27,2,3,78.0,182.0,42.86,1,2,partial_instock_split,false
2026-06-09T17:50:56+00:00,gid://shopify/DraftOrder/1524664861038,#D25365,MM8566464-BO,gid://shopify/DraftOrder/1527614833006,#D26163,MM8566464-BO.2,2026-05-28,14,4,646.0,802.0,80.55,1,2,partial_instock_split,false
2026-06-09T17:51:11+00:00,gid://shopify/DraftOrder/1524664893806,#D25366,MM8874646-BO,gid://shopify/DraftOrder/1527614996846,#D26164,MM8874646-BO.2,2026-05-28,14,4,646.0,802.0,80.55,1,2,partial_instock_split,false
2026-06-09T17:51:25+00:00,gid://shopify/DraftOrder/1524664959342,#D25367,MM7456643-BO,gid://shopify/DraftOrder/1527615160686,#D26165,MM7456643-BO.2,2026-05-28,14,4,646.0,802.0,80.55,1,2,partial_instock_split,false
2026-06-09T17:52:29+00:00,gid://shopify/DraftOrder/1524701167982,#D25387,as5337204 - BO3,gid://shopify/DraftOrder/1527615258990,#D26166,as5337204 - BO3.2,2026-05-28,1,4,52.0,182.0,28.57,1,2,partial_instock_split,false
2026-06-09T17:54:17+00:00,gid://shopify/DraftOrder/1524905083246,#D25438,BH3570547-BO,gid://shopify/DraftOrder/1527615717742,#D26167,BH3570547-BO.2,2026-05-27,8,2,224.0,276.0,81.16,1,2,partial_instock_split,false
2026-06-09T17:54:31+00:00,gid://shopify/DraftOrder/1524905148782,#D25439,MM8577443-BO,gid://shopify/DraftOrder/1527615750510,#D26168,MM8577443-BO.2,2026-05-28,15,3,698.0,776.0,89.95,1,2,partial_instock_split,false
2026-06-09T17:54:44+00:00,gid://shopify/DraftOrder/1524905214318,#D25440,MM8456655-BO,gid://shopify/DraftOrder/1527615816046,#D26169,MM8456655-BO.2,2026-05-28,15,3,698.0,776.0,89.95,1,2,partial_instock_split,false
2026-06-09T17:55:02+00:00,gid://shopify/DraftOrder/1525011415406,#D25443,DP8982220 - BO3,gid://shopify/DraftOrder/1527615947118,#D26170,DP8982220 - BO3.2,2026-05-29,1,4,52.0,156.0,33.33,1,2,partial_instock_split,false
2026-06-09T17:56:21+00:00,gid://shopify/DraftOrder/1525060141422,#D25466,TO7253790 - BO3,gid://shopify/DraftOrder/1527616635246,#D26171,TO7253790 - BO3.2,2026-05-30,1,1,78.0,156.0,50.00,1,2,partial_instock_split,false
2026-06-09T18:04:01+00:00,gid://shopify/DraftOrder/1525558247790,#D25661,N0175 - BO3,gid://shopify/DraftOrder/1527618830702,#D26172,N0175 - BO3.2,2026-06-01,1,2,52.0,156.0,33.33,1,2,partial_instock_split,false
2026-06-09T18:08:54+00:00,gid://shopify/DraftOrder/1526212624750,#D25817,PL-LIFELINE-JUNE26- - BO1,gid://shopify/DraftOrder/1527619846510,#D26173,PL-LIFELINE-JUNE26- - BO1.2,2026-06-03,1,2,78.0,234.0,33.33,1,2,partial_instock_split,false
2026-06-09T18:09:22+00:00,gid://shopify/DraftOrder/1526568255854,#D25852,tropical / new metallic/pocket/foodie,gid://shopify/DraftOrder/1527619879278,#D26174,tropical / new metallic/pocket/foodie-BO,,2,1,120.0,276.0,43.48,0,1,partial_instock_split,false
2026-06-09T18:09:41+00:00,gid://shopify/DraftOrder/1526577496430,#D25859,CA3704-BO,gid://shopify/DraftOrder/1527619912046,#D26175,CA3704-BO.2,2026-06-05,6,1,126.0,126.0,100.00,1,2,partial_instock_split,false
2026-06-09T18:09:54+00:00,gid://shopify/DraftOrder/1526577594734,#D25860,DH3208-BO,gid://shopify/DraftOrder/1527619944814,#D26176,DH3208-BO.2,,6,1,126.0,126.0,100.00,1,2,partial_instock_split,false
2026-06-09T18:10:07+00:00,gid://shopify/DraftOrder/1526577693038,#D25861,AR4486,gid://shopify/DraftOrder/1527620010350,#D26177,AR4486-BO,,6,1,126.0,126.0,100.00,0,1,partial_instock_split,false
2026-06-09T18:10:20+00:00,gid://shopify/DraftOrder/1526640542062,#D25874,VB3832899 - BO1,gid://shopify/DraftOrder/1527620043118,#D26178,VB3832899 - BO1.2,2026-06-05,1,2,52.0,156.0,33.33,1,2,partial_instock_split,false
2026-06-09T18:10:56+00:00,gid://shopify/DraftOrder/1526819488110,#D25923,DG2384476 - BO3,gid://shopify/DraftOrder/1527620206958,#D26179,DG2384476 - BO3.2,2026-06-06,1,2,52.0,156.0,33.33,1,2,partial_instock_split,false
2026-06-09T18:11:13+00:00,gid://shopify/DraftOrder/1526819586414,#D25926,SF7996750M - BO1,gid://shopify/DraftOrder/1527620338030,#D26180,SF7996750M - BO1.2,2026-06-06,1,3,52.0,182.0,28.57,1,2,partial_instock_split,false
2026-06-09T18:11:25+00:00,gid://shopify/DraftOrder/1526819619182,#D25927,SF7996750M - BO3,gid://shopify/DraftOrder/1527620403566,#D26181,SF7996750M - BO3.2,2026-06-06,1,4,52.0,208.0,25.00,1,2,partial_instock_split,false
2026-06-09T18:13:09+00:00,gid://shopify/DraftOrder/1526942040430,#D25958,LFL-060726-ASTRA - BO3,gid://shopify/DraftOrder/1527620927854,#D26182,LFL-060726-ASTRA - BO3.2,2026-06-07,1,2,78.0,234.0,33.33,1,2,partial_instock_split,false
2026-06-09T18:14:15+00:00,gid://shopify/DraftOrder/1527032217966,#D25990,JM1497717  BO,gid://shopify/DraftOrder/1527621091694,#D26183,JM1497717  BO.2,,1,3,156.0,1248.0,12.50,1,2,partial_instock_split,false
2026-06-09T18:14:46+00:00,gid://shopify/DraftOrder/1527105749358,#D25995,LL060826ACY - BO3,gid://shopify/DraftOrder/1527621157230,#D26184,LL060826ACY - BO3.2,2026-06-08,1,4,52.0,312.0,16.67,1,2,partial_instock_split,false
2026-06-09T18:15:28+00:00,gid://shopify/DraftOrder/1527106896238,#D26003,RP8828469 - BO1,gid://shopify/DraftOrder/1527621517678,#D26185,RP8828469 - BO1.2,2026-06-05,1,3,52.0,314.0,16.56,1,2,partial_instock_split,false
2026-06-09T18:15:41+00:00,gid://shopify/DraftOrder/1527107092846,#D26004,RP8828469 - BO3,gid://shopify/DraftOrder/1527621615982,#D26186,RP8828469 - BO3.2,2026-06-05,1,4,52.0,286.0,18.18,1,2,partial_instock_split,false
2026-06-09T18:16:58+00:00,gid://shopify/DraftOrder/1527325753710,#D26046,47516,gid://shopify/DraftOrder/1527621910894,#D26187,47516-BO,,1,1,156.0,312.0,50.00,0,1,partial_instock_split,false
2026-06-09T18:17:10+00:00,gid://shopify/DraftOrder/1527336763758,#D26051,LL CAFS 0529JG - BO1,gid://shopify/DraftOrder/1527621943662,#D26188,LL CAFS 0529JG - BO1.2,2026-05-29,1,1,52.0,104.0,50.00,1,2,partial_instock_split,false
2026-06-09T18:17:28+00:00,gid://shopify/DraftOrder/1527404200302,#D26075,KB4997837 - BO1,gid://shopify/DraftOrder/1527622009198,#D26189,KB4997837 - BO1.2,2026-06-08,1,1,52.0,104.0,50.00,1,2,partial_instock_split,false
2026-06-09T18:17:46+00:00,gid://shopify/DraftOrder/1527427924334,#D26078,SH3624552 - BO1,gid://shopify/DraftOrder/1527622074734,#D26190,SH3624552 - BO1.2,2026-06-08,2,2,78.0,182.0,42.86,1,2,partial_instock_split,false
2026-06-09T18:18:04+00:00,gid://shopify/DraftOrder/1527567417710,#D26088,DG4680599  BO,gid://shopify/DraftOrder/1527622173038,#D26191,DG4680599  BO.2,,1,3,78.0,208.0,37.50,1,2,partial_instock_split,false
2026-06-09T20:07:19+00:00,gid://shopify/DraftOrder/1505022247278,#D16039,MM1634667 - BO3,gid://shopify/DraftOrder/1527644914030,#D26207,MM1634667 - BO3.2,,1,3,78.0,312.0,25.00,1,2,partial_instock_split,false
2026-06-09T20:07:47+00:00,gid://shopify/DraftOrder/1505023328622,#D16052,MM3161055 - BO3,gid://shopify/DraftOrder/1527644946798,#D26208,MM3161055 - BO3.2,,1,2,52.0,182.0,28.57,1,2,partial_instock_split,false
2026-06-09T20:08:34+00:00,gid://shopify/DraftOrder/1505112490350,#D16075,JB010526 - BO3,gid://shopify/DraftOrder/1527645241710,#D26209,JB010526 - BO3.2,,2,1,71.0,123.0,57.72,1,2,partial_instock_split,false
2026-06-09T20:09:54+00:00,gid://shopify/DraftOrder/1505116062062,#D16115,5003456-1 - BO3,gid://shopify/DraftOrder/1527645471086,#D26210,5003456-1 - BO3.2,,1,2,78.0,312.0,25.00,1,2,partial_instock_split,false
2026-06-09T20:10:23+00:00,gid://shopify/DraftOrder/1505153155438,#D16130,RD4606355 - BO3,gid://shopify/DraftOrder/1527645569390,#D26211,RD4606355 - BO3.2,,1,1,78.0,156.0,50.00,1,2,partial_instock_split,false
2026-06-09T20:12:13+00:00,gid://shopify/DraftOrder/1505156890990,#D16172,VB4922513 - BO3,gid://shopify/DraftOrder/1527645897070,#D26212,VB4922513 - BO3.2,,2,1,78.0,130.0,60.00,1,2,partial_instock_split,false
2026-06-09T20:12:44+00:00,gid://shopify/DraftOrder/1505158431086,#D16186,RP2535554 BO - BO3,gid://shopify/DraftOrder/1527646060910,#D26213,RP2535554 BO - BO3.2,,1,1,52.0,104.0,50.00,1,2,partial_instock_split,false
2026-06-09T20:13:41+00:00,gid://shopify/DraftOrder/1505208861038,#D16237,TCC BO - BO3/ Citrus/ fragrant,gid://shopify/DraftOrder/1527646552430,#D26214,TCC BO - BO3/ Citrus/ fragrant-BO,,1,2,156.0,546.0,28.57,0,1,partial_instock_split,false
2026-06-09T20:15:24+00:00,gid://shopify/DraftOrder/1505223836014,#D16299,AB3853648 - BO3,gid://shopify/DraftOrder/1527647109486,#D26215,AB3853648 - BO3.2,,2,3,97.0,253.0,38.34,1,2,partial_instock_split,false
2026-06-09T20:16:12+00:00,gid://shopify/DraftOrder/1505228718446,#D16316,SR5983058 - BO3,gid://shopify/DraftOrder/1527647273326,#D26216,SR5983058 - BO3.2,,1,1,52.0,104.0,50.00,1,2,partial_instock_split,false
2026-06-09T20:16:29+00:00,gid://shopify/DraftOrder/1505229898094,#D16321,4273429-CL - BO3,gid://shopify/DraftOrder/1527647306094,#D26217,4273429-CL - BO3.2,,1,1,52.0,104.0,50.00,1,2,partial_instock_split,false
2026-06-09T20:17:04+00:00,gid://shopify/DraftOrder/1505233568110,#D16333,EF08012642336 - BO3,gid://shopify/DraftOrder/1527647502702,#D26218,EF08012642336 - BO3.2,,2,1,71.0,97.0,73.20,1,2,partial_instock_split,false
2026-06-09T20:17:21+00:00,gid://shopify/DraftOrder/1505234878830,#D16338,TTR BO - BO3/ MAY Flart,gid://shopify/DraftOrder/1527647568238,#D26219,TTR BO - BO3/ MAY Flart-BO,,2,1,168.0,246.0,68.29,0,1,partial_instock_split,false
2026-06-09T20:19:45+00:00,gid://shopify/DraftOrder/1505251918190,#D16412,DE1795105 - BO3,gid://shopify/DraftOrder/1527647961454,#D26220,DE1795105 - BO3.2,,1,2,52.0,104.0,50.00,1,2,partial_instock_split,false
2026-06-09T20:20:02+00:00,gid://shopify/DraftOrder/1505252082030,#D16416,YF3740903CY - BO3,gid://shopify/DraftOrder/1527648059758,#D26221,YF3740903CY - BO3.2,,1,1,52.0,104.0,50.00,1,2,partial_instock_split,false
2026-06-09T20:20:29+00:00,gid://shopify/DraftOrder/1505252376942,#D16422,CF2377537 - BO3,gid://shopify/DraftOrder/1527648125294,#D26222,CF2377537 - BO3.2,,2,1,97.0,123.0,78.86,1,2,partial_instock_split,false
2026-06-09T20:22:06+00:00,gid://shopify/DraftOrder/1505254474094,#D16465,RJ17012666740 - BO3,gid://shopify/DraftOrder/1527648289134,#D26223,RJ17012666740 - BO3.2,,1,3,52.0,208.0,25.00,1,2,partial_instock_split,false
2026-06-09T20:22:23+00:00,gid://shopify/DraftOrder/1505254703470,#D16469,AB7709041 - BO3,gid://shopify/DraftOrder/1527648387438,#D26224,AB7709041 - BO3.2,,1,1,52.0,104.0,50.00,1,2,partial_instock_split,false
2026-06-09T20:23:14+00:00,gid://shopify/DraftOrder/1505255817582,#D16493,MA1968500 - BO3,gid://shopify/DraftOrder/1527648485742,#D26225,MA1968500 - BO3.2,,1,1,52.0,104.0,50.00,1,2,partial_instock_split,false
2026-06-09T20:23:48+00:00,gid://shopify/DraftOrder/1505256276334,#D16504,indigo BO - BO3,gid://shopify/DraftOrder/1527648846190,#D26226,indigo BO - BO3.2,,1,2,156.0,468.0,33.33,1,2,partial_instock_split,false
2026-06-09T20:24:39+00:00,gid://shopify/DraftOrder/1505257455982,#D16528,4668097-CL - BO3,gid://shopify/DraftOrder/1527649141102,#D26227,4668097-CL - BO3.2,,1,1,104.0,208.0,50.00,1,2,partial_instock_split,false
2026-06-09T20:25:19+00:00,gid://shopify/DraftOrder/1505258504558,#D16550,SF5835648 - BO3,gid://shopify/DraftOrder/1527649239406,#D26228,SF5835648 - BO3.2,,1,1,52.0,104.0,50.00,1,2,partial_instock_split,false
2026-06-09T20:25:37+00:00,gid://shopify/DraftOrder/1505258832238,#D16556,26016 - BO3,gid://shopify/DraftOrder/1527649337710,#D26229,26016 - BO3.2,,2,1,68.0,94.0,72.34,1,2,partial_instock_split,false
2026-06-09T20:26:34+00:00,gid://shopify/DraftOrder/1505260077422,#D16582,5708882-CL - BO3,gid://shopify/DraftOrder/1527649501550,#D26230,5708882-CL - BO3.2,,1,1,52.0,104.0,50.00,1,2,partial_instock_split,false
2026-06-09T20:27:27+00:00,gid://shopify/DraftOrder/1505282883950,#D16615,NC6450319 BO - BO3,gid://shopify/DraftOrder/1527649698158,#D26231,NC6450319 BO - BO3.2,,1,3,52.0,130.0,40.00,1,2,partial_instock_split,false
2026-06-09T20:27:44+00:00,gid://shopify/DraftOrder/1505283342702,#D16619,AB5936016 BO - BO3,gid://shopify/DraftOrder/1527649730926,#D26232,AB5936016 BO - BO3.2,,2,3,142.0,298.0,47.65,1,2,partial_instock_split,false
2026-06-09T20:29:04+00:00,gid://shopify/DraftOrder/1505285013870,#D16665,LG012226YF6 - BO3,gid://shopify/DraftOrder/1527649861998,#D26233,LG012226YF6 - BO3.2,,1,1,52.0,104.0,50.00,1,2,partial_instock_split,false
2026-06-09T20:29:44+00:00,gid://shopify/DraftOrder/1505286357358,#D16700,CCHG022326 - BO3,gid://shopify/DraftOrder/1527649960302,#D26234,CCHG022326 - BO3.2,,1,1,52.0,104.0,50.00,1,2,partial_instock_split,false
2026-06-09T20:30:06+00:00,gid://shopify/DraftOrder/1505286717806,#D16709,SF7993052P - BO3,gid://shopify/DraftOrder/1527649993070,#D26235,SF7993052P - BO3.2,2026-04-25,1,1,52.0,104.0,50.00,1,2,partial_instock_split,false
2026-06-09T20:30:46+00:00,gid://shopify/DraftOrder/1505287373166,#D16727,22526de - BO3,gid://shopify/DraftOrder/1527650124142,#D26236,22526de - BO3.2,,1,3,52.0,130.0,40.00,1,2,partial_instock_split,false
2026-06-09T20:31:02+00:00,gid://shopify/DraftOrder/1505287668078,#D16735,DE3348041 - BO3,gid://shopify/DraftOrder/1527650189678,#D26237,DE3348041 - BO3.2,,1,1,52.0,78.0,66.67,1,2,partial_instock_split,false
2026-06-09T20:31:19+00:00,gid://shopify/DraftOrder/1505287962990,#D16741,SH7599419 - BO3,gid://shopify/DraftOrder/1527650255214,#D26238,SH7599419 - BO3.2,,1,1,52.0,104.0,50.00,1,2,partial_instock_split,false
2026-06-09T20:32:13+00:00,gid://shopify/DraftOrder/1505288880494,#D16764,LL021226-SB  BO - BO3,gid://shopify/DraftOrder/1527650484590,#D26240,LL021226-SB  BO - BO3.2,,1,1,52.0,104.0,50.00,1,2,partial_instock_split,false
2026-06-09T20:33:00+00:00,gid://shopify/DraftOrder/1505289372014,#D16777,LL021726-SB BO - BO3,gid://shopify/DraftOrder/1527650615662,#D26241,LL021726-SB BO - BO3.2,,1,1,52.0,104.0,50.00,1,2,partial_instock_split,false
2026-06-09T20:33:28+00:00,gid://shopify/DraftOrder/1505289699694,#D16784,MM7738100 - BO3,gid://shopify/DraftOrder/1527650746734,#D26242,MM7738100 - BO3.2,,2,1,71.0,97.0,73.20,1,2,partial_instock_split,false
2026-06-09T20:33:56+00:00,gid://shopify/DraftOrder/1505290322286,#D16799,12826VT-LL-TGTG - BO3,gid://shopify/DraftOrder/1527650943342,#D26243,12826VT-LL-TGTG - BO3.2,,2,1,149.0,175.0,85.14,1,2,partial_instock_split,false
2026-06-09T20:34:53+00:00,gid://shopify/DraftOrder/1505291075950,#D16817,citrus/ fragrant blooms - BO3,gid://shopify/DraftOrder/1527651238254,#D26244,citrus/ fragrant blooms - BO3.2,,1,1,52.0,104.0,50.00,1,2,partial_instock_split,false
2026-06-09T20:35:45+00:00,gid://shopify/DraftOrder/1505292190062,#D16843,FLART BO - BO3,gid://shopify/DraftOrder/1527651402094,#D26245,FLART BO - BO3.2,,1,2,52.0,156.0,33.33,1,2,partial_instock_split,false
2026-06-09T20:37:15+00:00,gid://shopify/DraftOrder/1505293205870,#D16870,LL022126-SB BO - BO3,gid://shopify/DraftOrder/1527651860846,#D26246,LL022126-SB BO - BO3.2,,1,1,156.0,312.0,50.00,1,2,partial_instock_split,false
2026-06-09T20:37:38+00:00,gid://shopify/DraftOrder/1505293369710,#D16875,MM7738100-SC BO - BO3,gid://shopify/DraftOrder/1527651926382,#D26247,MM7738100-SC BO - BO3.2,,2,1,71.0,97.0,73.20,1,2,partial_instock_split,false
2026-06-09T20:39:11+00:00,gid://shopify/DraftOrder/1505296580974,#D16952,CANDLES/ FLART BO - BO3,gid://shopify/DraftOrder/1527652254062,#D26248,CANDLES/ FLART BO - BO3.2,,2,1,71.0,97.0,73.20,1,2,partial_instock_split,false
2026-06-09T20:41:00+00:00,gid://shopify/DraftOrder/1505298284910,#D16988,Toy Fair BO - BO3,gid://shopify/DraftOrder/1527652811118,#D26249,Toy Fair BO - BO3.2,,1,1,78.0,156.0,50.00,1,2,partial_instock_split,false
2026-06-09T20:42:09+00:00,gid://shopify/DraftOrder/1505299136878,#D17012,DE3380977 - BO3,gid://shopify/DraftOrder/1527652942190,#D26250,DE3380977 - BO3.2,,2,1,149.0,227.0,65.64,1,2,partial_instock_split,false
2026-06-09T20:42:27+00:00,gid://shopify/DraftOrder/1505299399022,#D17018,LL021026-SB - BO3,gid://shopify/DraftOrder/1527652974958,#D26251,LL021026-SB - BO3.2,,1,1,52.0,104.0,50.00,1,2,partial_instock_split,false
2026-06-09T20:42:42+00:00,gid://shopify/DraftOrder/1505299562862,#D17021,SF15022654782 - BO3,gid://shopify/DraftOrder/1527653040494,#D26252,SF15022654782 - BO3.2,,1,1,52.0,78.0,66.67,1,2,partial_instock_split,false
2026-06-09T20:42:54+00:00,gid://shopify/DraftOrder/1505300119918,#D17029,MM7738100-HURR BO - BO3,gid://shopify/DraftOrder/1527653171566,#D26253,MM7738100-HURR BO - BO3.2,,2,1,71.0,97.0,73.20,1,2,partial_instock_split,false
2026-06-09T20:43:29+00:00,gid://shopify/DraftOrder/1505300644206,#D17040,AB4047635 - BO3,gid://shopify/DraftOrder/1527653237102,#D26254,AB4047635 - BO3.2,,1,1,52.0,104.0,50.00,1,2,partial_instock_split,false
2026-06-09T20:43:59+00:00,gid://shopify/DraftOrder/1505301397870,#D17056,DE6054387 - BO3,gid://shopify/DraftOrder/1527653433710,#D26255,DE6054387 - BO3.2,,1,1,52.0,104.0,50.00,1,2,partial_instock_split,false
2026-06-09T20:44:21+00:00,gid://shopify/DraftOrder/1505301692782,#D17064,Stacys BO - BO3/ FlART/ Cloud/ Waves,gid://shopify/DraftOrder/1527653499246,#D26256,Stacys BO - BO3/ FlART/ Cloud/ Waves-BO,,1,3,156.0,1122.0,13.90,0,1,partial_instock_split,false
2026-06-09T20:44:38+00:00,gid://shopify/DraftOrder/1505301987694,#D17071,JG7371755 - BO3,gid://shopify/DraftOrder/1527653564782,#D26257,JG7371755 - BO3.2,,1,1,78.0,156.0,50.00,1,2,partial_instock_split,false
2026-06-09T20:44:55+00:00,gid://shopify/DraftOrder/1505302348142,#D17076,RebeccaCOllection BO - BO3,gid://shopify/DraftOrder/1527653597550,#D26258,RebeccaCOllection BO - BO3.2,,1,2,52.0,156.0,33.33,1,2,partial_instock_split,false
2026-06-09T20:45:47+00:00,gid://shopify/DraftOrder/1505303462254,#D17099,12926DE - BO3,gid://shopify/DraftOrder/1527653794158,#D26259,12926DE - BO3.2,,2,1,71.0,97.0,73.20,1,2,partial_instock_split,false
2026-06-09T20:46:31+00:00,gid://shopify/DraftOrder/1505304281454,#D17117,BW012126 - BO3,gid://shopify/DraftOrder/1527653859694,#D26260,BW012126 - BO3.2,,1,1,52.0,78.0,66.67,1,2,partial_instock_split,false
2026-06-09T20:47:27+00:00,gid://shopify/DraftOrder/1505305133422,#D17138,LL020226-SB- BO3,gid://shopify/DraftOrder/1527654154606,#D26261,LL020226-SB- BO3.2,,1,2,52.0,156.0,33.33,1,2,partial_instock_split,false
2026-06-09T20:49:31+00:00,gid://shopify/DraftOrder/1505307066734,#D17180,GP3208033 - BO3,gid://shopify/DraftOrder/1527654908270,#D26262,GP3208033 - BO3.2,,1,1,52.0,104.0,50.00,1,2,partial_instock_split,false
2026-06-09T20:50:00+00:00,gid://shopify/DraftOrder/1505307394414,#D17186,LL012826CY - BO3,gid://shopify/DraftOrder/1527655203182,#D26263,LL012826CY - BO3.2,,1,1,52.0,104.0,50.00,1,2,partial_instock_split,false
2026-06-09T20:51:02+00:00,gid://shopify/DraftOrder/1505308082542,#D17202,LL012826-SB - BO3,gid://shopify/DraftOrder/1527655399790,#D26264,LL012826-SB - BO3.2,,1,1,78.0,156.0,50.00,1,2,partial_instock_split,false
2026-06-09T20:52:09+00:00,gid://shopify/DraftOrder/1505309491566,#D17235,LS21150-BO3,gid://shopify/DraftOrder/1527655498094,#D26265,LS21150-BO3.2,,2,3,97.0,227.0,42.73,1,2,partial_instock_split,false
2026-06-09T20:53:14+00:00,gid://shopify/DraftOrder/1505310474606,#D17262,1506 - BO3,gid://shopify/DraftOrder/1527655629166,#D26266,1506 - BO3.2,,1,1,52.0,78.0,66.67,1,2,partial_instock_split,false
2026-06-09T20:53:30+00:00,gid://shopify/DraftOrder/1505310671214,#D17268,KH3268994 - BO3,gid://shopify/DraftOrder/1527655661934,#D26267,KH3268994 - BO3.2,,1,1,52.0,78.0,66.67,1,2,partial_instock_split,false
2026-06-09T20:53:52+00:00,gid://shopify/DraftOrder/1505382793582,#D17299,MM7148432 - BO3,gid://shopify/DraftOrder/1527655924078,#D26272,MM7148432 - BO3.2,,1,1,52.0,104.0,50.00,1,2,partial_instock_split,false
2026-06-09T20:54:09+00:00,gid://shopify/DraftOrder/1505490076014,#D17334,LIFE326 - BO3,gid://shopify/DraftOrder/1527656087918,#D26276,LIFE326 - BO3.2,,1,3,130.0,364.0,35.71,1,2,partial_instock_split,false
2026-06-09T20:54:54+00:00,gid://shopify/DraftOrder/1505494597998,#D17365,SB2705884-D - BO3,gid://shopify/DraftOrder/1527656448366,#D26285,SB2705884-D - BO3.2,,1,3,52.0,130.0,40.00,1,2,partial_instock_split,false
2026-06-09T20:55:12+00:00,gid://shopify/DraftOrder/1505494761838,#D17368,SB2705884 - BO3,gid://shopify/DraftOrder/1527656513902,#D26286,SB2705884 - BO3.2,,1,3,52.0,130.0,40.00,1,2,partial_instock_split,false
2026-06-09T20:55:35+00:00,gid://shopify/DraftOrder/1505495023982,#D17376,EBS26112TCC BO - BO3,gid://shopify/DraftOrder/1527656546670,#D26287,EBS26112TCC BO - BO3.2,,1,3,52.0,130.0,40.00,1,2,partial_instock_split,false
2026-06-09T20:56:25+00:00,gid://shopify/DraftOrder/1505495777646,#D17393,440lfn03092026,gid://shopify/DraftOrder/1527656677742,#D26288,440lfn03092026-BO,,1,3,52.0,130.0,40.00,0,1,partial_instock_split,false
2026-06-09T20:56:42+00:00,gid://shopify/DraftOrder/1505495941486,#D17396,SB7397807 - BO3,gid://shopify/DraftOrder/1527656710510,#D26289,SB7397807 - BO3.2,,1,3,52.0,130.0,40.00,1,2,partial_instock_split,false
2026-06-09T21:01:57+00:00,gid://shopify/DraftOrder/1505515766126,#D17529,AB3405660 - BO3,gid://shopify/DraftOrder/1527658348910,#D26291,AB3405660 - BO3.2,,1,1,52.0,104.0,50.00,1,2,partial_instock_split,false
2026-06-09T21:03:46+00:00,gid://shopify/DraftOrder/1505623048558,#D17606,SB9185884 - BO3,gid://shopify/DraftOrder/1527658643822,#D26292,SB9185884 - BO3.2,,2,2,71.0,123.0,57.72,1,2,partial_instock_split,false
2026-06-09T21:04:31+00:00,gid://shopify/DraftOrder/1505681113454,#D17634,NK5950784 BO - BO3,gid://shopify/DraftOrder/1527658873198,#D26293,NK5950784 BO - BO3.2,,1,1,52.0,104.0,50.00,1,2,partial_instock_split,false
2026-06-09T21:05:38+00:00,gid://shopify/DraftOrder/1505755234670,#D17671,SB7397807-D - BO3,gid://shopify/DraftOrder/1527659331950,#D26294,SB7397807-D - BO3.2,,1,3,52.0,130.0,40.00,1,2,partial_instock_split,false
2026-06-09T21:05:55+00:00,gid://shopify/DraftOrder/1505767096686,#D17675,VF-1369518 - BO3,gid://shopify/DraftOrder/1527659364718,#D26295,VF-1369518 - BO3.2,,1,3,104.0,260.0,40.00,1,2,partial_instock_split,false
2026-06-09T21:06:12+00:00,gid://shopify/DraftOrder/1505805566318,#D17682,UPHG31026 - BO3,gid://shopify/DraftOrder/1527659430254,#D26296,UPHG31026 - BO3.2,,1,1,52.0,104.0,50.00,1,2,partial_instock_split,false
2026-06-09T21:06:42+00:00,gid://shopify/DraftOrder/1505805795694,#D17688,JC1616118 - BO3,gid://shopify/DraftOrder/1527659626862,#D26297,JC1616118 - BO3.2,,1,3,52.0,130.0,40.00,1,2,partial_instock_split,false
2026-06-09T21:08:10+00:00,gid://shopify/DraftOrder/1506246558062,#D17914,SF2723338 - BO3,gid://shopify/DraftOrder/1527659790702,#D26298,SF2723338 - BO3.2,,1,1,52.0,104.0,50.00,1,2,partial_instock_split,false
2026-06-09T21:08:32+00:00,gid://shopify/DraftOrder/1506250391918,#D17943,jUNE fLART BO,gid://shopify/DraftOrder/1527659921774,#D26299,jUNE fLART BO.2,,1,2,52.0,156.0,33.33,1,2,partial_instock_split,false
2026-06-09T21:09:17+00:00,gid://shopify/DraftOrder/1506463121774,#D18148,HB8829515 - BO3,gid://shopify/DraftOrder/1527659987310,#D26300,HB8829515 - BO3.2,,1,3,52.0,130.0,40.00,1,2,partial_instock_split,false
2026-06-09T21:10:52+00:00,gid://shopify/DraftOrder/1506706882926,#D18317,JD1617692 - BO3,gid://shopify/DraftOrder/1527661003118,#D26301,JD1617692 - BO3.2,,2,1,71.0,97.0,73.20,1,2,partial_instock_split,false
2026-06-09T21:12:31+00:00,gid://shopify/DraftOrder/1506858828142,#D18373,7609535SRG - BO3,gid://shopify/DraftOrder/1527661560174,#D26302,7609535SRG - BO3.2,,1,3,52.0,130.0,40.00,1,2,partial_instock_split,false
2026-06-09T21:13:26+00:00,gid://shopify/DraftOrder/1507506225518,#D18511,CCHG322226 - BO3,gid://shopify/DraftOrder/1527661691246,#D26303,CCHG322226 - BO3.2,,1,1,78.0,156.0,50.00,1,2,partial_instock_split,false
2026-06-09T21:14:05+00:00,gid://shopify/DraftOrder/1507672686958,#D18557,DG1027607 - BO3,gid://shopify/DraftOrder/1527661920622,#D26304,DG1027607 - BO3.2,2026-03-24,1,3,52.0,130.0,40.00,1,2,partial_instock_split,false
2026-06-09T21:14:24+00:00,gid://shopify/DraftOrder/1507751362926,#D18591,JC9446481 - BO3,gid://shopify/DraftOrder/1527662018926,#D26305,JC9446481 - BO3.2,2026-03-24,1,3,52.0,130.0,40.00,1,2,partial_instock_split,false
2026-06-09T21:16:33+00:00,gid://shopify/DraftOrder/1508015440238,#D18673,LG010926BB - BO3,gid://shopify/DraftOrder/1527662281070,#D26306,LG010926BB - BO3.2,,1,1,52.0,104.0,50.00,1,2,partial_instock_split,false
2026-06-09T21:17:57+00:00,gid://shopify/DraftOrder/1508129440110,#D18712,AB15022672473 - BO3,gid://shopify/DraftOrder/1527662838126,#D26307,AB15022672473 - BO3.2,2026-02-15,1,1,104.0,208.0,50.00,1,2,partial_instock_split,false
2026-06-09T21:20:18+00:00,gid://shopify/DraftOrder/1508170924398,#D18819,LFN050126 BO - BO3 / MAy,gid://shopify/DraftOrder/1527663755630,#D26308,LFN050126 BO - BO3 / MAy-BO,,1,1,52.0,78.0,66.67,0,1,partial_instock_split,false
2026-06-09T21:22:27+00:00,gid://shopify/DraftOrder/1508228858222,#D18879,SB4392393 - BO3,gid://shopify/DraftOrder/1527664050542,#D26309,SB4392393 - BO3.2,2026-03-02,1,1,52.0,78.0,66.67,1,2,partial_instock_split,false
2026-06-09T21:23:33+00:00,gid://shopify/DraftOrder/1508249862510,#D18903,OSHG032526 - BO3,gid://shopify/DraftOrder/1527664345454,#D26310,OSHG032526 - BO3.2,2026-03-25,1,1,52.0,104.0,50.00,1,2,partial_instock_split,false
2026-06-09T21:27:30+00:00,gid://shopify/DraftOrder/1509126439278,#D19223,EBS26154 - BO3,gid://shopify/DraftOrder/1527665000814,#D26311,EBS26154 - BO3.2,2026-03-30,1,3,156.0,702.0,22.22,1,2,partial_instock_split,false
2026-06-09T21:31:05+00:00,gid://shopify/DraftOrder/1510004097390,#D20058,PJ6921773 - BO3,gid://shopify/DraftOrder/1527665688942,#D26312,PJ6921773 - BO3.2,2026-03-31,1,3,52.0,130.0,40.00,1,2,partial_instock_split,false
2026-06-09T21:32:30+00:00,gid://shopify/DraftOrder/1510929465710,#D20175,NRHG040426 - BO3,gid://shopify/DraftOrder/1527665852782,#D26313,NRHG040426 - BO3.2,2026-04-04,1,1,52.0,78.0,66.67,1,2,partial_instock_split,false
2026-06-09T21:33:47+00:00,gid://shopify/DraftOrder/1511360594286,#D20284,44805342 - BO3/ citrus/ fragrant,gid://shopify/DraftOrder/1527666147694,#D26314,44805342 - BO3/ citrus/ fragrant-BO,,1,1,52.0,104.0,50.00,0,1,partial_instock_split,false
2026-06-09T21:34:21+00:00,gid://shopify/DraftOrder/1511485407598,#D20342,FLHG4826 - BO3,gid://shopify/DraftOrder/1527666311534,#D26315,FLHG4826 - BO3.2,2026-04-08,1,1,52.0,104.0,50.00,1,2,partial_instock_split,false
2026-06-09T21:34:49+00:00,gid://shopify/DraftOrder/1511636435310,#D20385,3-10279 - BO3,gid://shopify/DraftOrder/1527666540910,#D26316,3-10279 - BO3.2,2026-04-09,1,1,52.0,130.0,40.00,1,2,partial_instock_split,false
2026-06-09T21:37:06+00:00,gid://shopify/DraftOrder/1512377811310,#D20537,MM2660809 - BO3,gid://shopify/DraftOrder/1527666770286,#D26317,MM2660809 - BO3.2,2026-04-12,1,1,52.0,78.0,66.67,1,2,partial_instock_split,false
2026-06-09T21:37:54+00:00,gid://shopify/DraftOrder/1513104081262,#D20926,MPHG414 - BO3,gid://shopify/DraftOrder/1527666835822,#D26318,MPHG414 - BO3.2,2026-04-14,1,1,52.0,104.0,50.00,1,2,partial_instock_split,false
2026-06-09T21:38:16+00:00,gid://shopify/DraftOrder/1513239314798,#D20951,LL041426-SB - BO3,gid://shopify/DraftOrder/1527666934126,#D26319,LL041426-SB - BO3.2,2026-04-15,1,1,52.0,104.0,50.00,1,2,partial_instock_split,false
2026-06-09T21:38:34+00:00,gid://shopify/DraftOrder/1513239740782,#D20957,16397-K - BO3,gid://shopify/DraftOrder/1527666966894,#D26320,16397-K - BO3.2,2026-04-15,1,1,52.0,104.0,50.00,1,2,partial_instock_split,false
2026-06-09T21:38:50+00:00,gid://shopify/DraftOrder/1513240068462,#D20962,16232-CF - BO3,gid://shopify/DraftOrder/1527667032430,#D26321,16232-CF - BO3.2,2026-04-15,1,2,104.0,208.0,50.00,1,2,partial_instock_split,false
2026-06-09T21:43:07+00:00,gid://shopify/DraftOrder/1515397513582,#D22349,AB2831364 - BO3,gid://shopify/DraftOrder/1527667622254,#D26322,AB2831364 - BO3.2,2026-04-15,1,1,52.0,78.0,66.67,1,2,partial_instock_split,false
2026-06-09T21:45:33+00:00,gid://shopify/DraftOrder/1516396216686,#D22582,VB1691134 - BO3,gid://shopify/DraftOrder/1527668212078,#D26323,VB1691134 - BO3.2,2026-04-24,1,2,52.0,156.0,33.33,1,2,partial_instock_split,false
2026-06-09T21:46:02+00:00,gid://shopify/DraftOrder/1516452020590,#D22600,VB1600737 - BO3,gid://shopify/DraftOrder/1527668277614,#D26324,VB1600737 - BO3.2,2026-04-22,1,2,52.0,156.0,33.33,1,2,partial_instock_split,false
2026-06-09T21:46:50+00:00,gid://shopify/DraftOrder/1516941312366,#D22638,HT042726 - BO3,gid://shopify/DraftOrder/1527668441454,#D26325,HT042726 - BO3.2,2026-04-27,1,2,52.0,156.0,33.33,1,2,partial_instock_split,false
2026-06-09T21:47:57+00:00,gid://shopify/DraftOrder/1517383909742,#D22820,BW6728 - BO3,gid://shopify/DraftOrder/1527668638062,#D26326,BW6728 - BO3.2,2026-04-23,1,2,52.0,156.0,33.33,1,2,partial_instock_split,false
2026-06-09T22:14:25+00:00,gid://shopify/DraftOrder/1524701004142,#D25383,AB1667004 - BO1,gid://shopify/DraftOrder/1527673028974,#D26327,AB1667004 - BO1.2,2026-05-28,1,1,52.0,78.0,66.67,1,2,partial_instock_split,false
2026-06-09T22:23:31+00:00,gid://shopify/DraftOrder/1525848736110,#D25716,AH052926 - BO1,gid://shopify/DraftOrder/1527674372462,#D26332,AH052926 - BO1.2,2026-05-29,1,2,52.0,156.0,33.33,1,2,partial_instock_split,false
2026-06-09T22:28:39+00:00,gid://shopify/DraftOrder/1526942007662,#D25957,LFL-060726-ASTRA - BO1,gid://shopify/DraftOrder/1527674962286,#D26333,LFL-060726-ASTRA - BO1.2,2026-06-07,1,4,78.0,390.0,20.00,1,2,partial_instock_split,false
2026-06-09T22:28:56+00:00,gid://shopify/DraftOrder/1526958915950,#D25968,TK7757726 - BO1,gid://shopify/DraftOrder/1527675027822,#D26334,TK7757726 - BO1.2,2026-06-07,1,1,52.0,104.0,50.00,1,2,partial_instock_split,false
2026-06-09T22:31:32+00:00,gid://shopify/DraftOrder/1527427596654,#D26077,SH3624552,gid://shopify/DraftOrder/1527675224430,#D26335,SH3624552-BO,2026-06-08,14,1,464.0,464.0,100.00,0,1,partial_instock_split,false
2026-06-09T22:31:51+00:00,gid://shopify/DraftOrder/1527583015278,#D26092,DG9596695 BO,gid://shopify/DraftOrder/1527675355502,#D26336,DG9596695 BO.2,,1,3,78.0,208.0,37.50,1,2,partial_instock_split,false
2026-06-09T22:32:04+00:00,gid://shopify/DraftOrder/1527591043438,#D26095,DG9596695  BO - BO3,gid://shopify/DraftOrder/1527675421038,#D26337,DG9596695  BO - BO3.2,,1,4,52.0,208.0,25.00,1,2,partial_instock_split,false
2026-06-09T22:32:33+00:00,gid://shopify/DraftOrder/1527591371118,#D26099,DG4680599  BO - BO3,gid://shopify/DraftOrder/1527675486574,#D26338,DG4680599  BO - BO3.2,,1,5,52.0,234.0,22.22,1,2,partial_instock_split,false
2026-06-09T22:33:02+00:00,gid://shopify/DraftOrder/1527591633262,#D26103,JC9052009 - BO1,gid://shopify/DraftOrder/1527675617646,#D26339,JC9052009 - BO1.2,2026-06-08,1,1,130.0,364.0,35.71,1,2,partial_instock_split,false
2026-06-09T22:33:33+00:00,gid://shopify/DraftOrder/1527591895406,#D26108,LFN-Astra26 - BO1,gid://shopify/DraftOrder/1527675683182,#D26340,LFN-Astra26 - BO1.2,2026-06-06,2,2,198.0,432.0,45.83,1,2,partial_instock_split,false
2026-06-09T22:33:58+00:00,gid://shopify/DraftOrder/1527592419694,#D26114,LFN-60626-MW - BO1,gid://shopify/DraftOrder/1527675748718,#D26341,LFN-60626-MW - BO1.2,2026-06-06,2,2,105.0,157.0,66.88,1,2,partial_instock_split,false
